"AR_ID","Dam_Name","State","River","Year_Removed","esa_critical_habitat","esa_source","esa_n","species_present","species_present_source","species_n","species_present_detail","species_present_grades"
"CA-002","Minnie Reeves Dam","CA","Indian Creek","2002","Coho salmon (SONCC, derived)","derived SONCC layer; CDFW BIOS ds326 Coho Distribution, August 2025",1,"Chinook salmon; Coho salmon; Steelhead","CDFW BIOS ds326 Coho Distribution, August 2025; CDFW BIOS ds340 Winter Steelhead Distribution, June 2012; PISCES 2.0.4 extant range, Oncorhynchus_tshawytscha_SOT01",3,"Chinook salmon [range] PISCES 2.0.4 extant range, Oncorhynchus_tshawytscha_SOT01 | Coho salmon [observed] CDFW BIOS ds326 Coho Distribution, August 2025 | Steelhead [observed] CDFW BIOS ds340 Winter Steelhead Distribution, June 2012","Chinook salmon=range; Coho salmon=observed; Steelhead=observed"
"CA-005","Trout Haven Dam","CA","Monkey Creek","","Coho salmon (SONCC, derived)","derived SONCC layer; CDFW BIOS ds326 Coho Distribution, August 2025",1,"Chinook salmon; Coastal cutthroat trout; Coho salmon; Steelhead","CDFW BIOS ds326 Coho Distribution, August 2025; CDFW BIOS ds340 Winter Steelhead Distribution, June 2012; PISCES 2.0.4 extant range, Oncorhynchus_clarki_clarki_SOC01; PISCES 2.0.4 extant range, Oncorhynchus_tshawytscha_SOT03",4,"Chinook salmon [range] PISCES 2.0.4 extant range, Oncorhynchus_tshawytscha_SOT03 | Coastal cutthroat trout [range] PISCES 2.0.4 extant range, Oncorhynchus_clarki_clarki_SOC01 | Coho salmon [observed] CDFW BIOS ds326 Coho Distribution, August 2025 | Steelhead [observed] CDFW BIOS ds340 Winter Steelhead Distribution, June 2012","Chinook salmon=range; Coastal cutthroat trout=range; Coho salmon=observed; Steelhead=observed"
"CA-006","Salt Creek Dam","CA","Salt Creek","",NA,NA,0,NA,NA,0,NA,NA
"CA-007","Lower Murphy Dam","CA","Home Bay","",NA,NA,0,"Steelhead","CDFW BIOS ds340 Winter Steelhead Distribution, June 2012",1,"Steelhead [observed] CDFW BIOS ds340 Winter Steelhead Distribution, June 2012","Steelhead=observed"
"CA-008","Upper Murphy Dam","CA","Home Ranch Creek","",NA,NA,0,NA,NA,0,NA,NA
"CA-009","Russell Dam (Hinkley Dam)","CA","Hayfork Creek","1922","Coho salmon (SONCC, derived)","derived SONCC layer; CDFW BIOS ds326 Coho Distribution, August 2025",1,"Chinook salmon; Coho salmon; Pacific lamprey; Steelhead","CDFW BIOS ds326 Coho Distribution, August 2025; CDFW BIOS ds340 Winter Steelhead Distribution, June 2012; PISCES 2.0.4 extant range, Oncorhynchus_tshawytscha_SOT01; USFWS ds2673 Pacific lamprey current distribution, 2021",4,"Chinook salmon [range] PISCES 2.0.4 extant range, Oncorhynchus_tshawytscha_SOT01 | Coho salmon [observed] CDFW BIOS ds326 Coho Distribution, August 2025 | Pacific lamprey [observed] USFWS ds2673 Pacific lamprey current distribution, 2021 | Steelhead [observed] CDFW BIOS ds340 Winter Steelhead Distribution, June 2012","Chinook salmon=range; Coho salmon=observed; Pacific lamprey=observed; Steelhead=observed"
"CA-013","D.B. Fields/Johnson Dam","CA","Rice Creek","1946","Salmon, coho [Central California Coast ESU]; Steelhead [Northern California DPS]","NMFS West Coast critical habitat 20230717",2,"Coho salmon; Steelhead","CDFW BIOS ds326 Coho Distribution, August 2025; CDFW BIOS ds340 Winter Steelhead Distribution, June 2012",2,"Coho salmon [observed] CDFW BIOS ds326 Coho Distribution, August 2025 | Steelhead [observed] CDFW BIOS ds340 Winter Steelhead Distribution, June 2012","Coho salmon=observed; Steelhead=observed"
"CA-029","Sweasey Dam","CA","Mad River","1970","Coho salmon (SONCC, derived); Salmon, Chinook [California Coastal ESU]; Steelhead [Northern California DPS]","derived SONCC layer; CDFW BIOS ds326 Coho Distribution, August 2025; NMFS West Coast critical habitat 20230717",3,"Chinook salmon; Coastal cutthroat trout; Coho salmon; Pacific lamprey; Steelhead","CDFW BIOS ds326 Coho Distribution, August 2025; CDFW BIOS ds340 Winter Steelhead Distribution, June 2012; NOAA ds981 California Coastal Chinook distribution, 2005; PISCES 2.0.4 extant range, Oncorhynchus_clarki_clarki_SOC01; USFWS ds2673 Pacific lamprey current distribution, 2021",5,"Chinook salmon [observed] NOAA ds981 California Coastal Chinook distribution, 2005 | Coastal cutthroat trout [range] PISCES 2.0.4 extant range, Oncorhynchus_clarki_clarki_SOC01 | Coho salmon [observed] CDFW BIOS ds326 Coho Distribution, August 2025 | Pacific lamprey [observed] USFWS ds2673 Pacific lamprey current distribution, 2021 | Steelhead [observed] CDFW BIOS ds340 Winter Steelhead Distribution, June 2012","Chinook salmon=observed; Coastal cutthroat trout=range; Coho salmon=observed; Pacific lamprey=observed; Steelhead=observed"
"CA-030","Bear Valley Dam","CA","","1982",NA,NA,0,NA,NA,0,NA,NA
"CA-031","Rogers Dam","CA","Tributary to Olema Creek","1983",NA,NA,0,NA,NA,0,NA,NA
"CA-033","Upper Dam (Lost Man Dam)","CA","Lost Man Creek","1989","Coho salmon (SONCC, derived); Salmon, Chinook [California Coastal ESU]; Steelhead [Northern California DPS]","derived SONCC layer; CDFW BIOS ds326 Coho Distribution, August 2025; NMFS West Coast critical habitat 20230717",3,"Chinook salmon; Coastal cutthroat trout; Coho salmon; Steelhead; Western river lamprey","CDFW BIOS ds326 Coho Distribution, August 2025; CDFW BIOS ds340 Winter Steelhead Distribution, June 2012; NOAA ds981 California Coastal Chinook distribution, 2005; PISCES 2.0.4 extant range, Lampetra_ayersi_PLA01; PISCES 2.0.4 extant range, Oncorhynchus_clarki_clarki_SOC01",5,"Chinook salmon [observed] NOAA ds981 California Coastal Chinook distribution, 2005 | Coastal cutthroat trout [range] PISCES 2.0.4 extant range, Oncorhynchus_clarki_clarki_SOC01 | Coho salmon [observed] CDFW BIOS ds326 Coho Distribution, August 2025 | Steelhead [observed] CDFW BIOS ds340 Winter Steelhead Distribution, June 2012 | Western river lamprey [range] PISCES 2.0.4 extant range, Lampetra_ayersi_PLA01","Chinook salmon=observed; Coastal cutthroat trout=range; Coho salmon=observed; Steelhead=observed; Western river lamprey=range"
"CA-038","Lake Christopher Dam","CA","Cold Creek","1994",NA,NA,0,"Mountain whitefish","PISCES 2.0.4 extant range, Prosopium_williamsoni_SPW01",1,"Mountain whitefish [range] PISCES 2.0.4 extant range, Prosopium_williamsoni_SPW01","Mountain whitefish=range"
"CA-039","McPherrin Dam","CA","Butte Creek","1998","Salmon, Chinook [Central Valley spring-run ESU]; Steelhead [California Central Valley DPS]","NMFS West Coast critical habitat 20230717",2,"Chinook salmon; Pacific lamprey; Steelhead; Western river lamprey","CDFW BIOS ds340 Winter Steelhead Distribution, June 2012; NOAA ds982 Central Valley spring-run Chinook distribution, 2005; PISCES 2.0.4 extant range, Lampetra_ayersi_PLA01; PISCES 2.0.4 extant range, Oncorhynchus_tshawytscha_SOT07; USFWS ds2673 Pacific lamprey current distribution, 2021",4,"Chinook salmon [observed] NOAA ds982 Central Valley spring-run Chinook distribution, 2005 | Pacific lamprey [observed] USFWS ds2673 Pacific lamprey current distribution, 2021 | Steelhead [observed] CDFW BIOS ds340 Winter Steelhead Distribution, June 2012 | Western river lamprey [range] PISCES 2.0.4 extant range, Lampetra_ayersi_PLA01","Chinook salmon=observed; Pacific lamprey=observed; Steelhead=observed; Western river lamprey=range"
"CA-042","Unnamed Small Dam #1","CA","Guadalupe River","1998","Steelhead [Central California Coast DPS]","NMFS West Coast critical habitat 20230717",1,"Pacific lamprey; Steelhead","CDFW BIOS ds340 Winter Steelhead Distribution, June 2012; USFWS ds2673 Pacific lamprey current distribution, 2021",2,"Pacific lamprey [observed] USFWS ds2673 Pacific lamprey current distribution, 2021 | Steelhead [observed] CDFW BIOS ds340 Winter Steelhead Distribution, June 2012","Pacific lamprey=observed; Steelhead=observed"
"CA-043","Unnamed Small Dam #2","CA","Guadalupe River","1998","Steelhead [Central California Coast DPS]","NMFS West Coast critical habitat 20230717",1,"Pacific lamprey; Steelhead","CDFW BIOS ds340 Winter Steelhead Distribution, June 2012; USFWS ds2673 Pacific lamprey current distribution, 2021",2,"Pacific lamprey [observed] USFWS ds2673 Pacific lamprey current distribution, 2021 | Steelhead [observed] CDFW BIOS ds340 Winter Steelhead Distribution, June 2012","Pacific lamprey=observed; Steelhead=observed"
"CA-044","McCormick-Saeltzer Dam","CA","Clear Creek","2000","Salmon, Chinook [Central Valley spring-run ESU]; Steelhead [California Central Valley DPS]","NMFS West Coast critical habitat 20230717",2,"Chinook salmon; Pacific lamprey; Steelhead","CDFW BIOS ds340 Winter Steelhead Distribution, June 2012; NOAA ds982 Central Valley spring-run Chinook distribution, 2005; PISCES 2.0.4 extant range, Oncorhynchus_tshawytscha_SOT07; USFWS ds2673 Pacific lamprey current distribution, 2021",3,"Chinook salmon [observed] NOAA ds982 Central Valley spring-run Chinook distribution, 2005 | Pacific lamprey [observed] USFWS ds2673 Pacific lamprey current distribution, 2021 | Steelhead [observed] CDFW BIOS ds340 Winter Steelhead Distribution, June 2012","Chinook salmon=observed; Pacific lamprey=observed; Steelhead=observed"
"CA-045","Swim Dam #1","CA","Alameda Creek","2001",NA,NA,0,"Pacific lamprey; Steelhead","CDFW BIOS ds340 Winter Steelhead Distribution, June 2012; USFWS ds2673 Pacific lamprey current distribution, 2021",2,"Pacific lamprey [observed] USFWS ds2673 Pacific lamprey current distribution, 2021 | Steelhead [observed] CDFW BIOS ds340 Winter Steelhead Distribution, June 2012","Pacific lamprey=observed; Steelhead=observed"
"CA-046","Swim Dam #2","CA","Alameda Creek","2001",NA,NA,0,"Pacific lamprey; Steelhead","CDFW BIOS ds340 Winter Steelhead Distribution, June 2012; USFWS ds2673 Pacific lamprey current distribution, 2021",2,"Pacific lamprey [observed] USFWS ds2673 Pacific lamprey current distribution, 2021 | Steelhead [observed] CDFW BIOS ds340 Winter Steelhead Distribution, June 2012","Pacific lamprey=observed; Steelhead=observed"
"CA-047","Crocker Creek Dam","CA","Crocker Creek","2002","Steelhead [Central California Coast DPS]","NMFS West Coast critical habitat 20230717",1,"Steelhead","CDFW BIOS ds340 Winter Steelhead Distribution, June 2012",1,"Steelhead [observed] CDFW BIOS ds340 Winter Steelhead Distribution, June 2012","Steelhead=observed"
"CA-049","Unnamed Arizona Crossing","CA","Solstice Creek","2002",NA,NA,0,NA,NA,0,NA,NA
"CA-051","Trancas Debris Dam","CA","Unnamed Trib. to the Trancas Canyon","2002",NA,NA,0,NA,NA,0,NA,NA
"CA-052","A-Frame Dam","CA","Brandy Creek","2003",NA,NA,0,NA,NA,0,NA,NA
"CA-053","East Panther Creek Dam","CA","East Panther Creek","2016",NA,NA,0,NA,NA,0,NA,NA
"CA-054","Cascade Diversion Dam","CA","Merced River","2003",NA,NA,0,NA,NA,0,NA,NA
"CA-055","Murphy Creek Dam (Sparrow Dam)","CA","Murphy Creek","2003","Steelhead [California Central Valley DPS]","NMFS West Coast critical habitat 20230717",1,"Chinook salmon; Steelhead","CDFW BIOS ds340 Winter Steelhead Distribution, June 2012; PISCES 2.0.4 extant range, Oncorhynchus_tshawytscha_SOT07",2,"Chinook salmon [range] PISCES 2.0.4 extant range, Oncorhynchus_tshawytscha_SOT07 | Steelhead [observed] CDFW BIOS ds340 Winter Steelhead Distribution, June 2012","Chinook salmon=range; Steelhead=observed"
"CA-056","Mumford Dam","CA","Russian River (West Fork)","2003","Salmon, Chinook [California Coastal ESU]; Steelhead [Central California Coast DPS]","NMFS West Coast critical habitat 20230717",2,"Chinook salmon; Steelhead","CDFW BIOS ds340 Winter Steelhead Distribution, June 2012; NOAA ds981 California Coastal Chinook distribution, 2005",2,"Chinook salmon [observed] NOAA ds981 California Coastal Chinook distribution, 2005 | Steelhead [observed] CDFW BIOS ds340 Winter Steelhead Distribution, June 2012","Chinook salmon=observed; Steelhead=observed"
"CA-057","Haypress Pond Dam","CA","Unnamed Tributary","2003",NA,NA,0,"Western river lamprey; White sturgeon","PISCES 2.0.4 extant range, Acipenser_transmontanus_AAT01; PISCES 2.0.4 extant range, Lampetra_ayersi_PLA01",2,"Western river lamprey [range] PISCES 2.0.4 extant range, Lampetra_ayersi_PLA01 | White sturgeon [range] PISCES 2.0.4 extant range, Acipenser_transmontanus_AAT01","Western river lamprey=range; White sturgeon=range"
"CA-058","West Panther Creek Dam","CA","West Panther Creek","2003",NA,NA,0,NA,NA,0,NA,NA
"CA-059","York Creek Diversion Structure","CA","York Creek","2004","Steelhead [Central California Coast DPS]","NMFS West Coast critical habitat 20230717",1,"Steelhead","CDFW BIOS ds340 Winter Steelhead Distribution, June 2012",1,"Steelhead [observed] CDFW BIOS ds340 Winter Steelhead Distribution, June 2012","Steelhead=observed"
"CA-060","Niles Dam","CA","Alameda Creek","2006",NA,NA,0,"Pacific lamprey; Steelhead; Western river lamprey","CDFW BIOS ds340 Winter Steelhead Distribution, June 2012; PISCES 2.0.4 extant range, Lampetra_ayersi_PLA01; USFWS ds2673 Pacific lamprey current distribution, 2021",3,"Pacific lamprey [observed] USFWS ds2673 Pacific lamprey current distribution, 2021 | Steelhead [observed] CDFW BIOS ds340 Winter Steelhead Distribution, June 2012 | Western river lamprey [range] PISCES 2.0.4 extant range, Lampetra_ayersi_PLA01","Pacific lamprey=observed; Steelhead=observed; Western river lamprey=range"
"CA-061","Sunol Dam","CA","Alameda Creek","2006",NA,NA,0,"Pacific lamprey; Steelhead; Western river lamprey","CDFW BIOS ds340 Winter Steelhead Distribution, June 2012; PISCES 2.0.4 extant range, Lampetra_ayersi_PLA01; USFWS ds2673 Pacific lamprey current distribution, 2021",3,"Pacific lamprey [observed] USFWS ds2673 Pacific lamprey current distribution, 2021 | Steelhead [observed] CDFW BIOS ds340 Winter Steelhead Distribution, June 2012 | Western river lamprey [range] PISCES 2.0.4 extant range, Lampetra_ayersi_PLA01","Pacific lamprey=observed; Steelhead=observed; Western river lamprey=range"
"CA-062","Horse Creek Dam","CA","Horse Creek","2006","Steelhead [Southern California DPS]","NMFS West Coast critical habitat 20230717",1,"Steelhead","CDFW BIOS ds340 Winter Steelhead Distribution, June 2012",1,"Steelhead [observed] CDFW BIOS ds340 Winter Steelhead Distribution, June 2012","Steelhead=observed"
"CA-063","Tucker Road Ford","CA","Soquel Creek","2006","Steelhead [Central California Coast DPS]","NMFS West Coast critical habitat 20230717",1,"Steelhead","CDFW BIOS ds340 Winter Steelhead Distribution, June 2012",1,"Steelhead [observed] CDFW BIOS ds340 Winter Steelhead Distribution, June 2012","Steelhead=observed"
"CA-064","Unnamed Dam","CA","Ward Creek","2006",NA,NA,0,"Mountain whitefish","PISCES 2.0.4 extant range, Prosopium_williamsoni_SPW01",1,"Mountain whitefish [range] PISCES 2.0.4 extant range, Prosopium_williamsoni_SPW01","Mountain whitefish=range"
"CA-065","Araujo Dam","CA","Shasta River","2007","Coho salmon (SONCC, derived)","derived SONCC layer; CDFW BIOS ds326 Coho Distribution, August 2025",1,"Chinook salmon; Coho salmon; Pacific lamprey; Steelhead","CDFW BIOS ds326 Coho Distribution, August 2025; CDFW BIOS ds340 Winter Steelhead Distribution, June 2012; PISCES 2.0.4 extant range, Oncorhynchus_tshawytscha_SOT01; USFWS ds2673 Pacific lamprey current distribution, 2021",4,"Chinook salmon [range] PISCES 2.0.4 extant range, Oncorhynchus_tshawytscha_SOT01 | Coho salmon [observed] CDFW BIOS ds326 Coho Distribution, August 2025 | Pacific lamprey [observed] USFWS ds2673 Pacific lamprey current distribution, 2021 | Steelhead [observed] CDFW BIOS ds340 Winter Steelhead Distribution, June 2012","Chinook salmon=range; Coho salmon=observed; Pacific lamprey=observed; Steelhead=observed"
"CA-066","Rooney Bros Dam","CA","Consumnes River","2008",NA,NA,0,"Chinook salmon; Pacific lamprey; Steelhead","CDFW BIOS ds340 Winter Steelhead Distribution, June 2012; PISCES 2.0.4 extant range, Oncorhynchus_tshawytscha_SOT07; USFWS ds2673 Pacific lamprey current distribution, 2021",3,"Chinook salmon [range] PISCES 2.0.4 extant range, Oncorhynchus_tshawytscha_SOT07 | Pacific lamprey [observed] USFWS ds2673 Pacific lamprey current distribution, 2021 | Steelhead [observed] CDFW BIOS ds340 Winter Steelhead Distribution, June 2012","Chinook salmon=range; Pacific lamprey=observed; Steelhead=observed"
"CA-067","Hall Wines Dam (Dry Creek Dam)","CA","Dry Creek","2008","Steelhead [Central California Coast DPS]","NMFS West Coast critical habitat 20230717",1,"Steelhead","CDFW BIOS ds340 Winter Steelhead Distribution, June 2012",1,"Steelhead [observed] CDFW BIOS ds340 Winter Steelhead Distribution, June 2012","Steelhead=observed"
"CA-068","East Mill Creek Dam","CA","East Mill Creek","2008","Steelhead [Northern California DPS]","NMFS West Coast critical habitat 20230717",1,"Steelhead; Western river lamprey","CDFW BIOS ds340 Winter Steelhead Distribution, June 2012; PISCES 2.0.4 extant range, Lampetra_ayersi_PLA01",2,"Steelhead [observed] CDFW BIOS ds340 Winter Steelhead Distribution, June 2012 | Western river lamprey [range] PISCES 2.0.4 extant range, Lampetra_ayersi_PLA01","Steelhead=observed; Western river lamprey=range"
"CA-069","White Gulch Dam #1 (Whites Gulch Lower Dam)","CA","Whites Gulch, Tributary to the Salmon River","2008",NA,NA,0,"Chinook salmon; Steelhead","CDFW BIOS ds340 Winter Steelhead Distribution, June 2012; PISCES 2.0.4 extant range, Oncorhynchus_tshawytscha_SOT01",2,"Chinook salmon [range] PISCES 2.0.4 extant range, Oncorhynchus_tshawytscha_SOT01 | Steelhead [observed] CDFW BIOS ds340 Winter Steelhead Distribution, June 2012","Chinook salmon=range; Steelhead=observed"
"CA-070","Wildcat Dam","CA","Battle Creek","2009","Salmon, Chinook [Central Valley spring-run ESU]; Steelhead [California Central Valley DPS]","NMFS West Coast critical habitat 20230717",2,"Chinook salmon; Pacific lamprey; Steelhead","CDFW BIOS ds340 Winter Steelhead Distribution, June 2012; NOAA ds982 Central Valley spring-run Chinook distribution, 2005; USFWS ds2673 Pacific lamprey current distribution, 2021",3,"Chinook salmon [observed] NOAA ds982 Central Valley spring-run Chinook distribution, 2005 | Pacific lamprey [observed] USFWS ds2673 Pacific lamprey current distribution, 2021 | Steelhead [observed] CDFW BIOS ds340 Winter Steelhead Distribution, June 2012","Chinook salmon=observed; Pacific lamprey=observed; Steelhead=observed"
"CA-071","Percolation Dam","CA","Putah Creek","2009",NA,NA,0,"Chinook salmon; Green sturgeon; Pacific lamprey; Steelhead; Western river lamprey","CDFW BIOS ds340 Winter Steelhead Distribution, June 2012; PISCES 2.0.4 extant range, Acipenser_medirostris_AAM02; PISCES 2.0.4 extant range, Lampetra_ayersi_PLA01; PISCES 2.0.4 extant range, Oncorhynchus_tshawytscha_SOT07; USFWS ds2673 Pacific lamprey current distribution, 2021",5,"Chinook salmon [range] PISCES 2.0.4 extant range, Oncorhynchus_tshawytscha_SOT07 | Green sturgeon [range] PISCES 2.0.4 extant range, Acipenser_medirostris_AAM02 | Pacific lamprey [observed] USFWS ds2673 Pacific lamprey current distribution, 2021 | Steelhead [observed] CDFW BIOS ds340 Winter Steelhead Distribution, June 2012 | Western river lamprey [range] PISCES 2.0.4 extant range, Lampetra_ayersi_PLA01","Chinook salmon=range; Green sturgeon=range; Pacific lamprey=observed; Steelhead=observed; Western river lamprey=range"
"CA-072","Shasta River Water Association Diversion Dam","CA","Nelson Creek","2009",NA,NA,0,NA,NA,0,NA,NA
"CA-073","Camp Meeker Dam","CA","Dutch Bill Creek","2009","Salmon, coho [Central California Coast ESU]; Steelhead [Central California Coast DPS]","NMFS West Coast critical habitat 20230717",2,"Coho salmon; Steelhead; White sturgeon","CDFW BIOS ds326 Coho Distribution, August 2025; CDFW BIOS ds340 Winter Steelhead Distribution, June 2012; PISCES 2.0.4 extant range, Acipenser_transmontanus_AAT01",3,"Coho salmon [observed] CDFW BIOS ds326 Coho Distribution, August 2025 | Steelhead [observed] CDFW BIOS ds340 Winter Steelhead Distribution, June 2012 | White sturgeon [range] PISCES 2.0.4 extant range, Acipenser_transmontanus_AAT01","Coho salmon=observed; Steelhead=observed; White sturgeon=range"
"CA-074","Waterman Dam","CA","Waterman Creek","2009","Steelhead [Central California Coast DPS]","NMFS West Coast critical habitat 20230717",1,"Steelhead","CDFW BIOS ds340 Winter Steelhead Distribution, June 2012",1,"Steelhead [observed] CDFW BIOS ds340 Winter Steelhead Distribution, June 2012","Steelhead=observed"
"CA-075","Glenbrook Gulch Dam","CA","Glenbrook Gulch (Albion River)","2010","Salmon, coho [Central California Coast ESU]","NMFS West Coast critical habitat 20230717",1,"Coho salmon; Western river lamprey","CDFW BIOS ds326 Coho Distribution, August 2025; PISCES 2.0.4 extant range, Lampetra_ayersi_PLA01",2,"Coho salmon [observed] CDFW BIOS ds326 Coho Distribution, August 2025 | Western river lamprey [range] PISCES 2.0.4 extant range, Lampetra_ayersi_PLA01","Coho salmon=observed; Western river lamprey=range"
"CA-076","Fife Creek Check Dam ","CA","Fife Creek","2010","Salmon, coho [Central California Coast ESU]; Steelhead [Central California Coast DPS]","NMFS West Coast critical habitat 20230717",2,"Steelhead; White sturgeon","CDFW BIOS ds340 Winter Steelhead Distribution, June 2012; PISCES 2.0.4 extant range, Acipenser_transmontanus_AAT01",2,"Steelhead [observed] CDFW BIOS ds340 Winter Steelhead Distribution, June 2012 | White sturgeon [range] PISCES 2.0.4 extant range, Acipenser_transmontanus_AAT01","Steelhead=observed; White sturgeon=range"
"CA-077","Ojai Valley Trail Ford","CA","San Antonio Creek","2011","Steelhead [Southern California DPS]","NMFS West Coast critical habitat 20230717",1,"Pacific lamprey; Steelhead","CDFW BIOS ds340 Winter Steelhead Distribution, June 2012; USFWS ds2673 Pacific lamprey current distribution, 2021",2,"Pacific lamprey [observed] USFWS ds2673 Pacific lamprey current distribution, 2021 | Steelhead [observed] CDFW BIOS ds340 Winter Steelhead Distribution, June 2012","Pacific lamprey=observed; Steelhead=observed"
"CA-078","Camp Nine Dam","CA","Stanislaus River","2012",NA,NA,0,NA,NA,0,NA,NA
"CA-079","Hostler Creek Dam ","CA","Hostler Creek","2012",NA,NA,0,"Chinook salmon; Green sturgeon; White sturgeon","PISCES 2.0.4 extant range, Acipenser_medirostris_AAM01; PISCES 2.0.4 extant range, Acipenser_transmontanus_AAT01; PISCES 2.0.4 extant range, Oncorhynchus_tshawytscha_SOT01",3,"Chinook salmon [range] PISCES 2.0.4 extant range, Oncorhynchus_tshawytscha_SOT01 | Green sturgeon [range] PISCES 2.0.4 extant range, Acipenser_medirostris_AAM01 | White sturgeon [range] PISCES 2.0.4 extant range, Acipenser_transmontanus_AAT01","Chinook salmon=range; Green sturgeon=range; White sturgeon=range"
"CA-080","Bear Creek Dam #3","CA","Bear Creek (San Francisquito Creek)","2012","Steelhead [Central California Coast DPS]","NMFS West Coast critical habitat 20230717",1,"Steelhead","CDFW BIOS ds340 Winter Steelhead Distribution, June 2012",1,"Steelhead [observed] CDFW BIOS ds340 Winter Steelhead Distribution, June 2012","Steelhead=observed"
"CA-081","Cahill Dam","CA","Branciforte Creek","2013","Salmon, coho [Central California Coast ESU]; Steelhead [Central California Coast DPS]","NMFS West Coast critical habitat 20230717",2,"Steelhead","CDFW BIOS ds340 Winter Steelhead Distribution, June 2012",1,"Steelhead [observed] CDFW BIOS ds340 Winter Steelhead Distribution, June 2012","Steelhead=observed"
"CA-082","Bonde Weir","CA","San Francisquito Creek","2013","Steelhead [Central California Coast DPS]","NMFS West Coast critical habitat 20230717",1,"Green sturgeon; Pacific lamprey; Steelhead","CDFW BIOS ds340 Winter Steelhead Distribution, June 2012; PISCES 2.0.4 extant range, Acipenser_medirostris_AAM02; USFWS ds2673 Pacific lamprey current distribution, 2021",3,"Green sturgeon [range] PISCES 2.0.4 extant range, Acipenser_medirostris_AAM02 | Pacific lamprey [observed] USFWS ds2673 Pacific lamprey current distribution, 2021 | Steelhead [observed] CDFW BIOS ds340 Winter Steelhead Distribution, June 2012","Green sturgeon=range; Pacific lamprey=observed; Steelhead=observed"
"CA-083","Hammer Diversion Dam","CA","South Fork Cottonwood Creek","2014","Steelhead [California Central Valley DPS]","NMFS West Coast critical habitat 20230717",1,"Chinook salmon; Pacific lamprey; Steelhead","CDFW BIOS ds340 Winter Steelhead Distribution, June 2012; NOAA ds982 Central Valley spring-run Chinook distribution, 2005; USFWS ds2673 Pacific lamprey current distribution, 2021",3,"Chinook salmon [observed] NOAA ds982 Central Valley spring-run Chinook distribution, 2005 | Pacific lamprey [observed] USFWS ds2673 Pacific lamprey current distribution, 2021 | Steelhead [observed] CDFW BIOS ds340 Winter Steelhead Distribution, June 2012","Chinook salmon=observed; Pacific lamprey=observed; Steelhead=observed"
"CA-084","HJFD10","CA","","2014",NA,NA,0,NA,NA,0,NA,NA
"CA-085","HJFD6","CA","","2014",NA,NA,0,NA,NA,0,NA,NA
"CA-086","HJFD7","CA","","2014",NA,NA,0,NA,NA,0,NA,NA
"CA-087","HJFD8","CA","","2014",NA,NA,0,NA,NA,0,NA,NA
"CA-088","HJFD9","CA","","2014",NA,NA,0,NA,NA,0,NA,NA
"CA-089","Lion Creek Diversion Dam","CA","Lion Creek","2014","Steelhead [Southern California DPS]","NMFS West Coast critical habitat 20230717",1,"Steelhead","CDFW BIOS ds340 Winter Steelhead Distribution, June 2012",1,"Steelhead [observed] CDFW BIOS ds340 Winter Steelhead Distribution, June 2012","Steelhead=observed"
"CA-090","TCFD10","CA","Trabuco Creek","2014",NA,NA,0,NA,NA,0,NA,NA
"CA-092","TCFD7","CA","Trabuco Creek","2014",NA,NA,0,NA,NA,0,NA,NA
"CA-093","TCFD9","CA","Trabuco Creek","2014",NA,NA,0,NA,NA,0,NA,NA
"CA-094","Unknown Dam","CA","Olds Creek","2014","Salmon, coho [Central California Coast ESU]; Steelhead [Northern California DPS]","NMFS West Coast critical habitat 20230717",2,"Coho salmon; Steelhead","CDFW BIOS ds326 Coho Distribution, August 2025; CDFW BIOS ds340 Winter Steelhead Distribution, June 2012",2,"Coho salmon [observed] CDFW BIOS ds326 Coho Distribution, August 2025 | Steelhead [observed] CDFW BIOS ds340 Winter Steelhead Distribution, June 2012","Coho salmon=observed; Steelhead=observed"
"CA-095","Whites Gulch Upper Dam","CA","Whites Gulch","2008",NA,NA,0,"Chinook salmon; Steelhead","CDFW BIOS ds340 Winter Steelhead Distribution, June 2012; PISCES 2.0.4 extant range, Oncorhynchus_tshawytscha_SOT01",2,"Chinook salmon [range] PISCES 2.0.4 extant range, Oncorhynchus_tshawytscha_SOT01 | Steelhead [observed] CDFW BIOS ds340 Winter Steelhead Distribution, June 2012","Chinook salmon=range; Steelhead=observed"
"CA-096","Memorial Park Dam","CA","Pescadero Creek","2015","Salmon, coho [Central California Coast ESU]; Steelhead [Central California Coast DPS]","NMFS West Coast critical habitat 20230717",2,"Coho salmon; Pacific lamprey; Steelhead","CDFW BIOS ds326 Coho Distribution, August 2025; CDFW BIOS ds340 Winter Steelhead Distribution, June 2012; USFWS ds2673 Pacific lamprey current distribution, 2021",3,"Coho salmon [observed] CDFW BIOS ds326 Coho Distribution, August 2025 | Pacific lamprey [observed] USFWS ds2673 Pacific lamprey current distribution, 2021 | Steelhead [observed] CDFW BIOS ds340 Winter Steelhead Distribution, June 2012","Coho salmon=observed; Pacific lamprey=observed; Steelhead=observed"
"CA-097","San Clemente Dam","CA","Carmel River","2015","Steelhead [South-Central California Coast DPS]","NMFS West Coast critical habitat 20230717",1,"Pacific lamprey; Steelhead","CDFW BIOS ds340 Winter Steelhead Distribution, June 2012; USFWS ds2673 Pacific lamprey current distribution, 2021",2,"Pacific lamprey [observed] USFWS ds2673 Pacific lamprey current distribution, 2021 | Steelhead [observed] CDFW BIOS ds340 Winter Steelhead Distribution, June 2012","Pacific lamprey=observed; Steelhead=observed"
"CA-098","Maria Ygnacio Aijian Barrier","CA","Maria Ygnacio Creek","2014","Steelhead [Southern California DPS]","NMFS West Coast critical habitat 20230717",1,"Steelhead","CDFW BIOS ds340 Winter Steelhead Distribution, June 2012",1,"Steelhead [observed] CDFW BIOS ds340 Winter Steelhead Distribution, June 2012","Steelhead=observed"
"CA-099","Rodeo Grounds Berm","CA","Topanga Creek","2008","Steelhead [Southern California DPS]; Tidewater Goby","NMFS West Coast critical habitat 20230717; USFWS critical habitat bundle 2026-08-31, FCH_Eucyclogobius_newberryi_20130206.shp",2,"Steelhead","CDFW BIOS ds340 Winter Steelhead Distribution, June 2012",1,"Steelhead [observed] CDFW BIOS ds340 Winter Steelhead Distribution, June 2012","Steelhead=observed"
"CA-100","Old Carmel River Dam","CA","Carmel River","2016","Steelhead [South-Central California Coast DPS]","NMFS West Coast critical habitat 20230717",1,"Pacific lamprey; Steelhead","CDFW BIOS ds340 Winter Steelhead Distribution, June 2012; USFWS ds2673 Pacific lamprey current distribution, 2021",2,"Pacific lamprey [observed] USFWS ds2673 Pacific lamprey current distribution, 2021 | Steelhead [observed] CDFW BIOS ds340 Winter Steelhead Distribution, June 2012","Pacific lamprey=observed; Steelhead=observed"
"CA-101","Benbow Dam","CA","South Fork Eel River","2016","Coho salmon (SONCC, derived); Salmon, Chinook [California Coastal ESU]; Steelhead [Northern California DPS]","derived SONCC layer; CDFW BIOS ds326 Coho Distribution, August 2025; NMFS West Coast critical habitat 20230717",3,"Chinook salmon; Coho salmon; Pacific lamprey; Steelhead","CDFW BIOS ds326 Coho Distribution, August 2025; CDFW BIOS ds340 Winter Steelhead Distribution, June 2012; NOAA ds981 California Coastal Chinook distribution, 2005; USFWS ds2673 Pacific lamprey current distribution, 2021",4,"Chinook salmon [observed] NOAA ds981 California Coastal Chinook distribution, 2005 | Coho salmon [observed] CDFW BIOS ds326 Coho Distribution, August 2025 | Pacific lamprey [observed] USFWS ds2673 Pacific lamprey current distribution, 2021 | Steelhead [observed] CDFW BIOS ds340 Winter Steelhead Distribution, June 2012","Chinook salmon=observed; Coho salmon=observed; Pacific lamprey=observed; Steelhead=observed"
"CA-102","Dream Lake Dam","CA","Hot Springs Creek","2011",NA,NA,0,NA,NA,0,NA,NA
"CA-103","McGowan Dam","CA","Butte Creek","1998","Salmon, Chinook [Central Valley spring-run ESU]; Steelhead [California Central Valley DPS]","NMFS West Coast critical habitat 20230717",2,"Chinook salmon; Pacific lamprey; Steelhead","CDFW BIOS ds340 Winter Steelhead Distribution, June 2012; NOAA ds982 Central Valley spring-run Chinook distribution, 2005; PISCES 2.0.4 extant range, Oncorhynchus_tshawytscha_SOT07; USFWS ds2673 Pacific lamprey current distribution, 2021",3,"Chinook salmon [observed] NOAA ds982 Central Valley spring-run Chinook distribution, 2005 | Pacific lamprey [observed] USFWS ds2673 Pacific lamprey current distribution, 2021 | Steelhead [observed] CDFW BIOS ds340 Winter Steelhead Distribution, June 2012","Chinook salmon=observed; Pacific lamprey=observed; Steelhead=observed"
"CA-104","HJFD15","CA","Holy Jim Creek","2017",NA,NA,0,NA,NA,0,NA,NA
"CA-105","HJFD16","CA","Holy Jim Creek","2017",NA,NA,0,NA,NA,0,NA,NA
"CA-106","HJFD17","CA","Holy Jim Creek","2017",NA,NA,0,NA,NA,0,NA,NA
"CA-107","HJFD18","CA","Holy Jim Creek","2017",NA,NA,0,NA,NA,0,NA,NA
"CA-108","HJFD19","CA","Holy Jim Creek","2017",NA,NA,0,NA,NA,0,NA,NA
"CA-109","Milliken Creek Dam","CA","Milliken Creek/Napa River","2017","Steelhead [Central California Coast DPS]","NMFS West Coast critical habitat 20230717",1,"Steelhead","CDFW BIOS ds340 Winter Steelhead Distribution, June 2012",1,"Steelhead [observed] CDFW BIOS ds340 Winter Steelhead Distribution, June 2012","Steelhead=observed"
"CA-110","SCFD10","CA","Silverado Creek","2017",NA,NA,0,NA,NA,0,NA,NA
"CA-111","SCFD12","CA","Silverado Creek","2017",NA,NA,0,NA,NA,0,NA,NA
"CA-112","SCFD7","CA","Silverado Creek","2017",NA,NA,0,NA,NA,0,NA,NA
"CA-113","SCFD8","CA","Silverado Creek","2017",NA,NA,0,NA,NA,0,NA,NA
"CA-114","Dennett Dam","CA","Tuolumne River","2018","Steelhead [California Central Valley DPS]","NMFS West Coast critical habitat 20230717",1,"Chinook salmon; Pacific lamprey; Steelhead; Western river lamprey","CDFW BIOS ds340 Winter Steelhead Distribution, June 2012; PISCES 2.0.4 extant range, Lampetra_ayersi_PLA01; PISCES 2.0.4 extant range, Oncorhynchus_tshawytscha_SOT07; USFWS ds2673 Pacific lamprey current distribution, 2021",4,"Chinook salmon [range] PISCES 2.0.4 extant range, Oncorhynchus_tshawytscha_SOT07 | Pacific lamprey [observed] USFWS ds2673 Pacific lamprey current distribution, 2021 | Steelhead [observed] CDFW BIOS ds340 Winter Steelhead Distribution, June 2012 | Western river lamprey [range] PISCES 2.0.4 extant range, Lampetra_ayersi_PLA01","Chinook salmon=range; Pacific lamprey=observed; Steelhead=observed; Western river lamprey=range"
"CA-115","HJFD1","CA","Holy Jim Creek","2018",NA,NA,0,NA,NA,0,NA,NA
"CA-116","HJFD11","CA","Holy Jim Creek","2018",NA,NA,0,NA,NA,0,NA,NA
"CA-117","HJFD2","CA","Holy Jim Creek","2018",NA,NA,0,NA,NA,0,NA,NA
"CA-118","HJFD21","CA","Holy Jim Creek","2018",NA,NA,0,NA,NA,0,NA,NA
"CA-119","HJFD22","CA","Holy Jim Creek","2018",NA,NA,0,NA,NA,0,NA,NA
"CA-120","HJFD23","CA","Holy Jim Creek","2018",NA,NA,0,NA,NA,0,NA,NA
"CA-121","HJFD25","CA","Holy Jim Creek","2018",NA,NA,0,NA,NA,0,NA,NA
"CA-122","HJFD26","CA","Holy Jim Creek","2018",NA,NA,0,NA,NA,0,NA,NA
"CA-123","HJFD29","CA","Holy Jim Creek","2018",NA,NA,0,NA,NA,0,NA,NA
"CA-124","HJFD30","CA","Holy Jim Creek","2018",NA,NA,0,NA,NA,0,NA,NA
"CA-125","HJFD31","CA","Holy Jim Creek","2018",NA,NA,0,NA,NA,0,NA,NA
"CA-126","HJFD32","CA","Holy Jim Creek","2018",NA,NA,0,NA,NA,0,NA,NA
"CA-127","HJFD33","CA","Holy Jim Creek","2018",NA,NA,0,NA,NA,0,NA,NA
"CA-128","HJFD34","CA","Holy Jim Creek","2018",NA,NA,0,NA,NA,0,NA,NA
"CA-129","HJFD34.1/35","CA","Holy Jim Creek","2018",NA,NA,0,NA,NA,0,NA,NA
"CA-130","HJFD37","CA","Holy Jim Creek","2018",NA,NA,0,NA,NA,0,NA,NA
"CA-131","HJFD40","CA","Holy Jim Creek","2018",NA,NA,0,NA,NA,0,NA,NA
"CA-132","HJFD41","CA","Holy Jim Creek","2018",NA,NA,0,NA,NA,0,NA,NA
"CA-133","Lagunita Diversion Dam","CA","San Francisquito Creek","2018","Steelhead [Central California Coast DPS]","NMFS West Coast critical habitat 20230717",1,"Pacific lamprey; Steelhead","CDFW BIOS ds340 Winter Steelhead Distribution, June 2012; USFWS ds2673 Pacific lamprey current distribution, 2021",2,"Pacific lamprey [observed] USFWS ds2673 Pacific lamprey current distribution, 2021 | Steelhead [observed] CDFW BIOS ds340 Winter Steelhead Distribution, June 2012","Pacific lamprey=observed; Steelhead=observed"
"CA-134","SJFD1","CA","San Juan Creek","2018",NA,NA,0,NA,NA,0,NA,NA
"CA-135","SJFD10","CA","San Juan Creek","2018",NA,NA,0,NA,NA,0,NA,NA
"CA-136","SJFD11","CA","San Juan Creek","2018",NA,NA,0,NA,NA,0,NA,NA
"CA-137","SJFD2","CA","San Juan Creek","2018",NA,NA,0,NA,NA,0,NA,NA
"CA-138","SJFD28","CA","San Juan Creek","2018",NA,NA,0,NA,NA,0,NA,NA
"CA-139","SJFD29","CA","San Juan Creek","2018",NA,NA,0,NA,NA,0,NA,NA
"CA-140","SJFD3","CA","San Juan Creek","2018",NA,NA,0,NA,NA,0,NA,NA
"CA-141","SJFD30","CA","San Juan Creek","2018",NA,NA,0,NA,NA,0,NA,NA
"CA-142","SJFD31","CA","San Juan Creek","2018",NA,NA,0,NA,NA,0,NA,NA
"CA-143","SJFD4","CA","San Juan Creek","2018",NA,NA,0,NA,NA,0,NA,NA
"CA-144","SJFD5","CA","San Juan Creek","2018",NA,NA,0,NA,NA,0,NA,NA
"CA-145","SJFD6","CA","San Juan Creek","2018",NA,NA,0,NA,NA,0,NA,NA
"CA-146","SJFD7","CA","San Juan Creek","2018",NA,NA,0,NA,NA,0,NA,NA
"CA-147","SJFD9","CA","San Juan Creek","2018",NA,NA,0,NA,NA,0,NA,NA
"CA-148","TCFD11","CA","Trabuco Creek","2018",NA,NA,0,NA,NA,0,NA,NA
"CA-149","Dempster Vineyard Dam","CA","Green Valley Creek","2018","Salmon, coho [Central California Coast ESU]; Steelhead [Central California Coast DPS]","NMFS West Coast critical habitat 20230717",2,"Coho salmon; Steelhead","CDFW BIOS ds326 Coho Distribution, August 2025; CDFW BIOS ds340 Winter Steelhead Distribution, June 2012",2,"Coho salmon [observed] CDFW BIOS ds326 Coho Distribution, August 2025 | Steelhead [observed] CDFW BIOS ds340 Winter Steelhead Distribution, June 2012","Coho salmon=observed; Steelhead=observed"
"CA-150","Pennington Creek Dam","CA","Pennington Creek","2018","Steelhead [South-Central California Coast DPS]","NMFS West Coast critical habitat 20230717",1,"Steelhead","CDFW BIOS ds340 Winter Steelhead Distribution, June 2012",1,"Steelhead [observed] CDFW BIOS ds340 Winter Steelhead Distribution, June 2012","Steelhead=observed"
"CA-151","HJFD3","CA","Holy Jim Creek","2019",NA,NA,0,NA,NA,0,NA,NA
"CA-152","HJFD4","CA","Holy Jim Creek","2019",NA,NA,0,NA,NA,0,NA,NA
"CA-153","HJFD5","CA","Holy Jim Creek","2019",NA,NA,0,NA,NA,0,NA,NA
"CA-154","Iron Horse Dam","CA","Green Valley Creek","2019","Salmon, coho [Central California Coast ESU]; Steelhead [Central California Coast DPS]","NMFS West Coast critical habitat 20230717",2,"Coho salmon; Steelhead","CDFW BIOS ds326 Coho Distribution, August 2025; CDFW BIOS ds340 Winter Steelhead Distribution, June 2012",2,"Coho salmon [observed] CDFW BIOS ds326 Coho Distribution, August 2025 | Steelhead [observed] CDFW BIOS ds340 Winter Steelhead Distribution, June 2012","Coho salmon=observed; Steelhead=observed"
"CA-155","Maria Ygnacio Debris Basin Dam East Branch","CA","East Branch Maria Ygnacio Creek","2019",NA,NA,0,NA,NA,0,NA,NA
"CA-156","Maria Ygnacio Debris Basin Dam Main Branch","CA","Maria Ygnacio Creek","2019","Steelhead [Southern California DPS]","NMFS West Coast critical habitat 20230717",1,"Steelhead","CDFW BIOS ds340 Winter Steelhead Distribution, June 2012",1,"Steelhead [observed] CDFW BIOS ds340 Winter Steelhead Distribution, June 2012","Steelhead=observed"
"CA-159","SJFD12","CA","San Juan Creek","2019",NA,NA,0,NA,NA,0,NA,NA
"CA-160","SJFD13","CA","San Juan Creek","2019",NA,NA,0,NA,NA,0,NA,NA
"CA-161","SJFD14","CA","San Juan Creek","2019",NA,NA,0,NA,NA,0,NA,NA
"CA-162","SJFD15","CA","San Juan Creek","2019",NA,NA,0,NA,NA,0,NA,NA
"CA-163","SJFD17","CA","San Juan Creek","2019",NA,NA,0,NA,NA,0,NA,NA
"CA-164","SJFD18","CA","San Juan Creek","2019",NA,NA,0,NA,NA,0,NA,NA
"CA-165","SJFD19","CA","San Juan Creek","2019",NA,NA,0,NA,NA,0,NA,NA
"CA-166","SJFD20","CA","San Juan Creek","2019",NA,NA,0,NA,NA,0,NA,NA
"CA-167","SJFD21","CA","San Juan Creek","2019",NA,NA,0,NA,NA,0,NA,NA
"CA-168","SJFD22","CA","San Juan Creek","2019",NA,NA,0,NA,NA,0,NA,NA
"CA-169","SJFD23","CA","San Juan Creek","2019",NA,NA,0,NA,NA,0,NA,NA
"CA-170","SJFD24","CA","San Juan Creek","2019",NA,NA,0,NA,NA,0,NA,NA
"CA-171","SJFD25","CA","San Juan Creek","2019",NA,NA,0,NA,NA,0,NA,NA
"CA-172","SJFD26","CA","San Juan Creek","2019",NA,NA,0,NA,NA,0,NA,NA
"CA-173","SJFD27","CA","San Juan Creek","2019",NA,NA,0,NA,NA,0,NA,NA
"CA-174","Grenada Irrigation District Dam","CA","Shasta River","2012","Coho salmon (SONCC, derived)","derived SONCC layer; CDFW BIOS ds326 Coho Distribution, August 2025",1,"Chinook salmon; Coho salmon; Pacific lamprey; Steelhead","CDFW BIOS ds326 Coho Distribution, August 2025; CDFW BIOS ds340 Winter Steelhead Distribution, June 2012; PISCES 2.0.4 extant range, Oncorhynchus_tshawytscha_SOT01; USFWS ds2673 Pacific lamprey current distribution, 2021",4,"Chinook salmon [range] PISCES 2.0.4 extant range, Oncorhynchus_tshawytscha_SOT01 | Coho salmon [observed] CDFW BIOS ds326 Coho Distribution, August 2025 | Pacific lamprey [observed] USFWS ds2673 Pacific lamprey current distribution, 2021 | Steelhead [observed] CDFW BIOS ds340 Winter Steelhead Distribution, June 2012","Chinook salmon=range; Coho salmon=observed; Pacific lamprey=observed; Steelhead=observed"
"CA-175","Little Shasta River Flashboard Dam","CA","Little Shasta River","2019","Coho salmon (SONCC, derived)","derived SONCC layer; CDFW BIOS ds326 Coho Distribution, August 2025",1,"Coho salmon; Steelhead","CDFW BIOS ds326 Coho Distribution, August 2025; CDFW BIOS ds340 Winter Steelhead Distribution, June 2012",2,"Coho salmon [observed] CDFW BIOS ds326 Coho Distribution, August 2025 | Steelhead [observed] CDFW BIOS ds340 Winter Steelhead Distribution, June 2012","Coho salmon=observed; Steelhead=observed"
"CA-176","Beale Dam","CA","Dry Creek","2020",NA,NA,0,"Pacific lamprey","USFWS ds2673 Pacific lamprey current distribution, 2021",1,"Pacific lamprey [observed] USFWS ds2673 Pacific lamprey current distribution, 2021","Pacific lamprey=observed"
"CA-177","Roy's Pools Dam","CA","San Geronimo Creek","2020","Salmon, coho [Central California Coast ESU]; Steelhead [Central California Coast DPS]","NMFS West Coast critical habitat 20230717",2,"Coho salmon; Steelhead","CDFW BIOS ds326 Coho Distribution, August 2025; CDFW BIOS ds340 Winter Steelhead Distribution, June 2012",2,"Coho salmon [observed] CDFW BIOS ds326 Coho Distribution, August 2025 | Steelhead [observed] CDFW BIOS ds340 Winter Steelhead Distribution, June 2012","Coho salmon=observed; Steelhead=observed"
"CA-178","York Dam","CA","York Creek","2020","Steelhead [Central California Coast DPS]","NMFS West Coast critical habitat 20230717",1,"Steelhead","CDFW BIOS ds340 Winter Steelhead Distribution, June 2012",1,"Steelhead [observed] CDFW BIOS ds340 Winter Steelhead Distribution, June 2012","Steelhead=observed"
"CA-179","Columbine Dam","CA","Flint Creek","2021",NA,NA,0,NA,NA,0,NA,NA
"CA-180","Lower Mill Creek Dam ","CA","Mill Creek","2021","Salmon, coho [Central California Coast ESU]","NMFS West Coast critical habitat 20230717",1,"Coho salmon; Steelhead","CDFW BIOS ds326 Coho Distribution, August 2025; CDFW BIOS ds340 Winter Steelhead Distribution, June 2012",2,"Coho salmon [observed] CDFW BIOS ds326 Coho Distribution, August 2025 | Steelhead [observed] CDFW BIOS ds340 Winter Steelhead Distribution, June 2012","Coho salmon=observed; Steelhead=observed"
"CA-181","Cedar Creek Hatchery Dam","CA","Cedar Creek","2022","Coho salmon (SONCC, derived); Steelhead [Northern California DPS]","derived SONCC layer; CDFW BIOS ds326 Coho Distribution, August 2025; NMFS West Coast critical habitat 20230717",2,"Coho salmon; Steelhead","CDFW BIOS ds326 Coho Distribution, August 2025; CDFW BIOS ds340 Winter Steelhead Distribution, June 2012",2,"Coho salmon [observed] CDFW BIOS ds326 Coho Distribution, August 2025 | Steelhead [observed] CDFW BIOS ds340 Winter Steelhead Distribution, June 2012","Coho salmon=observed; Steelhead=observed"
"CA-182","Copco 2 Dam","CA","Klamath River","2023",NA,NA,0,"Klamath largescale sucker; Lost River sucker; Shortnose sucker","PISCES 2.0.4 extant range, Catostomus_luxatus_CCL01; PISCES 2.0.4 extant range, Catostomus_snyderi_CCS01; PISCES 2.0.4 extant range, Chasmistes_brevirostris_CCB01",3,"Klamath largescale sucker [range] PISCES 2.0.4 extant range, Catostomus_snyderi_CCS01 | Lost River sucker [range] PISCES 2.0.4 extant range, Catostomus_luxatus_CCL01 | Shortnose sucker [range] PISCES 2.0.4 extant range, Chasmistes_brevirostris_CCB01","Klamath largescale sucker=range; Lost River sucker=range; Shortnose sucker=range"
"CA-183","Double U Fish Ranch Dam","CA","Howards Gulch","2023",NA,NA,0,NA,NA,0,NA,NA
"CA-184","East Weaver Creek Dam","CA","East Weaver Creek","2023",NA,NA,0,"Chinook salmon; Steelhead","CDFW BIOS ds340 Winter Steelhead Distribution, June 2012; PISCES 2.0.4 extant range, Oncorhynchus_tshawytscha_SOT01",2,"Chinook salmon [range] PISCES 2.0.4 extant range, Oncorhynchus_tshawytscha_SOT01 | Steelhead [observed] CDFW BIOS ds340 Winter Steelhead Distribution, June 2012","Chinook salmon=range; Steelhead=observed"
"CA-185","Copco No. 1 Dam","CA","Klamath River","2024",NA,NA,0,"Klamath largescale sucker; Lost River sucker; Shortnose sucker","PISCES 2.0.4 extant range, Catostomus_luxatus_CCL01; PISCES 2.0.4 extant range, Catostomus_snyderi_CCS01; PISCES 2.0.4 extant range, Chasmistes_brevirostris_CCB01",3,"Klamath largescale sucker [range] PISCES 2.0.4 extant range, Catostomus_snyderi_CCS01 | Lost River sucker [range] PISCES 2.0.4 extant range, Catostomus_luxatus_CCL01 | Shortnose sucker [range] PISCES 2.0.4 extant range, Chasmistes_brevirostris_CCB01","Klamath largescale sucker=range; Lost River sucker=range; Shortnose sucker=range"
"CA-186","Iron Gate Dam","CA","Klamath River","2024","Coho salmon (SONCC, derived)","derived SONCC layer; CDFW BIOS ds326 Coho Distribution, August 2025",1,"Chinook salmon; Coho salmon; Klamath largescale sucker; Lost River sucker; Pacific lamprey; Shortnose sucker; Steelhead","CDFW BIOS ds326 Coho Distribution, August 2025; CDFW BIOS ds340 Winter Steelhead Distribution, June 2012; PISCES 2.0.4 extant range, Catostomus_luxatus_CCL01; PISCES 2.0.4 extant range, Catostomus_snyderi_CCS01; PISCES 2.0.4 extant range, Chasmistes_brevirostris_CCB01; PISCES 2.0.4 extant range, Oncorhynchus_tshawytscha_SOT01; USFWS ds2673 Pacific lamprey current distribution, 2021",7,"Chinook salmon [range] PISCES 2.0.4 extant range, Oncorhynchus_tshawytscha_SOT01 | Coho salmon [observed] CDFW BIOS ds326 Coho Distribution, August 2025 | Klamath largescale sucker [range] PISCES 2.0.4 extant range, Catostomus_snyderi_CCS01 | Lost River sucker [range] PISCES 2.0.4 extant range, Catostomus_luxatus_CCL01 | Pacific lamprey [observed] USFWS ds2673 Pacific lamprey current distribution, 2021 | Shortnose sucker [range] PISCES 2.0.4 extant range, Chasmistes_brevirostris_CCB01 | Steelhead [observed] CDFW BIOS ds340 Winter Steelhead Distribution, June 2012","Chinook salmon=range; Coho salmon=observed; Klamath largescale sucker=range; Lost River sucker=range; Pacific lamprey=observed; Shortnose sucker=range; Steelhead=observed"
"CA-187","Neefus Gulch Earthen Berm Dam","CA","Neefus Gulch","2024","Salmon, coho [Central California Coast ESU]","NMFS West Coast critical habitat 20230717",1,NA,NA,0,NA,NA
"CA-188","Pickell's Dam","CA","Little Arthur Creek","2024","Steelhead [South-Central California Coast DPS]","NMFS West Coast critical habitat 20230717",1,"Steelhead","CDFW BIOS ds340 Winter Steelhead Distribution, June 2012",1,"Steelhead [observed] CDFW BIOS ds340 Winter Steelhead Distribution, June 2012","Steelhead=observed"
"CA-189","Jenny Creek Diversion Dam","CA","Jenny Creek","2025",NA,NA,0,"Klamath largescale sucker; Lost River sucker; Shortnose sucker","PISCES 2.0.4 extant range, Catostomus_luxatus_CCL01; PISCES 2.0.4 extant range, Catostomus_snyderi_CCS01; PISCES 2.0.4 extant range, Chasmistes_brevirostris_CCB01",3,"Klamath largescale sucker [range] PISCES 2.0.4 extant range, Catostomus_snyderi_CCS01 | Lost River sucker [range] PISCES 2.0.4 extant range, Catostomus_luxatus_CCL01 | Shortnose sucker [range] PISCES 2.0.4 extant range, Chasmistes_brevirostris_CCB01","Klamath largescale sucker=range; Lost River sucker=range; Shortnose sucker=range"
"CA-190","Inskip Dam","CA","South Fork Battle Creek","2025","Salmon, Chinook [Central Valley spring-run ESU]; Steelhead [California Central Valley DPS]","NMFS West Coast critical habitat 20230717",2,"Chinook salmon; Pacific lamprey","NOAA ds982 Central Valley spring-run Chinook distribution, 2005; USFWS ds2673 Pacific lamprey current distribution, 2021",2,"Chinook salmon [observed] NOAA ds982 Central Valley spring-run Chinook distribution, 2005 | Pacific lamprey [observed] USFWS ds2673 Pacific lamprey current distribution, 2021","Chinook salmon=observed; Pacific lamprey=observed"
"OR-001","Lafayette Locks Dam","OR","Yamhill Basin","1963","Steelhead [Upper Willamette River DPS]","NMFS West Coast critical habitat 20230717",1,"Chinook salmon; Coastal cutthroat trout; Coho salmon; Largescale sucker; Mountain whitefish; Pacific lamprey; Steelhead","ODFW Fish Habitat Distribution 1167_5, fhd_ChinookSpring; ODFW Fish Habitat Distribution 1167_5, fhd_Coho; ODFW Fish Habitat Distribution 1167_5, fhd_Cutthroat_Coastal; ODFW Fish Habitat Distribution 1167_5, fhd_Lamprey_Pacific; ODFW Fish Habitat Distribution 1167_5, fhd_MountainWhitefish; ODFW Fish Habitat Distribution 1167_5, fhd_SteelheadWinter; ODFW Fish Habitat Distribution 1167_5, fhd_Sucker_Largescale",7,"Chinook salmon [observed] ODFW Fish Habitat Distribution 1167_5, fhd_ChinookSpring | Coastal cutthroat trout [observed] ODFW Fish Habitat Distribution 1167_5, fhd_Cutthroat_Coastal | Coho salmon [observed] ODFW Fish Habitat Distribution 1167_5, fhd_Coho | Largescale sucker [observed] ODFW Fish Habitat Distribution 1167_5, fhd_Sucker_Largescale | Mountain whitefish [observed] ODFW Fish Habitat Distribution 1167_5, fhd_MountainWhitefish | Pacific lamprey [observed] ODFW Fish Habitat Distribution 1167_5, fhd_Lamprey_Pacific | Steelhead [observed] ODFW Fish Habitat Distribution 1167_5, fhd_SteelheadWinter","Chinook salmon=observed; Coastal cutthroat trout=observed; Coho salmon=observed; Largescale sucker=observed; Mountain whitefish=observed; Pacific lamprey=observed; Steelhead=observed"
"OR-002","Catching Dam","OR","North Fork Middle Fork Willamette River","1994","Salmon, Chinook [Upper Willamette River ESU]","NMFS West Coast critical habitat 20230717",1,"Chinook salmon; Coastal cutthroat trout; Mountain whitefish","ODFW Fish Habitat Distribution 1167_5, fhd_ChinookSpring; ODFW Fish Habitat Distribution 1167_5, fhd_Cutthroat_Coastal; ODFW Fish Habitat Distribution 1167_5, fhd_MountainWhitefish",3,"Chinook salmon [observed] ODFW Fish Habitat Distribution 1167_5, fhd_ChinookSpring | Coastal cutthroat trout [observed] ODFW Fish Habitat Distribution 1167_5, fhd_Cutthroat_Coastal | Mountain whitefish [observed] ODFW Fish Habitat Distribution 1167_5, fhd_MountainWhitefish","Chinook salmon=observed; Coastal cutthroat trout=observed; Mountain whitefish=observed"
"OR-003","Marie Dorian Dam","OR","Walla Walla River","1997","Bull Trout; Steelhead [Middle Columbia River DPS]","NMFS West Coast critical habitat 20230717; USFWS critical habitat bundle 2026-08-31, FCH_SALVELINUS_CONFLUENTUS_20101018.shp",2,"Bull trout; Redband trout; Steelhead","ODFW Fish Habitat Distribution 1167_5, fhd_Bulltrout; ODFW Fish Habitat Distribution 1167_5, fhd_Redband; ODFW Fish Habitat Distribution 1167_5, fhd_SteelheadSummer",3,"Bull trout [observed] ODFW Fish Habitat Distribution 1167_5, fhd_Bulltrout | Redband trout [observed] ODFW Fish Habitat Distribution 1167_5, fhd_Redband | Steelhead [observed] ODFW Fish Habitat Distribution 1167_5, fhd_SteelheadSummer","Bull trout=observed; Redband trout=observed; Steelhead=observed"
"OR-004","Jackson Street Dam","OR","Bear Creek","1998","Coho salmon (SONCC, derived)","derived SONCC layer; ODFW Fish Habitat Distribution 1167_5, fhd_Coho",1,"Chinook salmon; Coastal cutthroat trout; Coho salmon; Pacific lamprey; Steelhead","ODFW Fish Habitat Distribution 1167_5, fhd_ChinookFall; ODFW Fish Habitat Distribution 1167_5, fhd_Coho; ODFW Fish Habitat Distribution 1167_5, fhd_Cutthroat_Coastal; ODFW Fish Habitat Distribution 1167_5, fhd_SteelheadWinter; USFWS Pacific Lamprey Known Observations And Distribution 2022, layer 45",5,"Chinook salmon [observed] ODFW Fish Habitat Distribution 1167_5, fhd_ChinookFall | Coastal cutthroat trout [observed] ODFW Fish Habitat Distribution 1167_5, fhd_Cutthroat_Coastal | Coho salmon [observed] ODFW Fish Habitat Distribution 1167_5, fhd_Coho | Pacific lamprey [observed] USFWS Pacific Lamprey Known Observations And Distribution 2022, layer 45 | Steelhead [observed] ODFW Fish Habitat Distribution 1167_5, fhd_SteelheadWinter","Chinook salmon=observed; Coastal cutthroat trout=observed; Coho salmon=observed; Pacific lamprey=observed; Steelhead=observed"
"OR-005","Alphonso Dam","OR","Evans Creek","1999","Coho salmon (SONCC, derived)","derived SONCC layer; ODFW Fish Habitat Distribution 1167_5, fhd_Coho",1,"Coastal cutthroat trout; Coho salmon; Pacific lamprey; Steelhead","ODFW Fish Habitat Distribution 1167_5, fhd_Coho; ODFW Fish Habitat Distribution 1167_5, fhd_Cutthroat_Coastal; ODFW Fish Habitat Distribution 1167_5, fhd_Lamprey_Pacific; ODFW Fish Habitat Distribution 1167_5, fhd_SteelheadWinter",4,"Coastal cutthroat trout [observed] ODFW Fish Habitat Distribution 1167_5, fhd_Cutthroat_Coastal | Coho salmon [observed] ODFW Fish Habitat Distribution 1167_5, fhd_Coho | Pacific lamprey [observed] ODFW Fish Habitat Distribution 1167_5, fhd_Lamprey_Pacific | Steelhead [observed] ODFW Fish Habitat Distribution 1167_5, fhd_SteelheadWinter","Coastal cutthroat trout=observed; Coho salmon=observed; Pacific lamprey=observed; Steelhead=observed"
"OR-007","Lithia Park Dam 1","OR","Ashland Creek","2000","Coho salmon (SONCC, derived)","derived SONCC layer; ODFW Fish Habitat Distribution 1167_5, fhd_Coho",1,"Coastal cutthroat trout; Coho salmon; Steelhead","ODFW Fish Habitat Distribution 1167_5, fhd_Coho; ODFW Fish Habitat Distribution 1167_5, fhd_Cutthroat_Coastal; ODFW Fish Habitat Distribution 1167_5, fhd_SteelheadWinter",3,"Coastal cutthroat trout [observed] ODFW Fish Habitat Distribution 1167_5, fhd_Cutthroat_Coastal | Coho salmon [observed] ODFW Fish Habitat Distribution 1167_5, fhd_Coho | Steelhead [observed] ODFW Fish Habitat Distribution 1167_5, fhd_SteelheadWinter","Coastal cutthroat trout=observed; Coho salmon=observed; Steelhead=observed"
"OR-008","Lithia Park Dam 2","OR","Ashland Creek","2000","Coho salmon (SONCC, derived)","derived SONCC layer; ODFW Fish Habitat Distribution 1167_5, fhd_Coho",1,"Coastal cutthroat trout; Coho salmon; Steelhead","ODFW Fish Habitat Distribution 1167_5, fhd_Coho; ODFW Fish Habitat Distribution 1167_5, fhd_Cutthroat_Coastal; ODFW Fish Habitat Distribution 1167_5, fhd_SteelheadWinter",3,"Coastal cutthroat trout [observed] ODFW Fish Habitat Distribution 1167_5, fhd_Cutthroat_Coastal | Coho salmon [observed] ODFW Fish Habitat Distribution 1167_5, fhd_Coho | Steelhead [observed] ODFW Fish Habitat Distribution 1167_5, fhd_SteelheadWinter","Coastal cutthroat trout=observed; Coho salmon=observed; Steelhead=observed"
"OR-009","Lithia Park Dam 3","OR","Ashland Creek","2000","Coho salmon (SONCC, derived)","derived SONCC layer; ODFW Fish Habitat Distribution 1167_5, fhd_Coho",1,"Coastal cutthroat trout; Coho salmon; Steelhead","ODFW Fish Habitat Distribution 1167_5, fhd_Coho; ODFW Fish Habitat Distribution 1167_5, fhd_Cutthroat_Coastal; ODFW Fish Habitat Distribution 1167_5, fhd_SteelheadWinter",3,"Coastal cutthroat trout [observed] ODFW Fish Habitat Distribution 1167_5, fhd_Cutthroat_Coastal | Coho salmon [observed] ODFW Fish Habitat Distribution 1167_5, fhd_Coho | Steelhead [observed] ODFW Fish Habitat Distribution 1167_5, fhd_SteelheadWinter","Coastal cutthroat trout=observed; Coho salmon=observed; Steelhead=observed"
"OR-010","Krouse-Haggar Push-up Dam","OR","Applegate River","2002","Coho salmon (SONCC, derived)","derived SONCC layer; ODFW Fish Habitat Distribution 1167_5, fhd_Coho",1,"Chinook salmon; Coastal cutthroat trout; Coho salmon; Pacific lamprey; Steelhead","ODFW Fish Habitat Distribution 1167_5, fhd_ChinookFall; ODFW Fish Habitat Distribution 1167_5, fhd_Coho; ODFW Fish Habitat Distribution 1167_5, fhd_Cutthroat_Coastal; ODFW Fish Habitat Distribution 1167_5, fhd_Lamprey_Pacific; ODFW Fish Habitat Distribution 1167_5, fhd_SteelheadWinter",5,"Chinook salmon [observed] ODFW Fish Habitat Distribution 1167_5, fhd_ChinookFall | Coastal cutthroat trout [observed] ODFW Fish Habitat Distribution 1167_5, fhd_Cutthroat_Coastal | Coho salmon [observed] ODFW Fish Habitat Distribution 1167_5, fhd_Coho | Pacific lamprey [observed] ODFW Fish Habitat Distribution 1167_5, fhd_Lamprey_Pacific | Steelhead [observed] ODFW Fish Habitat Distribution 1167_5, fhd_SteelheadWinter","Chinook salmon=observed; Coastal cutthroat trout=observed; Coho salmon=observed; Pacific lamprey=observed; Steelhead=observed"
"OR-011","Byrne Diversion Dam","OR","Beaver Creek","2002","Coho salmon (SONCC, derived)","derived SONCC layer; ODFW Fish Habitat Distribution 1167_5, fhd_Coho",1,"Coastal cutthroat trout; Coho salmon; Steelhead","ODFW Fish Habitat Distribution 1167_5, fhd_Coho; ODFW Fish Habitat Distribution 1167_5, fhd_Cutthroat_Coastal; ODFW Fish Habitat Distribution 1167_5, fhd_SteelheadWinter",3,"Coastal cutthroat trout [observed] ODFW Fish Habitat Distribution 1167_5, fhd_Cutthroat_Coastal | Coho salmon [observed] ODFW Fish Habitat Distribution 1167_5, fhd_Coho | Steelhead [observed] ODFW Fish Habitat Distribution 1167_5, fhd_SteelheadWinter","Coastal cutthroat trout=observed; Coho salmon=observed; Steelhead=observed"
"OR-012","Maple Gulch Diversion Dam","OR","Evans Creek","2002",NA,NA,0,"Coastal cutthroat trout; Steelhead","ODFW Fish Habitat Distribution 1167_5, fhd_Cutthroat_Coastal; ODFW Fish Habitat Distribution 1167_5, fhd_SteelheadWinter",2,"Coastal cutthroat trout [observed] ODFW Fish Habitat Distribution 1167_5, fhd_Cutthroat_Coastal | Steelhead [observed] ODFW Fish Habitat Distribution 1167_5, fhd_SteelheadWinter","Coastal cutthroat trout=observed; Steelhead=observed"
"OR-013","Rock Creek Dam","OR","Tributary to the Powder River","2002",NA,NA,0,NA,NA,0,NA,NA
"OR-015","Buck & Jones Diversion Dam","OR","Little Applegate River","2003",NA,NA,0,"Coastal cutthroat trout; Pacific lamprey; Steelhead","ODFW Fish Habitat Distribution 1167_5, fhd_Cutthroat_Coastal; ODFW Fish Habitat Distribution 1167_5, fhd_Lamprey_Pacific; ODFW Fish Habitat Distribution 1167_5, fhd_SteelheadWinter",3,"Coastal cutthroat trout [observed] ODFW Fish Habitat Distribution 1167_5, fhd_Cutthroat_Coastal | Pacific lamprey [observed] ODFW Fish Habitat Distribution 1167_5, fhd_Lamprey_Pacific | Steelhead [observed] ODFW Fish Habitat Distribution 1167_5, fhd_SteelheadWinter","Coastal cutthroat trout=observed; Pacific lamprey=observed; Steelhead=observed"
"OR-017","Brownsville Dam","OR","Calapooia River","2007","Salmon, Chinook [Upper Willamette River ESU]; Steelhead [Upper Willamette River DPS]","NMFS West Coast critical habitat 20230717",2,"Chinook salmon; Coastal cutthroat trout; Largescale sucker; Mountain whitefish; Pacific lamprey; Steelhead","ODFW Fish Habitat Distribution 1167_5, fhd_ChinookSpring; ODFW Fish Habitat Distribution 1167_5, fhd_Cutthroat_Coastal; ODFW Fish Habitat Distribution 1167_5, fhd_Lamprey_Pacific; ODFW Fish Habitat Distribution 1167_5, fhd_MountainWhitefish; ODFW Fish Habitat Distribution 1167_5, fhd_SteelheadWinter; ODFW Fish Habitat Distribution 1167_5, fhd_Sucker_Largescale",6,"Chinook salmon [observed] ODFW Fish Habitat Distribution 1167_5, fhd_ChinookSpring | Coastal cutthroat trout [observed] ODFW Fish Habitat Distribution 1167_5, fhd_Cutthroat_Coastal | Largescale sucker [observed] ODFW Fish Habitat Distribution 1167_5, fhd_Sucker_Largescale | Mountain whitefish [observed] ODFW Fish Habitat Distribution 1167_5, fhd_MountainWhitefish | Pacific lamprey [observed] ODFW Fish Habitat Distribution 1167_5, fhd_Lamprey_Pacific | Steelhead [observed] ODFW Fish Habitat Distribution 1167_5, fhd_SteelheadWinter","Chinook salmon=observed; Coastal cutthroat trout=observed; Largescale sucker=observed; Mountain whitefish=observed; Pacific lamprey=observed; Steelhead=observed"
"OR-018","Marmot Dam","OR","Sandy River","2007","Salmon, Chinook [Lower Columbia River ESU]; Salmon, coho [Lower Columbia River ESU]; Steelhead [Lower Columbia River DPS]","NMFS West Coast critical habitat 20230717",3,"Chinook salmon; Coastal cutthroat trout; Coho salmon; Mountain whitefish; Pacific lamprey; Steelhead","ODFW Fish Habitat Distribution 1167_5, fhd_ChinookFall; ODFW Fish Habitat Distribution 1167_5, fhd_Coho; ODFW Fish Habitat Distribution 1167_5, fhd_Cutthroat_Coastal; ODFW Fish Habitat Distribution 1167_5, fhd_MountainWhitefish; ODFW Fish Habitat Distribution 1167_5, fhd_SteelheadWinter; USFWS Pacific Lamprey Known Observations And Distribution 2022, layer 45",6,"Chinook salmon [observed] ODFW Fish Habitat Distribution 1167_5, fhd_ChinookFall | Coastal cutthroat trout [observed] ODFW Fish Habitat Distribution 1167_5, fhd_Cutthroat_Coastal | Coho salmon [observed] ODFW Fish Habitat Distribution 1167_5, fhd_Coho | Mountain whitefish [observed] ODFW Fish Habitat Distribution 1167_5, fhd_MountainWhitefish | Pacific lamprey [observed] USFWS Pacific Lamprey Known Observations And Distribution 2022, layer 45 | Steelhead [observed] ODFW Fish Habitat Distribution 1167_5, fhd_SteelheadWinter","Chinook salmon=observed; Coastal cutthroat trout=observed; Coho salmon=observed; Mountain whitefish=observed; Pacific lamprey=observed; Steelhead=observed"
"OR-019","South Fork Klaskanine Dam","OR","South Fork Klaskanine River","2007","Salmon, coho [Lower Columbia River ESU]","NMFS West Coast critical habitat 20230717",1,"Chinook salmon; Chum salmon; Coastal cutthroat trout; Coho salmon; Pacific lamprey; Steelhead","ODFW Fish Habitat Distribution 1167_5, fhd_ChinookFall; ODFW Fish Habitat Distribution 1167_5, fhd_Chum; ODFW Fish Habitat Distribution 1167_5, fhd_Coho; ODFW Fish Habitat Distribution 1167_5, fhd_Cutthroat_Coastal; ODFW Fish Habitat Distribution 1167_5, fhd_SteelheadWinter; USFWS Pacific Lamprey Known Observations And Distribution 2022, layer 45",6,"Chinook salmon [observed] ODFW Fish Habitat Distribution 1167_5, fhd_ChinookFall | Chum salmon [observed] ODFW Fish Habitat Distribution 1167_5, fhd_Chum | Coastal cutthroat trout [observed] ODFW Fish Habitat Distribution 1167_5, fhd_Cutthroat_Coastal | Coho salmon [observed] ODFW Fish Habitat Distribution 1167_5, fhd_Coho | Pacific lamprey [observed] USFWS Pacific Lamprey Known Observations And Distribution 2022, layer 45 | Steelhead [observed] ODFW Fish Habitat Distribution 1167_5, fhd_SteelheadWinter","Chinook salmon=observed; Chum salmon=observed; Coastal cutthroat trout=observed; Coho salmon=observed; Pacific lamprey=observed; Steelhead=observed"
"OR-020","Elk Creek Dam","OR","Elk Creek","2008","Coho salmon (SONCC, derived)","derived SONCC layer; ODFW Fish Habitat Distribution 1167_5, fhd_Coho",1,"Chinook salmon; Coastal cutthroat trout; Coho salmon; Pacific lamprey; Steelhead","ODFW Fish Habitat Distribution 1167_5, fhd_ChinookFall; ODFW Fish Habitat Distribution 1167_5, fhd_Coho; ODFW Fish Habitat Distribution 1167_5, fhd_Cutthroat_Coastal; ODFW Fish Habitat Distribution 1167_5, fhd_SteelheadWinter; USFWS Pacific Lamprey Known Observations And Distribution 2022, layer 45",5,"Chinook salmon [observed] ODFW Fish Habitat Distribution 1167_5, fhd_ChinookFall | Coastal cutthroat trout [observed] ODFW Fish Habitat Distribution 1167_5, fhd_Cutthroat_Coastal | Coho salmon [observed] ODFW Fish Habitat Distribution 1167_5, fhd_Coho | Pacific lamprey [observed] USFWS Pacific Lamprey Known Observations And Distribution 2022, layer 45 | Steelhead [observed] ODFW Fish Habitat Distribution 1167_5, fhd_SteelheadWinter","Chinook salmon=observed; Coastal cutthroat trout=observed; Coho salmon=observed; Pacific lamprey=observed; Steelhead=observed"
"OR-021","Gold Hill Dam","OR","Rogue River","2008","Coho salmon (SONCC, derived)","derived SONCC layer; ODFW Fish Habitat Distribution 1167_5, fhd_Coho",1,"Chinook salmon; Coastal cutthroat trout; Coho salmon; Pacific lamprey; Steelhead","ODFW Fish Habitat Distribution 1167_5, fhd_ChinookFall; ODFW Fish Habitat Distribution 1167_5, fhd_Coho; ODFW Fish Habitat Distribution 1167_5, fhd_Cutthroat_Coastal; ODFW Fish Habitat Distribution 1167_5, fhd_SteelheadWinter; USFWS Pacific Lamprey Known Observations And Distribution 2022, layer 45",5,"Chinook salmon [observed] ODFW Fish Habitat Distribution 1167_5, fhd_ChinookFall | Coastal cutthroat trout [observed] ODFW Fish Habitat Distribution 1167_5, fhd_Cutthroat_Coastal | Coho salmon [observed] ODFW Fish Habitat Distribution 1167_5, fhd_Coho | Pacific lamprey [observed] USFWS Pacific Lamprey Known Observations And Distribution 2022, layer 45 | Steelhead [observed] ODFW Fish Habitat Distribution 1167_5, fhd_SteelheadWinter","Chinook salmon=observed; Coastal cutthroat trout=observed; Coho salmon=observed; Pacific lamprey=observed; Steelhead=observed"
"OR-022","Chiloquin Dam","OR","Sprague River","2008","Lost River Sucker; Shortnose Sucker","USFWS critical habitat bundle 2026-08-31, FCH_CHASMISTES_BREVIROSTRIS_20121211.shp; USFWS critical habitat bundle 2026-08-31, FCH_DELTISTES_LUXATUS_20121211.shp",2,"Chinook salmon; Klamath largescale sucker; Lost River sucker; Redband trout; Shortnose sucker; Steelhead","ODFW Fish Habitat Distribution 1167_5, fhd_ChinookFall; ODFW Fish Habitat Distribution 1167_5, fhd_Redband; ODFW Fish Habitat Distribution 1167_5, fhd_SteelheadSummer; ODFW Fish Habitat Distribution 1167_5, fhd_Sucker_KlamathLargescale; ODFW Fish Habitat Distribution 1167_5, fhd_Sucker_LostRiver; ODFW Fish Habitat Distribution 1167_5, fhd_Sucker_Shortnose",6,"Chinook salmon [observed] ODFW Fish Habitat Distribution 1167_5, fhd_ChinookFall | Klamath largescale sucker [observed] ODFW Fish Habitat Distribution 1167_5, fhd_Sucker_KlamathLargescale | Lost River sucker [observed] ODFW Fish Habitat Distribution 1167_5, fhd_Sucker_LostRiver | Redband trout [observed] ODFW Fish Habitat Distribution 1167_5, fhd_Redband | Shortnose sucker [observed] ODFW Fish Habitat Distribution 1167_5, fhd_Sucker_Shortnose | Steelhead [observed] ODFW Fish Habitat Distribution 1167_5, fhd_SteelheadSummer","Chinook salmon=observed; Klamath largescale sucker=observed; Lost River sucker=observed; Redband trout=observed; Shortnose sucker=observed; Steelhead=observed"
"OR-023","Savage Rapids Dam","OR","Rogue River","2009","Coho salmon (SONCC, derived)","derived SONCC layer; ODFW Fish Habitat Distribution 1167_5, fhd_Coho",1,"Chinook salmon; Coastal cutthroat trout; Coho salmon; Pacific lamprey; Steelhead","ODFW Fish Habitat Distribution 1167_5, fhd_ChinookFall; ODFW Fish Habitat Distribution 1167_5, fhd_Coho; ODFW Fish Habitat Distribution 1167_5, fhd_Cutthroat_Coastal; ODFW Fish Habitat Distribution 1167_5, fhd_SteelheadWinter; USFWS Pacific Lamprey Known Observations And Distribution 2022, layer 45",5,"Chinook salmon [observed] ODFW Fish Habitat Distribution 1167_5, fhd_ChinookFall | Coastal cutthroat trout [observed] ODFW Fish Habitat Distribution 1167_5, fhd_Cutthroat_Coastal | Coho salmon [observed] ODFW Fish Habitat Distribution 1167_5, fhd_Coho | Pacific lamprey [observed] USFWS Pacific Lamprey Known Observations And Distribution 2022, layer 45 | Steelhead [observed] ODFW Fish Habitat Distribution 1167_5, fhd_SteelheadWinter","Chinook salmon=observed; Coastal cutthroat trout=observed; Coho salmon=observed; Pacific lamprey=observed; Steelhead=observed"
"OR-024","Gold Ray Dam","OR","Rogue River","2010","Coho salmon (SONCC, derived)","derived SONCC layer; ODFW Fish Habitat Distribution 1167_5, fhd_Coho",1,"Chinook salmon; Coastal cutthroat trout; Coho salmon; Pacific lamprey; Steelhead","ODFW Fish Habitat Distribution 1167_5, fhd_ChinookFall; ODFW Fish Habitat Distribution 1167_5, fhd_Coho; ODFW Fish Habitat Distribution 1167_5, fhd_Cutthroat_Coastal; ODFW Fish Habitat Distribution 1167_5, fhd_SteelheadWinter; USFWS Pacific Lamprey Known Observations And Distribution 2022, layer 45",5,"Chinook salmon [observed] ODFW Fish Habitat Distribution 1167_5, fhd_ChinookFall | Coastal cutthroat trout [observed] ODFW Fish Habitat Distribution 1167_5, fhd_Cutthroat_Coastal | Coho salmon [observed] ODFW Fish Habitat Distribution 1167_5, fhd_Coho | Pacific lamprey [observed] USFWS Pacific Lamprey Known Observations And Distribution 2022, layer 45 | Steelhead [observed] ODFW Fish Habitat Distribution 1167_5, fhd_SteelheadWinter","Chinook salmon=observed; Coastal cutthroat trout=observed; Coho salmon=observed; Pacific lamprey=observed; Steelhead=observed"
"OR-025","Powerdale Dam","OR","Hood River","2010","Bull Trout; Salmon, Chinook [Lower Columbia River ESU]; Salmon, coho [Lower Columbia River ESU]; Steelhead [Lower Columbia River DPS]","NMFS West Coast critical habitat 20230717; USFWS critical habitat bundle 2026-08-31, FCH_SALVELINUS_CONFLUENTUS_20101018.shp",4,"Bridgelip sucker; Bull trout; Chinook salmon; Coastal cutthroat trout; Coho salmon; Largescale sucker; Mountain whitefish; Pacific lamprey; Redband trout; Steelhead","ODFW Fish Habitat Distribution 1167_5, fhd_Bulltrout; ODFW Fish Habitat Distribution 1167_5, fhd_ChinookFall; ODFW Fish Habitat Distribution 1167_5, fhd_Coho; ODFW Fish Habitat Distribution 1167_5, fhd_Cutthroat_Coastal; ODFW Fish Habitat Distribution 1167_5, fhd_MountainWhitefish; ODFW Fish Habitat Distribution 1167_5, fhd_Redband; ODFW Fish Habitat Distribution 1167_5, fhd_SteelheadWinter; ODFW Fish Habitat Distribution 1167_5, fhd_Sucker_Bridgelip; ODFW Fish Habitat Distribution 1167_5, fhd_Sucker_Largescale; USFWS Pacific Lamprey Known Observations And Distribution 2022, layer 45",10,"Bridgelip sucker [observed] ODFW Fish Habitat Distribution 1167_5, fhd_Sucker_Bridgelip | Bull trout [observed] ODFW Fish Habitat Distribution 1167_5, fhd_Bulltrout | Chinook salmon [observed] ODFW Fish Habitat Distribution 1167_5, fhd_ChinookFall | Coastal cutthroat trout [observed] ODFW Fish Habitat Distribution 1167_5, fhd_Cutthroat_Coastal | Coho salmon [observed] ODFW Fish Habitat Distribution 1167_5, fhd_Coho | Largescale sucker [observed] ODFW Fish Habitat Distribution 1167_5, fhd_Sucker_Largescale | Mountain whitefish [observed] ODFW Fish Habitat Distribution 1167_5, fhd_MountainWhitefish | Pacific lamprey [observed] USFWS Pacific Lamprey Known Observations And Distribution 2022, layer 45 | Redband trout [observed] ODFW Fish Habitat Distribution 1167_5, fhd_Redband | Steelhead [observed] ODFW Fish Habitat Distribution 1167_5, fhd_SteelheadWinter","Bridgelip sucker=observed; Bull trout=observed; Chinook salmon=observed; Coastal cutthroat trout=observed; Coho salmon=observed; Largescale sucker=observed; Mountain whitefish=observed; Pacific lamprey=observed; Redband trout=observed; Steelhead=observed"
"OR-026","Sodom Dam","OR","Calapooia River","2011","Salmon, Chinook [Upper Willamette River ESU]; Steelhead [Upper Willamette River DPS]","NMFS West Coast critical habitat 20230717",2,"Coastal cutthroat trout","ODFW Fish Habitat Distribution 1167_5, fhd_Cutthroat_Coastal",1,"Coastal cutthroat trout [observed] ODFW Fish Habitat Distribution 1167_5, fhd_Cutthroat_Coastal","Coastal cutthroat trout=observed"
"OR-027","Fivemile Creek Irrigation Diversion Dam","OR","Fivemile Creek","2010",NA,NA,0,"Redband trout; Steelhead","ODFW Fish Habitat Distribution 1167_5, fhd_Redband; ODFW Fish Habitat Distribution 1167_5, fhd_SteelheadSummer",2,"Redband trout [observed] ODFW Fish Habitat Distribution 1167_5, fhd_Redband | Steelhead [observed] ODFW Fish Habitat Distribution 1167_5, fhd_SteelheadSummer","Redband trout=observed; Steelhead=observed"
"OR-028","South Fork Necanicum Diversion Dam","OR","South Fork Necanicum","2012",NA,NA,0,NA,NA,0,NA,NA
"OR-029","Campbell Road Diversion Dam","OR","South Fork Sprague River","2012",NA,NA,0,"Klamath largescale sucker; Redband trout; Steelhead","ODFW Fish Habitat Distribution 1167_5, fhd_Redband; ODFW Fish Habitat Distribution 1167_5, fhd_SteelheadSummer; ODFW Fish Habitat Distribution 1167_5, fhd_Sucker_KlamathLargescale",3,"Klamath largescale sucker [observed] ODFW Fish Habitat Distribution 1167_5, fhd_Sucker_KlamathLargescale | Redband trout [observed] ODFW Fish Habitat Distribution 1167_5, fhd_Redband | Steelhead [observed] ODFW Fish Habitat Distribution 1167_5, fhd_SteelheadSummer","Klamath largescale sucker=observed; Redband trout=observed; Steelhead=observed"
"OR-030","Valsetz Dam ","OR","South Fork Siletz River","2012",NA,NA,0,"Chinook salmon; Coastal cutthroat trout; Pacific lamprey; Steelhead","ODFW Fish Habitat Distribution 1167_5, fhd_ChinookSpring; ODFW Fish Habitat Distribution 1167_5, fhd_Cutthroat_Coastal; ODFW Fish Habitat Distribution 1167_5, fhd_SteelheadSummer; USFWS Pacific Lamprey Known Observations And Distribution 2022, layer 45",4,"Chinook salmon [observed] ODFW Fish Habitat Distribution 1167_5, fhd_ChinookSpring | Coastal cutthroat trout [observed] ODFW Fish Habitat Distribution 1167_5, fhd_Cutthroat_Coastal | Pacific lamprey [observed] USFWS Pacific Lamprey Known Observations And Distribution 2022, layer 45 | Steelhead [observed] ODFW Fish Habitat Distribution 1167_5, fhd_SteelheadSummer","Chinook salmon=observed; Coastal cutthroat trout=observed; Pacific lamprey=observed; Steelhead=observed"
"OR-031","Sisters Dam Removal (Leithauser Dam)","OR","Wychus Creek","2012",NA,NA,0,"Bridgelip sucker; Chinook salmon; Largescale sucker; Redband trout; Steelhead","ODFW Fish Habitat Distribution 1167_5, fhd_ChinookSpring; ODFW Fish Habitat Distribution 1167_5, fhd_Redband; ODFW Fish Habitat Distribution 1167_5, fhd_SteelheadSummer; ODFW Fish Habitat Distribution 1167_5, fhd_Sucker_Bridgelip; ODFW Fish Habitat Distribution 1167_5, fhd_Sucker_Largescale",5,"Bridgelip sucker [observed] ODFW Fish Habitat Distribution 1167_5, fhd_Sucker_Bridgelip | Chinook salmon [observed] ODFW Fish Habitat Distribution 1167_5, fhd_ChinookSpring | Largescale sucker [observed] ODFW Fish Habitat Distribution 1167_5, fhd_Sucker_Largescale | Redband trout [observed] ODFW Fish Habitat Distribution 1167_5, fhd_Redband | Steelhead [observed] ODFW Fish Habitat Distribution 1167_5, fhd_SteelheadSummer","Bridgelip sucker=observed; Chinook salmon=observed; Largescale sucker=observed; Redband trout=observed; Steelhead=observed"
"OR-034","Taylor Dam ","OR","Birch Creek","2012","Steelhead [Middle Columbia River DPS]","NMFS West Coast critical habitat 20230717",1,"Chinook salmon; Coho salmon; Redband trout; Steelhead","ODFW Fish Habitat Distribution 1167_5, fhd_ChinookFall; ODFW Fish Habitat Distribution 1167_5, fhd_Coho; ODFW Fish Habitat Distribution 1167_5, fhd_Redband; ODFW Fish Habitat Distribution 1167_5, fhd_SteelheadSummer",4,"Chinook salmon [observed] ODFW Fish Habitat Distribution 1167_5, fhd_ChinookFall | Coho salmon [observed] ODFW Fish Habitat Distribution 1167_5, fhd_Coho | Redband trout [observed] ODFW Fish Habitat Distribution 1167_5, fhd_Redband | Steelhead [observed] ODFW Fish Habitat Distribution 1167_5, fhd_SteelheadSummer","Chinook salmon=observed; Coho salmon=observed; Redband trout=observed; Steelhead=observed"
"OR-035","Low Dam Removal","OR","Birch Creek","2012",NA,NA,0,NA,NA,0,NA,NA
"OR-036","Shear Dam","OR","","2011","Salmon, Chinook [Upper Willamette River ESU]; Steelhead [Upper Willamette River DPS]","NMFS West Coast critical habitat 20230717",2,"Coastal cutthroat trout","ODFW Fish Habitat Distribution 1167_5, fhd_Cutthroat_Coastal",1,"Coastal cutthroat trout [observed] ODFW Fish Habitat Distribution 1167_5, fhd_Cutthroat_Coastal","Coastal cutthroat trout=observed"
"OR-037","Corral Creek Dam","OR","Corral Creek","2013",NA,NA,0,NA,NA,0,NA,NA
"OR-038","Cox Creek Dam ","OR","Cox Creek","2013","Steelhead [Upper Willamette River DPS]","NMFS West Coast critical habitat 20230717",1,"Chinook salmon; Coastal cutthroat trout; Largescale sucker; Steelhead","ODFW Fish Habitat Distribution 1167_5, fhd_ChinookSpring; ODFW Fish Habitat Distribution 1167_5, fhd_Cutthroat_Coastal; ODFW Fish Habitat Distribution 1167_5, fhd_SteelheadWinter; ODFW Fish Habitat Distribution 1167_5, fhd_Sucker_Largescale",4,"Chinook salmon [observed] ODFW Fish Habitat Distribution 1167_5, fhd_ChinookSpring | Coastal cutthroat trout [observed] ODFW Fish Habitat Distribution 1167_5, fhd_Cutthroat_Coastal | Largescale sucker [observed] ODFW Fish Habitat Distribution 1167_5, fhd_Sucker_Largescale | Steelhead [observed] ODFW Fish Habitat Distribution 1167_5, fhd_SteelheadWinter","Chinook salmon=observed; Coastal cutthroat trout=observed; Largescale sucker=observed; Steelhead=observed"
"OR-039","Hamby Dam ","OR","Birch Creek","2013","Steelhead [Middle Columbia River DPS]","NMFS West Coast critical habitat 20230717",1,"Redband trout; Steelhead","ODFW Fish Habitat Distribution 1167_5, fhd_Redband; ODFW Fish Habitat Distribution 1167_5, fhd_SteelheadSummer",2,"Redband trout [observed] ODFW Fish Habitat Distribution 1167_5, fhd_Redband | Steelhead [observed] ODFW Fish Habitat Distribution 1167_5, fhd_SteelheadSummer","Redband trout=observed; Steelhead=observed"
"OR-040","Sandy River Delta Dam ","OR","Sandy River","2013","Salmon, Chinook [Lower Columbia River ESU]; Salmon, coho [Lower Columbia River ESU]","NMFS West Coast critical habitat 20230717",2,"Chinook salmon; Chum salmon; Coastal cutthroat trout; Coho salmon; Eulachon; Largescale sucker; Mountain whitefish; Pacific lamprey; Steelhead","ODFW Fish Habitat Distribution 1167_5, fhd_ChinookFall; ODFW Fish Habitat Distribution 1167_5, fhd_Chum; ODFW Fish Habitat Distribution 1167_5, fhd_Coho; ODFW Fish Habitat Distribution 1167_5, fhd_Cutthroat_Coastal; ODFW Fish Habitat Distribution 1167_5, fhd_Eulachon; ODFW Fish Habitat Distribution 1167_5, fhd_Lamprey_Pacific; ODFW Fish Habitat Distribution 1167_5, fhd_MountainWhitefish; ODFW Fish Habitat Distribution 1167_5, fhd_SteelheadWinter; ODFW Fish Habitat Distribution 1167_5, fhd_Sucker_Largescale",9,"Chinook salmon [observed] ODFW Fish Habitat Distribution 1167_5, fhd_ChinookFall | Chum salmon [observed] ODFW Fish Habitat Distribution 1167_5, fhd_Chum | Coastal cutthroat trout [observed] ODFW Fish Habitat Distribution 1167_5, fhd_Cutthroat_Coastal | Coho salmon [observed] ODFW Fish Habitat Distribution 1167_5, fhd_Coho | Eulachon [observed] ODFW Fish Habitat Distribution 1167_5, fhd_Eulachon | Largescale sucker [observed] ODFW Fish Habitat Distribution 1167_5, fhd_Sucker_Largescale | Mountain whitefish [observed] ODFW Fish Habitat Distribution 1167_5, fhd_MountainWhitefish | Pacific lamprey [observed] ODFW Fish Habitat Distribution 1167_5, fhd_Lamprey_Pacific | Steelhead [observed] ODFW Fish Habitat Distribution 1167_5, fhd_SteelheadWinter","Chinook salmon=observed; Chum salmon=observed; Coastal cutthroat trout=observed; Coho salmon=observed; Eulachon=observed; Largescale sucker=observed; Mountain whitefish=observed; Pacific lamprey=observed; Steelhead=observed"
"OR-041","Stearns Dam","OR","Crooked River","2013",NA,NA,0,"Bridgelip sucker; Chinook salmon; Largescale sucker; Mountain whitefish; Redband trout; Steelhead","ODFW Fish Habitat Distribution 1167_5, fhd_ChinookSpring; ODFW Fish Habitat Distribution 1167_5, fhd_MountainWhitefish; ODFW Fish Habitat Distribution 1167_5, fhd_Redband; ODFW Fish Habitat Distribution 1167_5, fhd_SteelheadSummer; ODFW Fish Habitat Distribution 1167_5, fhd_Sucker_Bridgelip; ODFW Fish Habitat Distribution 1167_5, fhd_Sucker_Largescale",6,"Bridgelip sucker [observed] ODFW Fish Habitat Distribution 1167_5, fhd_Sucker_Bridgelip | Chinook salmon [observed] ODFW Fish Habitat Distribution 1167_5, fhd_ChinookSpring | Largescale sucker [observed] ODFW Fish Habitat Distribution 1167_5, fhd_Sucker_Largescale | Mountain whitefish [observed] ODFW Fish Habitat Distribution 1167_5, fhd_MountainWhitefish | Redband trout [observed] ODFW Fish Habitat Distribution 1167_5, fhd_Redband | Steelhead [observed] ODFW Fish Habitat Distribution 1167_5, fhd_SteelheadSummer","Bridgelip sucker=observed; Chinook salmon=observed; Largescale sucker=observed; Mountain whitefish=observed; Redband trout=observed; Steelhead=observed"
"OR-042","Tokay Canal Dam ","OR","Jones Creek","2013","Coho salmon (SONCC, derived)","derived SONCC layer; ODFW Fish Habitat Distribution 1167_5, fhd_Coho",1,"Coastal cutthroat trout; Coho salmon; Steelhead","ODFW Fish Habitat Distribution 1167_5, fhd_Coho; ODFW Fish Habitat Distribution 1167_5, fhd_Cutthroat_Coastal; ODFW Fish Habitat Distribution 1167_5, fhd_SteelheadSummer",3,"Coastal cutthroat trout [observed] ODFW Fish Habitat Distribution 1167_5, fhd_Cutthroat_Coastal | Coho salmon [observed] ODFW Fish Habitat Distribution 1167_5, fhd_Coho | Steelhead [observed] ODFW Fish Habitat Distribution 1167_5, fhd_SteelheadSummer","Coastal cutthroat trout=observed; Coho salmon=observed; Steelhead=observed"
"OR-043","Wright Dam","OR","Mill Creek","2013","Steelhead [Middle Columbia River DPS]","NMFS West Coast critical habitat 20230717",1,"Coastal cutthroat trout; Coho salmon; Pacific lamprey; Redband trout; Steelhead","ODFW Fish Habitat Distribution 1167_5, fhd_Coho; ODFW Fish Habitat Distribution 1167_5, fhd_Cutthroat_Coastal; ODFW Fish Habitat Distribution 1167_5, fhd_Lamprey_Pacific; ODFW Fish Habitat Distribution 1167_5, fhd_Redband; ODFW Fish Habitat Distribution 1167_5, fhd_SteelheadSummer",5,"Coastal cutthroat trout [observed] ODFW Fish Habitat Distribution 1167_5, fhd_Cutthroat_Coastal | Coho salmon [observed] ODFW Fish Habitat Distribution 1167_5, fhd_Coho | Pacific lamprey [observed] ODFW Fish Habitat Distribution 1167_5, fhd_Lamprey_Pacific | Redband trout [observed] ODFW Fish Habitat Distribution 1167_5, fhd_Redband | Steelhead [observed] ODFW Fish Habitat Distribution 1167_5, fhd_SteelheadSummer","Coastal cutthroat trout=observed; Coho salmon=observed; Pacific lamprey=observed; Redband trout=observed; Steelhead=observed"
"OR-044","Zell Dam","OR","Walla Walla","2013","Bull Trout; Steelhead [Middle Columbia River DPS]","NMFS West Coast critical habitat 20230717; USFWS critical habitat bundle 2026-08-31, FCH_SALVELINUS_CONFLUENTUS_20101018.shp",2,"Bull trout; Redband trout; Steelhead","ODFW Fish Habitat Distribution 1167_5, fhd_Bulltrout; ODFW Fish Habitat Distribution 1167_5, fhd_Redband; ODFW Fish Habitat Distribution 1167_5, fhd_SteelheadSummer",3,"Bull trout [observed] ODFW Fish Habitat Distribution 1167_5, fhd_Bulltrout | Redband trout [observed] ODFW Fish Habitat Distribution 1167_5, fhd_Redband | Steelhead [observed] ODFW Fish Habitat Distribution 1167_5, fhd_SteelheadSummer","Bull trout=observed; Redband trout=observed; Steelhead=observed"
"OR-045","Hoeft Dam","OR","Birch Creek","2014","Steelhead [Middle Columbia River DPS]","NMFS West Coast critical habitat 20230717",1,"Coho salmon; Redband trout; Steelhead","ODFW Fish Habitat Distribution 1167_5, fhd_Coho; ODFW Fish Habitat Distribution 1167_5, fhd_Redband; ODFW Fish Habitat Distribution 1167_5, fhd_SteelheadSummer",3,"Coho salmon [observed] ODFW Fish Habitat Distribution 1167_5, fhd_Coho | Redband trout [observed] ODFW Fish Habitat Distribution 1167_5, fhd_Redband | Steelhead [observed] ODFW Fish Habitat Distribution 1167_5, fhd_SteelheadSummer","Coho salmon=observed; Redband trout=observed; Steelhead=observed"
"OR-046","Pine Meadow Ranch Dam ","OR","Whychus Creek","2014",NA,NA,0,"Bridgelip sucker; Chinook salmon; Largescale sucker; Redband trout; Steelhead","ODFW Fish Habitat Distribution 1167_5, fhd_ChinookSpring; ODFW Fish Habitat Distribution 1167_5, fhd_Redband; ODFW Fish Habitat Distribution 1167_5, fhd_SteelheadSummer; ODFW Fish Habitat Distribution 1167_5, fhd_Sucker_Bridgelip; ODFW Fish Habitat Distribution 1167_5, fhd_Sucker_Largescale",5,"Bridgelip sucker [observed] ODFW Fish Habitat Distribution 1167_5, fhd_Sucker_Bridgelip | Chinook salmon [observed] ODFW Fish Habitat Distribution 1167_5, fhd_ChinookSpring | Largescale sucker [observed] ODFW Fish Habitat Distribution 1167_5, fhd_Sucker_Largescale | Redband trout [observed] ODFW Fish Habitat Distribution 1167_5, fhd_Redband | Steelhead [observed] ODFW Fish Habitat Distribution 1167_5, fhd_SteelheadSummer","Bridgelip sucker=observed; Chinook salmon=observed; Largescale sucker=observed; Redband trout=observed; Steelhead=observed"
"OR-047","Little Sandy River Dam","OR","Little Sandy River","2008","Salmon, coho [Lower Columbia River ESU]","NMFS West Coast critical habitat 20230717",1,"Chinook salmon; Coastal cutthroat trout; Coho salmon; Mountain whitefish; Steelhead","ODFW Fish Habitat Distribution 1167_5, fhd_ChinookFall; ODFW Fish Habitat Distribution 1167_5, fhd_Coho; ODFW Fish Habitat Distribution 1167_5, fhd_Cutthroat_Coastal; ODFW Fish Habitat Distribution 1167_5, fhd_MountainWhitefish; ODFW Fish Habitat Distribution 1167_5, fhd_SteelheadWinter",5,"Chinook salmon [observed] ODFW Fish Habitat Distribution 1167_5, fhd_ChinookFall | Coastal cutthroat trout [observed] ODFW Fish Habitat Distribution 1167_5, fhd_Cutthroat_Coastal | Coho salmon [observed] ODFW Fish Habitat Distribution 1167_5, fhd_Coho | Mountain whitefish [observed] ODFW Fish Habitat Distribution 1167_5, fhd_MountainWhitefish | Steelhead [observed] ODFW Fish Habitat Distribution 1167_5, fhd_SteelheadWinter","Chinook salmon=observed; Coastal cutthroat trout=observed; Coho salmon=observed; Mountain whitefish=observed; Steelhead=observed"
"OR-048","Hogan Cedars Dam","OR","Johnson Creek","2001","Salmon, coho [Lower Columbia River ESU]; Steelhead [Lower Columbia River DPS]","NMFS West Coast critical habitat 20230717",2,"Coastal cutthroat trout; Coho salmon; Pacific lamprey; Steelhead","ODFW Fish Habitat Distribution 1167_5, fhd_Coho; ODFW Fish Habitat Distribution 1167_5, fhd_Cutthroat_Coastal; ODFW Fish Habitat Distribution 1167_5, fhd_Lamprey_Pacific; ODFW Fish Habitat Distribution 1167_5, fhd_SteelheadWinter",4,"Coastal cutthroat trout [observed] ODFW Fish Habitat Distribution 1167_5, fhd_Cutthroat_Coastal | Coho salmon [observed] ODFW Fish Habitat Distribution 1167_5, fhd_Coho | Pacific lamprey [observed] ODFW Fish Habitat Distribution 1167_5, fhd_Lamprey_Pacific | Steelhead [observed] ODFW Fish Habitat Distribution 1167_5, fhd_SteelheadWinter","Coastal cutthroat trout=observed; Coho salmon=observed; Pacific lamprey=observed; Steelhead=observed"
"OR-049","Canyon Creek Meadows Dam","OR","Canyon Creek","2015",NA,NA,0,"Redband trout","ODFW Fish Habitat Distribution 1167_5, fhd_Redband",1,"Redband trout [observed] ODFW Fish Habitat Distribution 1167_5, fhd_Redband","Redband trout=observed"
"OR-050","Fielder Dam","OR","Evans Creek","2015","Coho salmon (SONCC, derived)","derived SONCC layer; ODFW Fish Habitat Distribution 1167_5, fhd_Coho",1,"Chinook salmon; Coastal cutthroat trout; Coho salmon; Pacific lamprey; Steelhead","ODFW Fish Habitat Distribution 1167_5, fhd_ChinookFall; ODFW Fish Habitat Distribution 1167_5, fhd_Coho; ODFW Fish Habitat Distribution 1167_5, fhd_Cutthroat_Coastal; ODFW Fish Habitat Distribution 1167_5, fhd_Lamprey_Pacific; ODFW Fish Habitat Distribution 1167_5, fhd_SteelheadSummer",5,"Chinook salmon [observed] ODFW Fish Habitat Distribution 1167_5, fhd_ChinookFall | Coastal cutthroat trout [observed] ODFW Fish Habitat Distribution 1167_5, fhd_Cutthroat_Coastal | Coho salmon [observed] ODFW Fish Habitat Distribution 1167_5, fhd_Coho | Pacific lamprey [observed] ODFW Fish Habitat Distribution 1167_5, fhd_Lamprey_Pacific | Steelhead [observed] ODFW Fish Habitat Distribution 1167_5, fhd_SteelheadSummer","Chinook salmon=observed; Coastal cutthroat trout=observed; Coho salmon=observed; Pacific lamprey=observed; Steelhead=observed"
"OR-051","Wimer Dam","OR","Evans Creek","2015","Coho salmon (SONCC, derived)","derived SONCC layer; ODFW Fish Habitat Distribution 1167_5, fhd_Coho",1,"Chinook salmon; Coastal cutthroat trout; Coho salmon; Pacific lamprey; Steelhead","ODFW Fish Habitat Distribution 1167_5, fhd_ChinookFall; ODFW Fish Habitat Distribution 1167_5, fhd_Coho; ODFW Fish Habitat Distribution 1167_5, fhd_Cutthroat_Coastal; ODFW Fish Habitat Distribution 1167_5, fhd_Lamprey_Pacific; ODFW Fish Habitat Distribution 1167_5, fhd_SteelheadWinter",5,"Chinook salmon [observed] ODFW Fish Habitat Distribution 1167_5, fhd_ChinookFall | Coastal cutthroat trout [observed] ODFW Fish Habitat Distribution 1167_5, fhd_Cutthroat_Coastal | Coho salmon [observed] ODFW Fish Habitat Distribution 1167_5, fhd_Coho | Pacific lamprey [observed] ODFW Fish Habitat Distribution 1167_5, fhd_Lamprey_Pacific | Steelhead [observed] ODFW Fish Habitat Distribution 1167_5, fhd_SteelheadWinter","Chinook salmon=observed; Coastal cutthroat trout=observed; Coho salmon=observed; Pacific lamprey=observed; Steelhead=observed"
"OR-052","Odell Dam","OR","Hood River","2016",NA,NA,0,"Coastal cutthroat trout; Redband trout; Steelhead","ODFW Fish Habitat Distribution 1167_5, fhd_Cutthroat_Coastal; ODFW Fish Habitat Distribution 1167_5, fhd_Redband; ODFW Fish Habitat Distribution 1167_5, fhd_SteelheadWinter",3,"Coastal cutthroat trout [observed] ODFW Fish Habitat Distribution 1167_5, fhd_Cutthroat_Coastal | Redband trout [observed] ODFW Fish Habitat Distribution 1167_5, fhd_Redband | Steelhead [observed] ODFW Fish Habitat Distribution 1167_5, fhd_SteelheadWinter","Coastal cutthroat trout=observed; Redband trout=observed; Steelhead=observed"
"OR-053","Million Irrigation Ditch Dam","OR","Ashland Creek","2012","Coho salmon (SONCC, derived)","derived SONCC layer; ODFW Fish Habitat Distribution 1167_5, fhd_Coho",1,"Coastal cutthroat trout; Coho salmon; Steelhead","ODFW Fish Habitat Distribution 1167_5, fhd_Coho; ODFW Fish Habitat Distribution 1167_5, fhd_Cutthroat_Coastal; ODFW Fish Habitat Distribution 1167_5, fhd_SteelheadWinter",3,"Coastal cutthroat trout [observed] ODFW Fish Habitat Distribution 1167_5, fhd_Cutthroat_Coastal | Coho salmon [observed] ODFW Fish Habitat Distribution 1167_5, fhd_Coho | Steelhead [observed] ODFW Fish Habitat Distribution 1167_5, fhd_SteelheadWinter","Coastal cutthroat trout=observed; Coho salmon=observed; Steelhead=observed"
"OR-054","Dillon Diversion Dam ","OR","Umatilla River","2017","Bull Trout; Steelhead [Middle Columbia River DPS]","NMFS West Coast critical habitat 20230717; USFWS critical habitat bundle 2026-08-31, FCH_SALVELINUS_CONFLUENTUS_20101018.shp",2,"Bridgelip sucker; Bull trout; Chinook salmon; Coho salmon; Largescale sucker; Pacific lamprey; Redband trout; Steelhead","ODFW Fish Habitat Distribution 1167_5, fhd_Bulltrout; ODFW Fish Habitat Distribution 1167_5, fhd_ChinookFall; ODFW Fish Habitat Distribution 1167_5, fhd_Coho; ODFW Fish Habitat Distribution 1167_5, fhd_Lamprey_Pacific; ODFW Fish Habitat Distribution 1167_5, fhd_Redband; ODFW Fish Habitat Distribution 1167_5, fhd_SteelheadSummer; ODFW Fish Habitat Distribution 1167_5, fhd_Sucker_Bridgelip; ODFW Fish Habitat Distribution 1167_5, fhd_Sucker_Largescale",8,"Bridgelip sucker [observed] ODFW Fish Habitat Distribution 1167_5, fhd_Sucker_Bridgelip | Bull trout [observed] ODFW Fish Habitat Distribution 1167_5, fhd_Bulltrout | Chinook salmon [observed] ODFW Fish Habitat Distribution 1167_5, fhd_ChinookFall | Coho salmon [observed] ODFW Fish Habitat Distribution 1167_5, fhd_Coho | Largescale sucker [observed] ODFW Fish Habitat Distribution 1167_5, fhd_Sucker_Largescale | Pacific lamprey [observed] ODFW Fish Habitat Distribution 1167_5, fhd_Lamprey_Pacific | Redband trout [observed] ODFW Fish Habitat Distribution 1167_5, fhd_Redband | Steelhead [observed] ODFW Fish Habitat Distribution 1167_5, fhd_SteelheadSummer","Bridgelip sucker=observed; Bull trout=observed; Chinook salmon=observed; Coho salmon=observed; Largescale sucker=observed; Pacific lamprey=observed; Redband trout=observed; Steelhead=observed"
"OR-055","Beeson-Robinson Diversion Dam","OR","Wagner Creek","2017","Coho salmon (SONCC, derived)","derived SONCC layer; ODFW Fish Habitat Distribution 1167_5, fhd_Coho",1,"Coastal cutthroat trout; Coho salmon; Steelhead","ODFW Fish Habitat Distribution 1167_5, fhd_Coho; ODFW Fish Habitat Distribution 1167_5, fhd_Cutthroat_Coastal; ODFW Fish Habitat Distribution 1167_5, fhd_SteelheadSummer",3,"Coastal cutthroat trout [observed] ODFW Fish Habitat Distribution 1167_5, fhd_Cutthroat_Coastal | Coho salmon [observed] ODFW Fish Habitat Distribution 1167_5, fhd_Coho | Steelhead [observed] ODFW Fish Habitat Distribution 1167_5, fhd_SteelheadSummer","Coastal cutthroat trout=observed; Coho salmon=observed; Steelhead=observed"
"OR-056","C-2 Meyers 1","OR","Salt Creek (Little Butte Creek)","2018","Coho salmon (SONCC, derived)","derived SONCC layer; ODFW Fish Habitat Distribution 1167_5, fhd_Coho",1,"Coastal cutthroat trout; Coho salmon; Steelhead","ODFW Fish Habitat Distribution 1167_5, fhd_Coho; ODFW Fish Habitat Distribution 1167_5, fhd_Cutthroat_Coastal; ODFW Fish Habitat Distribution 1167_5, fhd_SteelheadWinter",3,"Coastal cutthroat trout [observed] ODFW Fish Habitat Distribution 1167_5, fhd_Cutthroat_Coastal | Coho salmon [observed] ODFW Fish Habitat Distribution 1167_5, fhd_Coho | Steelhead [observed] ODFW Fish Habitat Distribution 1167_5, fhd_SteelheadWinter","Coastal cutthroat trout=observed; Coho salmon=observed; Steelhead=observed"
"OR-057","C-2 Meyers 2","OR","Salt Creek (Little Butte Creek)","2018",NA,NA,0,"Coastal cutthroat trout","ODFW Fish Habitat Distribution 1167_5, fhd_Cutthroat_Coastal",1,"Coastal cutthroat trout [observed] ODFW Fish Habitat Distribution 1167_5, fhd_Cutthroat_Coastal","Coastal cutthroat trout=observed"
"OR-058","Forest Creek Dam","OR","Forest Creek","2018","Coho salmon (SONCC, derived)","derived SONCC layer; ODFW Fish Habitat Distribution 1167_5, fhd_Coho",1,"Coastal cutthroat trout; Coho salmon; Steelhead","ODFW Fish Habitat Distribution 1167_5, fhd_Coho; ODFW Fish Habitat Distribution 1167_5, fhd_Cutthroat_Coastal; ODFW Fish Habitat Distribution 1167_5, fhd_SteelheadWinter",3,"Coastal cutthroat trout [observed] ODFW Fish Habitat Distribution 1167_5, fhd_Cutthroat_Coastal | Coho salmon [observed] ODFW Fish Habitat Distribution 1167_5, fhd_Coho | Steelhead [observed] ODFW Fish Habitat Distribution 1167_5, fhd_SteelheadWinter","Coastal cutthroat trout=observed; Coho salmon=observed; Steelhead=observed"
"OR-059","Hartman Ditch Dam","OR","Humbug Creek","2018",NA,NA,0,NA,NA,0,NA,NA
"OR-060","Jamison Dam","OR","Jamison Creek","2018",NA,NA,0,NA,NA,0,NA,NA
"OR-061","Smith-Meyer-Roper Dam","OR","Ashland Creek","2019","Coho salmon (SONCC, derived)","derived SONCC layer; ODFW Fish Habitat Distribution 1167_5, fhd_Coho",1,"Coastal cutthroat trout; Coho salmon; Steelhead","ODFW Fish Habitat Distribution 1167_5, fhd_Coho; ODFW Fish Habitat Distribution 1167_5, fhd_Cutthroat_Coastal; ODFW Fish Habitat Distribution 1167_5, fhd_SteelheadWinter",3,"Coastal cutthroat trout [observed] ODFW Fish Habitat Distribution 1167_5, fhd_Cutthroat_Coastal | Coho salmon [observed] ODFW Fish Habitat Distribution 1167_5, fhd_Coho | Steelhead [observed] ODFW Fish Habitat Distribution 1167_5, fhd_SteelheadWinter","Coastal cutthroat trout=observed; Coho salmon=observed; Steelhead=observed"
"OR-062","Kelley Creek Dam","OR","Kelley Creek, tributary to Johnson Creek","2020",NA,NA,0,"Coastal cutthroat trout","ODFW Fish Habitat Distribution 1167_5, fhd_Cutthroat_Coastal",1,"Coastal cutthroat trout [observed] ODFW Fish Habitat Distribution 1167_5, fhd_Cutthroat_Coastal","Coastal cutthroat trout=observed"
"OR-063","Lower Bridgepoint Dam","OR","Williams Creek, tributary to the Applegate River, tributary to the Rogue River","2020","Coho salmon (SONCC, derived)","derived SONCC layer; ODFW Fish Habitat Distribution 1167_5, fhd_Coho",1,"Chinook salmon; Coastal cutthroat trout; Coho salmon; Pacific lamprey; Steelhead","ODFW Fish Habitat Distribution 1167_5, fhd_ChinookFall; ODFW Fish Habitat Distribution 1167_5, fhd_Coho; ODFW Fish Habitat Distribution 1167_5, fhd_Cutthroat_Coastal; ODFW Fish Habitat Distribution 1167_5, fhd_Lamprey_Pacific; ODFW Fish Habitat Distribution 1167_5, fhd_SteelheadWinter",5,"Chinook salmon [observed] ODFW Fish Habitat Distribution 1167_5, fhd_ChinookFall | Coastal cutthroat trout [observed] ODFW Fish Habitat Distribution 1167_5, fhd_Cutthroat_Coastal | Coho salmon [observed] ODFW Fish Habitat Distribution 1167_5, fhd_Coho | Pacific lamprey [observed] ODFW Fish Habitat Distribution 1167_5, fhd_Lamprey_Pacific | Steelhead [observed] ODFW Fish Habitat Distribution 1167_5, fhd_SteelheadWinter","Chinook salmon=observed; Coastal cutthroat trout=observed; Coho salmon=observed; Pacific lamprey=observed; Steelhead=observed"
"OR-064","North Fork Klaskanine Dam","OR","North Fork Klaksanine,tributary to Young's River, tributary to the Columbia River","2020","Salmon, coho [Lower Columbia River ESU]","NMFS West Coast critical habitat 20230717",1,"Coastal cutthroat trout; Coho salmon; Pacific lamprey; Steelhead","ODFW Fish Habitat Distribution 1167_5, fhd_Coho; ODFW Fish Habitat Distribution 1167_5, fhd_Cutthroat_Coastal; ODFW Fish Habitat Distribution 1167_5, fhd_SteelheadWinter; USFWS Pacific Lamprey Known Observations And Distribution 2022, layer 45",4,"Coastal cutthroat trout [observed] ODFW Fish Habitat Distribution 1167_5, fhd_Cutthroat_Coastal | Coho salmon [observed] ODFW Fish Habitat Distribution 1167_5, fhd_Coho | Pacific lamprey [observed] USFWS Pacific Lamprey Known Observations And Distribution 2022, layer 45 | Steelhead [observed] ODFW Fish Habitat Distribution 1167_5, fhd_SteelheadWinter","Coastal cutthroat trout=observed; Coho salmon=observed; Pacific lamprey=observed; Steelhead=observed"
"OR-065","Mill Creek Dam","OR","Miller Creek","2008",NA,NA,0,NA,NA,0,NA,NA
"OR-066","South Fork Big Butte Dam","OR","South Fork Big Butte Creek","2011","Coho salmon (SONCC, derived)","derived SONCC layer; ODFW Fish Habitat Distribution 1167_5, fhd_Coho",1,"Coastal cutthroat trout; Coho salmon; Steelhead","ODFW Fish Habitat Distribution 1167_5, fhd_Coho; ODFW Fish Habitat Distribution 1167_5, fhd_Cutthroat_Coastal; ODFW Fish Habitat Distribution 1167_5, fhd_SteelheadWinter",3,"Coastal cutthroat trout [observed] ODFW Fish Habitat Distribution 1167_5, fhd_Cutthroat_Coastal | Coho salmon [observed] ODFW Fish Habitat Distribution 1167_5, fhd_Coho | Steelhead [observed] ODFW Fish Habitat Distribution 1167_5, fhd_SteelheadWinter","Coastal cutthroat trout=observed; Coho salmon=observed; Steelhead=observed"
"OR-067","Sardine Creek Dam","OR","Sardine Creek","2012","Coho salmon (SONCC, derived)","derived SONCC layer; ODFW Fish Habitat Distribution 1167_5, fhd_Coho",1,"Coastal cutthroat trout; Coho salmon; Steelhead","ODFW Fish Habitat Distribution 1167_5, fhd_Coho; ODFW Fish Habitat Distribution 1167_5, fhd_Cutthroat_Coastal; ODFW Fish Habitat Distribution 1167_5, fhd_SteelheadWinter",3,"Coastal cutthroat trout [observed] ODFW Fish Habitat Distribution 1167_5, fhd_Cutthroat_Coastal | Coho salmon [observed] ODFW Fish Habitat Distribution 1167_5, fhd_Coho | Steelhead [observed] ODFW Fish Habitat Distribution 1167_5, fhd_SteelheadWinter","Coastal cutthroat trout=observed; Coho salmon=observed; Steelhead=observed"
"OR-068","East Fork Jones Creek Dam","OR","East Fork Jones Creek","2015",NA,NA,0,"Steelhead","ODFW Fish Habitat Distribution 1167_5, fhd_SteelheadSummer",1,"Steelhead [observed] ODFW Fish Habitat Distribution 1167_5, fhd_SteelheadSummer","Steelhead=observed"
"OR-069","Penzer Diversion Dam","OR","Ditch Creek","2017","Coho salmon (SONCC, derived)","derived SONCC layer; ODFW Fish Habitat Distribution 1167_5, fhd_Coho",1,"Coastal cutthroat trout; Coho salmon; Steelhead","ODFW Fish Habitat Distribution 1167_5, fhd_Coho; ODFW Fish Habitat Distribution 1167_5, fhd_Cutthroat_Coastal; ODFW Fish Habitat Distribution 1167_5, fhd_SteelheadSummer",3,"Coastal cutthroat trout [observed] ODFW Fish Habitat Distribution 1167_5, fhd_Cutthroat_Coastal | Coho salmon [observed] ODFW Fish Habitat Distribution 1167_5, fhd_Coho | Steelhead [observed] ODFW Fish Habitat Distribution 1167_5, fhd_SteelheadSummer","Coastal cutthroat trout=observed; Coho salmon=observed; Steelhead=observed"
"OR-070","Powell Creek Dam","OR","Powell Creek","2017","Coho salmon (SONCC, derived)","derived SONCC layer; ODFW Fish Habitat Distribution 1167_5, fhd_Coho",1,"Coastal cutthroat trout; Coho salmon; Steelhead","ODFW Fish Habitat Distribution 1167_5, fhd_Coho; ODFW Fish Habitat Distribution 1167_5, fhd_Cutthroat_Coastal; ODFW Fish Habitat Distribution 1167_5, fhd_SteelheadWinter",3,"Coastal cutthroat trout [observed] ODFW Fish Habitat Distribution 1167_5, fhd_Cutthroat_Coastal | Coho salmon [observed] ODFW Fish Habitat Distribution 1167_5, fhd_Coho | Steelhead [observed] ODFW Fish Habitat Distribution 1167_5, fhd_SteelheadWinter","Coastal cutthroat trout=observed; Coho salmon=observed; Steelhead=observed"
"OR-071","Palmer Creek Dam","OR","Palmer Creek","2018","Coho salmon (SONCC, derived)","derived SONCC layer; ODFW Fish Habitat Distribution 1167_5, fhd_Coho",1,"Coastal cutthroat trout; Coho salmon; Steelhead","ODFW Fish Habitat Distribution 1167_5, fhd_Coho; ODFW Fish Habitat Distribution 1167_5, fhd_Cutthroat_Coastal; ODFW Fish Habitat Distribution 1167_5, fhd_SteelheadWinter",3,"Coastal cutthroat trout [observed] ODFW Fish Habitat Distribution 1167_5, fhd_Cutthroat_Coastal | Coho salmon [observed] ODFW Fish Habitat Distribution 1167_5, fhd_Coho | Steelhead [observed] ODFW Fish Habitat Distribution 1167_5, fhd_SteelheadWinter","Coastal cutthroat trout=observed; Coho salmon=observed; Steelhead=observed"
"OR-072","Klaskanine Hatchery Intake Dam","OR","North Fork Klaskanine","2020","Salmon, coho [Lower Columbia River ESU]","NMFS West Coast critical habitat 20230717",1,"Chinook salmon; Chum salmon; Coastal cutthroat trout; Coho salmon; Pacific lamprey; Steelhead","ODFW Fish Habitat Distribution 1167_5, fhd_ChinookFall; ODFW Fish Habitat Distribution 1167_5, fhd_Chum; ODFW Fish Habitat Distribution 1167_5, fhd_Coho; ODFW Fish Habitat Distribution 1167_5, fhd_Cutthroat_Coastal; ODFW Fish Habitat Distribution 1167_5, fhd_Lamprey_Pacific; ODFW Fish Habitat Distribution 1167_5, fhd_SteelheadWinter",6,"Chinook salmon [observed] ODFW Fish Habitat Distribution 1167_5, fhd_ChinookFall | Chum salmon [observed] ODFW Fish Habitat Distribution 1167_5, fhd_Chum | Coastal cutthroat trout [observed] ODFW Fish Habitat Distribution 1167_5, fhd_Cutthroat_Coastal | Coho salmon [observed] ODFW Fish Habitat Distribution 1167_5, fhd_Coho | Pacific lamprey [observed] ODFW Fish Habitat Distribution 1167_5, fhd_Lamprey_Pacific | Steelhead [observed] ODFW Fish Habitat Distribution 1167_5, fhd_SteelheadWinter","Chinook salmon=observed; Chum salmon=observed; Coastal cutthroat trout=observed; Coho salmon=observed; Pacific lamprey=observed; Steelhead=observed"
"OR-073","Breitenbush Diversion Dam","OR","Breitenbush Creek","2021",NA,NA,0,"Chinook salmon; Coastal cutthroat trout","ODFW Fish Habitat Distribution 1167_5, fhd_ChinookSpring; ODFW Fish Habitat Distribution 1167_5, fhd_Cutthroat_Coastal",2,"Chinook salmon [observed] ODFW Fish Habitat Distribution 1167_5, fhd_ChinookSpring | Coastal cutthroat trout [observed] ODFW Fish Habitat Distribution 1167_5, fhd_Cutthroat_Coastal","Chinook salmon=observed; Coastal cutthroat trout=observed"
"OR-074","Eagle Fern Dam","OR","North Fork Eagle Creek","2021","Salmon, coho [Lower Columbia River ESU]; Steelhead [Lower Columbia River DPS]","NMFS West Coast critical habitat 20230717",2,"Chinook salmon; Coastal cutthroat trout; Coho salmon; Pacific lamprey; Steelhead","ODFW Fish Habitat Distribution 1167_5, fhd_ChinookFall; ODFW Fish Habitat Distribution 1167_5, fhd_Coho; ODFW Fish Habitat Distribution 1167_5, fhd_Cutthroat_Coastal; ODFW Fish Habitat Distribution 1167_5, fhd_SteelheadWinter; USFWS Pacific Lamprey Known Observations And Distribution 2022, layer 45",5,"Chinook salmon [observed] ODFW Fish Habitat Distribution 1167_5, fhd_ChinookFall | Coastal cutthroat trout [observed] ODFW Fish Habitat Distribution 1167_5, fhd_Cutthroat_Coastal | Coho salmon [observed] ODFW Fish Habitat Distribution 1167_5, fhd_Coho | Pacific lamprey [observed] USFWS Pacific Lamprey Known Observations And Distribution 2022, layer 45 | Steelhead [observed] ODFW Fish Habitat Distribution 1167_5, fhd_SteelheadWinter","Chinook salmon=observed; Coastal cutthroat trout=observed; Coho salmon=observed; Pacific lamprey=observed; Steelhead=observed"
"OR-075","Harboldt Dam","OR","Slate Creek","2021","Coho salmon (SONCC, derived)","derived SONCC layer; ODFW Fish Habitat Distribution 1167_5, fhd_Coho",1,"Chinook salmon; Coastal cutthroat trout; Coho salmon; Steelhead","ODFW Fish Habitat Distribution 1167_5, fhd_ChinookFall; ODFW Fish Habitat Distribution 1167_5, fhd_Coho; ODFW Fish Habitat Distribution 1167_5, fhd_Cutthroat_Coastal; ODFW Fish Habitat Distribution 1167_5, fhd_SteelheadWinter",4,"Chinook salmon [observed] ODFW Fish Habitat Distribution 1167_5, fhd_ChinookFall | Coastal cutthroat trout [observed] ODFW Fish Habitat Distribution 1167_5, fhd_Cutthroat_Coastal | Coho salmon [observed] ODFW Fish Habitat Distribution 1167_5, fhd_Coho | Steelhead [observed] ODFW Fish Habitat Distribution 1167_5, fhd_SteelheadWinter","Chinook salmon=observed; Coastal cutthroat trout=observed; Coho salmon=observed; Steelhead=observed"
"OR-076","Plainview Dam","OR","Whychus Creek","2021",NA,NA,0,"Bridgelip sucker; Chinook salmon; Largescale sucker; Redband trout; Steelhead","ODFW Fish Habitat Distribution 1167_5, fhd_ChinookSpring; ODFW Fish Habitat Distribution 1167_5, fhd_Redband; ODFW Fish Habitat Distribution 1167_5, fhd_SteelheadSummer; ODFW Fish Habitat Distribution 1167_5, fhd_Sucker_Bridgelip; ODFW Fish Habitat Distribution 1167_5, fhd_Sucker_Largescale",5,"Bridgelip sucker [observed] ODFW Fish Habitat Distribution 1167_5, fhd_Sucker_Bridgelip | Chinook salmon [observed] ODFW Fish Habitat Distribution 1167_5, fhd_ChinookSpring | Largescale sucker [observed] ODFW Fish Habitat Distribution 1167_5, fhd_Sucker_Largescale | Redband trout [observed] ODFW Fish Habitat Distribution 1167_5, fhd_Redband | Steelhead [observed] ODFW Fish Habitat Distribution 1167_5, fhd_SteelheadSummer","Bridgelip sucker=observed; Chinook salmon=observed; Largescale sucker=observed; Redband trout=observed; Steelhead=observed"
"OR-077","South Fork Fish Lake Creek Passage Weirs 1 & 2","OR","Lake Creek, tributary to Metolius River","2021","Bull Trout","USFWS critical habitat bundle 2026-08-31, FCH_SALVELINUS_CONFLUENTUS_20101018.shp",1,"Chinook salmon; Mountain whitefish; Redband trout","ODFW Fish Habitat Distribution 1167_5, fhd_ChinookSpring; ODFW Fish Habitat Distribution 1167_5, fhd_MountainWhitefish; ODFW Fish Habitat Distribution 1167_5, fhd_Redband",3,"Chinook salmon [observed] ODFW Fish Habitat Distribution 1167_5, fhd_ChinookSpring | Mountain whitefish [observed] ODFW Fish Habitat Distribution 1167_5, fhd_MountainWhitefish | Redband trout [observed] ODFW Fish Habitat Distribution 1167_5, fhd_Redband","Chinook salmon=observed; Mountain whitefish=observed; Redband trout=observed"
"OR-078","Three Rivers - Cedar Creek Weir Dam","OR","Cedar Creek","2021",NA,NA,0,"Coastal cutthroat trout; Coho salmon","ODFW Fish Habitat Distribution 1167_5, fhd_Coho; ODFW Fish Habitat Distribution 1167_5, fhd_Cutthroat_Coastal",2,"Coastal cutthroat trout [observed] ODFW Fish Habitat Distribution 1167_5, fhd_Cutthroat_Coastal | Coho salmon [observed] ODFW Fish Habitat Distribution 1167_5, fhd_Coho","Coastal cutthroat trout=observed; Coho salmon=observed"
"OR-079","Welter Creek Dams #1 and #2","OR","Welter Creek","2021","Coho salmon (SONCC, derived)","derived SONCC layer; ODFW Fish Habitat Distribution 1167_5, fhd_Coho",1,"Chinook salmon; Coastal cutthroat trout; Coho salmon; Steelhead","ODFW Fish Habitat Distribution 1167_5, fhd_ChinookFall; ODFW Fish Habitat Distribution 1167_5, fhd_Coho; ODFW Fish Habitat Distribution 1167_5, fhd_Cutthroat_Coastal; ODFW Fish Habitat Distribution 1167_5, fhd_SteelheadWinter",4,"Chinook salmon [observed] ODFW Fish Habitat Distribution 1167_5, fhd_ChinookFall | Coastal cutthroat trout [observed] ODFW Fish Habitat Distribution 1167_5, fhd_Cutthroat_Coastal | Coho salmon [observed] ODFW Fish Habitat Distribution 1167_5, fhd_Coho | Steelhead [observed] ODFW Fish Habitat Distribution 1167_5, fhd_SteelheadWinter","Chinook salmon=observed; Coastal cutthroat trout=observed; Coho salmon=observed; Steelhead=observed"
"OR-080","Farmers Ditch Irrigation Dam","OR","Little Applegate River","2012","Coho salmon (SONCC, derived)","derived SONCC layer; ODFW Fish Habitat Distribution 1167_5, fhd_Coho",1,"Chinook salmon; Coastal cutthroat trout; Coho salmon; Pacific lamprey; Steelhead","ODFW Fish Habitat Distribution 1167_5, fhd_ChinookFall; ODFW Fish Habitat Distribution 1167_5, fhd_Coho; ODFW Fish Habitat Distribution 1167_5, fhd_Cutthroat_Coastal; ODFW Fish Habitat Distribution 1167_5, fhd_Lamprey_Pacific; ODFW Fish Habitat Distribution 1167_5, fhd_SteelheadWinter",5,"Chinook salmon [observed] ODFW Fish Habitat Distribution 1167_5, fhd_ChinookFall | Coastal cutthroat trout [observed] ODFW Fish Habitat Distribution 1167_5, fhd_Cutthroat_Coastal | Coho salmon [observed] ODFW Fish Habitat Distribution 1167_5, fhd_Coho | Pacific lamprey [observed] ODFW Fish Habitat Distribution 1167_5, fhd_Lamprey_Pacific | Steelhead [observed] ODFW Fish Habitat Distribution 1167_5, fhd_SteelheadWinter","Chinook salmon=observed; Coastal cutthroat trout=observed; Coho salmon=observed; Pacific lamprey=observed; Steelhead=observed"
"OR-081","Bailey Nursery Dam","OR","Salt Creek ","2022",NA,NA,0,"Coastal cutthroat trout; Steelhead","ODFW Fish Habitat Distribution 1167_5, fhd_Cutthroat_Coastal; ODFW Fish Habitat Distribution 1167_5, fhd_SteelheadWinter",2,"Coastal cutthroat trout [observed] ODFW Fish Habitat Distribution 1167_5, fhd_Cutthroat_Coastal | Steelhead [observed] ODFW Fish Habitat Distribution 1167_5, fhd_SteelheadWinter","Coastal cutthroat trout=observed; Steelhead=observed"
"OR-082","Balm Grove Dam","OR","Gales Creek ","2022","Steelhead [Upper Willamette River DPS]","NMFS West Coast critical habitat 20230717",1,"Coastal cutthroat trout; Coho salmon; Mountain whitefish; Pacific lamprey; Steelhead","ODFW Fish Habitat Distribution 1167_5, fhd_Coho; ODFW Fish Habitat Distribution 1167_5, fhd_Cutthroat_Coastal; ODFW Fish Habitat Distribution 1167_5, fhd_Lamprey_Pacific; ODFW Fish Habitat Distribution 1167_5, fhd_MountainWhitefish; ODFW Fish Habitat Distribution 1167_5, fhd_SteelheadWinter",5,"Coastal cutthroat trout [observed] ODFW Fish Habitat Distribution 1167_5, fhd_Cutthroat_Coastal | Coho salmon [observed] ODFW Fish Habitat Distribution 1167_5, fhd_Coho | Mountain whitefish [observed] ODFW Fish Habitat Distribution 1167_5, fhd_MountainWhitefish | Pacific lamprey [observed] ODFW Fish Habitat Distribution 1167_5, fhd_Lamprey_Pacific | Steelhead [observed] ODFW Fish Habitat Distribution 1167_5, fhd_SteelheadWinter","Coastal cutthroat trout=observed; Coho salmon=observed; Mountain whitefish=observed; Pacific lamprey=observed; Steelhead=observed"
"OR-083","Deep Creek Middle Diversion Dam ","OR","Deep Creek ","2022",NA,NA,0,"Redband trout","ODFW Fish Habitat Distribution 1167_5, fhd_Redband",1,"Redband trout [observed] ODFW Fish Habitat Distribution 1167_5, fhd_Redband","Redband trout=observed"
"OR-084","Prineville Country Club Diversion Dam (Lower Ochoco Creek Dam)","OR","Ochoco Creek","2022",NA,NA,0,"Chinook salmon; Mountain whitefish; Redband trout; Steelhead","ODFW Fish Habitat Distribution 1167_5, fhd_ChinookSpring; ODFW Fish Habitat Distribution 1167_5, fhd_MountainWhitefish; ODFW Fish Habitat Distribution 1167_5, fhd_Redband; ODFW Fish Habitat Distribution 1167_5, fhd_SteelheadSummer",4,"Chinook salmon [observed] ODFW Fish Habitat Distribution 1167_5, fhd_ChinookSpring | Mountain whitefish [observed] ODFW Fish Habitat Distribution 1167_5, fhd_MountainWhitefish | Redband trout [observed] ODFW Fish Habitat Distribution 1167_5, fhd_Redband | Steelhead [observed] ODFW Fish Habitat Distribution 1167_5, fhd_SteelheadSummer","Chinook salmon=observed; Mountain whitefish=observed; Redband trout=observed; Steelhead=observed"
"OR-085","Lady Creek Dam","OR","Lady Creek ","2022","Salmon, coho [Lower Columbia River ESU]; Steelhead [Lower Columbia River DPS]","NMFS West Coast critical habitat 20230717",2,"Coastal cutthroat trout; Coho salmon; Steelhead","ODFW Fish Habitat Distribution 1167_5, fhd_Coho; ODFW Fish Habitat Distribution 1167_5, fhd_Cutthroat_Coastal; ODFW Fish Habitat Distribution 1167_5, fhd_SteelheadWinter",3,"Coastal cutthroat trout [observed] ODFW Fish Habitat Distribution 1167_5, fhd_Cutthroat_Coastal | Coho salmon [observed] ODFW Fish Habitat Distribution 1167_5, fhd_Coho | Steelhead [observed] ODFW Fish Habitat Distribution 1167_5, fhd_SteelheadWinter","Coastal cutthroat trout=observed; Coho salmon=observed; Steelhead=observed"
"OR-086","Baker Creek Dam","OR","Baker Creek","2023",NA,NA,0,"Coastal cutthroat trout","ODFW Fish Habitat Distribution 1167_5, fhd_Cutthroat_Coastal",1,"Coastal cutthroat trout [observed] ODFW Fish Habitat Distribution 1167_5, fhd_Cutthroat_Coastal","Coastal cutthroat trout=observed"
"OR-087 to OR-088","Krumwiede Diversion 1 & 2 Pushup Dams","OR","Salt Creek ","2023","Coho salmon (SONCC, derived)","derived SONCC layer; ODFW Fish Habitat Distribution 1167_5, fhd_Coho",1,"Coastal cutthroat trout; Coho salmon; Steelhead","ODFW Fish Habitat Distribution 1167_5, fhd_Coho; ODFW Fish Habitat Distribution 1167_5, fhd_Cutthroat_Coastal; ODFW Fish Habitat Distribution 1167_5, fhd_SteelheadWinter",3,"Coastal cutthroat trout [observed] ODFW Fish Habitat Distribution 1167_5, fhd_Cutthroat_Coastal | Coho salmon [observed] ODFW Fish Habitat Distribution 1167_5, fhd_Coho | Steelhead [observed] ODFW Fish Habitat Distribution 1167_5, fhd_SteelheadWinter","Coastal cutthroat trout=observed; Coho salmon=observed; Steelhead=observed"
"OR-089","Lost Creek Dam","OR","Lost Creek","2023","Coho salmon (SONCC, derived)","derived SONCC layer; ODFW Fish Habitat Distribution 1167_5, fhd_Coho",1,"Coastal cutthroat trout; Coho salmon; Steelhead","ODFW Fish Habitat Distribution 1167_5, fhd_Coho; ODFW Fish Habitat Distribution 1167_5, fhd_Cutthroat_Coastal; ODFW Fish Habitat Distribution 1167_5, fhd_SteelheadWinter",3,"Coastal cutthroat trout [observed] ODFW Fish Habitat Distribution 1167_5, fhd_Cutthroat_Coastal | Coho salmon [observed] ODFW Fish Habitat Distribution 1167_5, fhd_Coho | Steelhead [observed] ODFW Fish Habitat Distribution 1167_5, fhd_SteelheadWinter","Coastal cutthroat trout=observed; Coho salmon=observed; Steelhead=observed"
"OR-090","Lovelace Dam ","OR","Slate Creek","2023","Coho salmon (SONCC, derived)","derived SONCC layer; ODFW Fish Habitat Distribution 1167_5, fhd_Coho",1,"Chinook salmon; Coastal cutthroat trout; Coho salmon; Steelhead","ODFW Fish Habitat Distribution 1167_5, fhd_ChinookFall; ODFW Fish Habitat Distribution 1167_5, fhd_Coho; ODFW Fish Habitat Distribution 1167_5, fhd_Cutthroat_Coastal; ODFW Fish Habitat Distribution 1167_5, fhd_SteelheadWinter",4,"Chinook salmon [observed] ODFW Fish Habitat Distribution 1167_5, fhd_ChinookFall | Coastal cutthroat trout [observed] ODFW Fish Habitat Distribution 1167_5, fhd_Cutthroat_Coastal | Coho salmon [observed] ODFW Fish Habitat Distribution 1167_5, fhd_Coho | Steelhead [observed] ODFW Fish Habitat Distribution 1167_5, fhd_SteelheadWinter","Chinook salmon=observed; Coastal cutthroat trout=observed; Coho salmon=observed; Steelhead=observed"
"OR-091","North Fork Eagle Creek Dam","OR","North Fork Eagle Creek ","2023","Salmon, coho [Lower Columbia River ESU]; Steelhead [Lower Columbia River DPS]","NMFS West Coast critical habitat 20230717",2,"Chinook salmon; Coastal cutthroat trout; Coho salmon; Pacific lamprey; Steelhead","ODFW Fish Habitat Distribution 1167_5, fhd_ChinookFall; ODFW Fish Habitat Distribution 1167_5, fhd_Coho; ODFW Fish Habitat Distribution 1167_5, fhd_Cutthroat_Coastal; ODFW Fish Habitat Distribution 1167_5, fhd_Lamprey_Pacific; ODFW Fish Habitat Distribution 1167_5, fhd_SteelheadWinter",5,"Chinook salmon [observed] ODFW Fish Habitat Distribution 1167_5, fhd_ChinookFall | Coastal cutthroat trout [observed] ODFW Fish Habitat Distribution 1167_5, fhd_Cutthroat_Coastal | Coho salmon [observed] ODFW Fish Habitat Distribution 1167_5, fhd_Coho | Pacific lamprey [observed] ODFW Fish Habitat Distribution 1167_5, fhd_Lamprey_Pacific | Steelhead [observed] ODFW Fish Habitat Distribution 1167_5, fhd_SteelheadWinter","Chinook salmon=observed; Coastal cutthroat trout=observed; Coho salmon=observed; Pacific lamprey=observed; Steelhead=observed"
"OR-093","Poley Allen Diversion Dam ","OR","Lostine River ","2023","Bull Trout; Salmon, Chinook [Snake River spring/summer-run ESU]; Steelhead [Snake River Basin DPS]","NMFS West Coast critical habitat 20230717; USFWS critical habitat bundle 2026-08-31, FCH_SALVELINUS_CONFLUENTUS_20101018.shp",3,"Bull trout; Chinook salmon; Coho salmon; Redband trout; Steelhead","ODFW Fish Habitat Distribution 1167_5, fhd_Bulltrout; ODFW Fish Habitat Distribution 1167_5, fhd_ChinookSpring; ODFW Fish Habitat Distribution 1167_5, fhd_Coho; ODFW Fish Habitat Distribution 1167_5, fhd_Redband; ODFW Fish Habitat Distribution 1167_5, fhd_SteelheadSummer",5,"Bull trout [observed] ODFW Fish Habitat Distribution 1167_5, fhd_Bulltrout | Chinook salmon [observed] ODFW Fish Habitat Distribution 1167_5, fhd_ChinookSpring | Coho salmon [observed] ODFW Fish Habitat Distribution 1167_5, fhd_Coho | Redband trout [observed] ODFW Fish Habitat Distribution 1167_5, fhd_Redband | Steelhead [observed] ODFW Fish Habitat Distribution 1167_5, fhd_SteelheadSummer","Bull trout=observed; Chinook salmon=observed; Coho salmon=observed; Redband trout=observed; Steelhead=observed"
"OR-094","Takelma Creek Dam","OR","Takelma Creek","2023","Coho salmon (SONCC, derived)","derived SONCC layer; ODFW Fish Habitat Distribution 1167_5, fhd_Coho",1,"Coastal cutthroat trout; Coho salmon; Steelhead","ODFW Fish Habitat Distribution 1167_5, fhd_Coho; ODFW Fish Habitat Distribution 1167_5, fhd_Cutthroat_Coastal; ODFW Fish Habitat Distribution 1167_5, fhd_SteelheadWinter",3,"Coastal cutthroat trout [observed] ODFW Fish Habitat Distribution 1167_5, fhd_Cutthroat_Coastal | Coho salmon [observed] ODFW Fish Habitat Distribution 1167_5, fhd_Coho | Steelhead [observed] ODFW Fish Habitat Distribution 1167_5, fhd_SteelheadWinter","Coastal cutthroat trout=observed; Coho salmon=observed; Steelhead=observed"
"OR-095","Whiskey Creek Hydro Dam","OR","Whiskey Creek ","2023",NA,NA,0,"Chinook salmon; Coastal cutthroat trout","ODFW Fish Habitat Distribution 1167_5, fhd_ChinookSpring; ODFW Fish Habitat Distribution 1167_5, fhd_Cutthroat_Coastal",2,"Chinook salmon [observed] ODFW Fish Habitat Distribution 1167_5, fhd_ChinookSpring | Coastal cutthroat trout [observed] ODFW Fish Habitat Distribution 1167_5, fhd_Cutthroat_Coastal","Chinook salmon=observed; Coastal cutthroat trout=observed"
"OR-096","John C. Boyle Dam","OR","Klamath River","2024",NA,NA,0,"Chinook salmon; Coho salmon; Klamath largescale sucker; Lost River sucker; Redband trout; Shortnose sucker; Steelhead","ODFW Fish Habitat Distribution 1167_5, fhd_ChinookFall; ODFW Fish Habitat Distribution 1167_5, fhd_Coho; ODFW Fish Habitat Distribution 1167_5, fhd_Redband; ODFW Fish Habitat Distribution 1167_5, fhd_SteelheadSummer; ODFW Fish Habitat Distribution 1167_5, fhd_Sucker_KlamathLargescale; ODFW Fish Habitat Distribution 1167_5, fhd_Sucker_LostRiver; ODFW Fish Habitat Distribution 1167_5, fhd_Sucker_Shortnose",7,"Chinook salmon [observed] ODFW Fish Habitat Distribution 1167_5, fhd_ChinookFall | Coho salmon [observed] ODFW Fish Habitat Distribution 1167_5, fhd_Coho | Klamath largescale sucker [observed] ODFW Fish Habitat Distribution 1167_5, fhd_Sucker_KlamathLargescale | Lost River sucker [observed] ODFW Fish Habitat Distribution 1167_5, fhd_Sucker_LostRiver | Redband trout [observed] ODFW Fish Habitat Distribution 1167_5, fhd_Redband | Shortnose sucker [observed] ODFW Fish Habitat Distribution 1167_5, fhd_Sucker_Shortnose | Steelhead [observed] ODFW Fish Habitat Distribution 1167_5, fhd_SteelheadSummer","Chinook salmon=observed; Coho salmon=observed; Klamath largescale sucker=observed; Lost River sucker=observed; Redband trout=observed; Shortnose sucker=observed; Steelhead=observed"
"OR-097","Pomeroy Dam","OR","Illinois River","2024","Coho salmon (SONCC, derived)","derived SONCC layer; ODFW Fish Habitat Distribution 1167_5, fhd_Coho",1,"Chinook salmon; Coastal cutthroat trout; Coho salmon; Pacific lamprey; Steelhead","ODFW Fish Habitat Distribution 1167_5, fhd_ChinookFall; ODFW Fish Habitat Distribution 1167_5, fhd_Coho; ODFW Fish Habitat Distribution 1167_5, fhd_Cutthroat_Coastal; ODFW Fish Habitat Distribution 1167_5, fhd_SteelheadWinter; USFWS Pacific Lamprey Known Observations And Distribution 2022, layer 45",5,"Chinook salmon [observed] ODFW Fish Habitat Distribution 1167_5, fhd_ChinookFall | Coastal cutthroat trout [observed] ODFW Fish Habitat Distribution 1167_5, fhd_Cutthroat_Coastal | Coho salmon [observed] ODFW Fish Habitat Distribution 1167_5, fhd_Coho | Pacific lamprey [observed] USFWS Pacific Lamprey Known Observations And Distribution 2022, layer 45 | Steelhead [observed] ODFW Fish Habitat Distribution 1167_5, fhd_SteelheadWinter","Chinook salmon=observed; Coastal cutthroat trout=observed; Coho salmon=observed; Pacific lamprey=observed; Steelhead=observed"
"OR-098","Williams-Whalen Dam","OR","Evans Creek","2024","Coho salmon (SONCC, derived)","derived SONCC layer; ODFW Fish Habitat Distribution 1167_5, fhd_Coho",1,"Chinook salmon; Coastal cutthroat trout; Coho salmon; Pacific lamprey; Steelhead","ODFW Fish Habitat Distribution 1167_5, fhd_ChinookFall; ODFW Fish Habitat Distribution 1167_5, fhd_Coho; ODFW Fish Habitat Distribution 1167_5, fhd_Cutthroat_Coastal; ODFW Fish Habitat Distribution 1167_5, fhd_Lamprey_Pacific; ODFW Fish Habitat Distribution 1167_5, fhd_SteelheadWinter",5,"Chinook salmon [observed] ODFW Fish Habitat Distribution 1167_5, fhd_ChinookFall | Coastal cutthroat trout [observed] ODFW Fish Habitat Distribution 1167_5, fhd_Cutthroat_Coastal | Coho salmon [observed] ODFW Fish Habitat Distribution 1167_5, fhd_Coho | Pacific lamprey [observed] ODFW Fish Habitat Distribution 1167_5, fhd_Lamprey_Pacific | Steelhead [observed] ODFW Fish Habitat Distribution 1167_5, fhd_SteelheadWinter","Chinook salmon=observed; Coastal cutthroat trout=observed; Coho salmon=observed; Pacific lamprey=observed; Steelhead=observed"
"OR-099","Hartman Dam","OR","Butte Creek","1999",NA,NA,0,"Chinook salmon; Coastal cutthroat trout; Coho salmon; Pacific lamprey; Steelhead","ODFW Fish Habitat Distribution 1167_5, fhd_ChinookSpring; ODFW Fish Habitat Distribution 1167_5, fhd_Coho; ODFW Fish Habitat Distribution 1167_5, fhd_Cutthroat_Coastal; ODFW Fish Habitat Distribution 1167_5, fhd_Lamprey_Pacific; ODFW Fish Habitat Distribution 1167_5, fhd_SteelheadWinter",5,"Chinook salmon [observed] ODFW Fish Habitat Distribution 1167_5, fhd_ChinookSpring | Coastal cutthroat trout [observed] ODFW Fish Habitat Distribution 1167_5, fhd_Cutthroat_Coastal | Coho salmon [observed] ODFW Fish Habitat Distribution 1167_5, fhd_Coho | Pacific lamprey [observed] ODFW Fish Habitat Distribution 1167_5, fhd_Lamprey_Pacific | Steelhead [observed] ODFW Fish Habitat Distribution 1167_5, fhd_SteelheadWinter","Chinook salmon=observed; Coastal cutthroat trout=observed; Coho salmon=observed; Pacific lamprey=observed; Steelhead=observed"
"OR-100","Cline Falls Dam","OR","Deschutes River","2017",NA,NA,0,"Mountain whitefish; Redband trout","ODFW Fish Habitat Distribution 1167_5, fhd_MountainWhitefish; ODFW Fish Habitat Distribution 1167_5, fhd_Redband",2,"Mountain whitefish [observed] ODFW Fish Habitat Distribution 1167_5, fhd_MountainWhitefish | Redband trout [observed] ODFW Fish Habitat Distribution 1167_5, fhd_Redband","Mountain whitefish=observed; Redband trout=observed"
"OR-101","Peterson Dam","OR","Birch Creek","2024","Steelhead [Middle Columbia River DPS]","NMFS West Coast critical habitat 20230717",1,"Chinook salmon; Coho salmon; Redband trout; Steelhead","ODFW Fish Habitat Distribution 1167_5, fhd_ChinookFall; ODFW Fish Habitat Distribution 1167_5, fhd_Coho; ODFW Fish Habitat Distribution 1167_5, fhd_Redband; ODFW Fish Habitat Distribution 1167_5, fhd_SteelheadSummer",4,"Chinook salmon [observed] ODFW Fish Habitat Distribution 1167_5, fhd_ChinookFall | Coho salmon [observed] ODFW Fish Habitat Distribution 1167_5, fhd_Coho | Redband trout [observed] ODFW Fish Habitat Distribution 1167_5, fhd_Redband | Steelhead [observed] ODFW Fish Habitat Distribution 1167_5, fhd_SteelheadSummer","Chinook salmon=observed; Coho salmon=observed; Redband trout=observed; Steelhead=observed"
"WA-001","Maiden Dam","WA","Touchet River","1998","Bull Trout; Steelhead [Middle Columbia River DPS]","NMFS West Coast critical habitat 20230717; USFWS critical habitat bundle 2026-08-31, FCH_SALVELINUS_CONFLUENTUS_20101018.shp",2,"Chinook salmon; Steelhead","WDFW SWIFD, file geodatabase of 2026-04-17",2,"Chinook salmon [observed] WDFW SWIFD, file geodatabase of 2026-04-17 | Steelhead [observed] WDFW SWIFD, file geodatabase of 2026-04-17","Chinook salmon=observed; Steelhead=observed"
"WA-003","Goldsborough Dam","WA","Goldsborough Creek","2001","Steelhead [Puget Sound DPS]","NMFS West Coast critical habitat 20230717",1,"Chinook salmon; Chum salmon; Coastal cutthroat trout; Coho salmon; Steelhead","WDFW SWIFD, file geodatabase of 2026-04-17",5,"Chinook salmon [observed] WDFW SWIFD, file geodatabase of 2026-04-17 | Chum salmon [observed] WDFW SWIFD, file geodatabase of 2026-04-17 | Coastal cutthroat trout [presumed] WDFW SWIFD, file geodatabase of 2026-04-17 | Coho salmon [observed] WDFW SWIFD, file geodatabase of 2026-04-17 | Steelhead [observed] WDFW SWIFD, file geodatabase of 2026-04-17","Chinook salmon=observed; Chum salmon=observed; Coastal cutthroat trout=presumed; Coho salmon=observed; Steelhead=observed"
"WA-004","Unnamed Blockage #1 (Diffusion Dam 2)","WA","Icicle Creek","2003","Bull Trout","USFWS critical habitat bundle 2026-08-31, FCH_SALVELINUS_CONFLUENTUS_20101018.shp",1,"Bull trout; Mountain whitefish","WDFW SWIFD, file geodatabase of 2026-04-17",2,"Bull trout [observed] WDFW SWIFD, file geodatabase of 2026-04-17 | Mountain whitefish [observed] WDFW SWIFD, file geodatabase of 2026-04-17","Bull trout=observed; Mountain whitefish=observed"
"WA-005","Unnamed Blockage #2 (Diffusion Dam 3)","WA","Icicle Creek","2003","Bull Trout","USFWS critical habitat bundle 2026-08-31, FCH_SALVELINUS_CONFLUENTUS_20101018.shp",1,"Bull trout; Mountain whitefish","WDFW SWIFD, file geodatabase of 2026-04-17",2,"Bull trout [observed] WDFW SWIFD, file geodatabase of 2026-04-17 | Mountain whitefish [observed] WDFW SWIFD, file geodatabase of 2026-04-17","Bull trout=observed; Mountain whitefish=observed"
"WA-006","Unnamed Blockage #3 (Diffusion Dam 4)","WA","Icicle Creek","2005","Bull Trout","USFWS critical habitat bundle 2026-08-31, FCH_SALVELINUS_CONFLUENTUS_20101018.shp",1,"Bull trout; Mountain whitefish","WDFW SWIFD, file geodatabase of 2026-04-17",2,"Bull trout [observed] WDFW SWIFD, file geodatabase of 2026-04-17 | Mountain whitefish [observed] WDFW SWIFD, file geodatabase of 2026-04-17","Bull trout=observed; Mountain whitefish=observed"
"WA-007","Lower Currier Creek Fish Passage and Habitat Restoration","WA","Yakima River Basin","2007","Steelhead [Middle Columbia River DPS]","NMFS West Coast critical habitat 20230717",1,NA,NA,0,NA,NA
"WA-008","Chico Creek Instream Habitat Restoration","WA","Chico Creek","2008","Steelhead [Puget Sound DPS]","NMFS West Coast critical habitat 20230717",1,"Chum salmon; Coastal cutthroat trout; Coho salmon; Steelhead","WDFW SWIFD, file geodatabase of 2026-04-17",4,"Chum salmon [observed] WDFW SWIFD, file geodatabase of 2026-04-17 | Coastal cutthroat trout [observed] WDFW SWIFD, file geodatabase of 2026-04-17 | Coho salmon [observed] WDFW SWIFD, file geodatabase of 2026-04-17 | Steelhead [observed] WDFW SWIFD, file geodatabase of 2026-04-17","Chum salmon=observed; Coastal cutthroat trout=observed; Coho salmon=observed; Steelhead=observed"
"WA-009","Satus Dam","WA","Satus Creek","2009","Steelhead [Middle Columbia River DPS]","NMFS West Coast critical habitat 20230717",1,"Chinook salmon; Coho salmon; Steelhead","WDFW SWIFD, file geodatabase of 2026-04-17",3,"Chinook salmon [presumed] WDFW SWIFD, file geodatabase of 2026-04-17 | Coho salmon [observed] WDFW SWIFD, file geodatabase of 2026-04-17 | Steelhead [observed] WDFW SWIFD, file geodatabase of 2026-04-17","Chinook salmon=presumed; Coho salmon=observed; Steelhead=observed"
"WA-010","Bruton Dam","WA","Taneum Creek","2009","Bull Trout; Steelhead [Middle Columbia River DPS]","NMFS West Coast critical habitat 20230717; USFWS critical habitat bundle 2026-08-31, FCH_SALVELINUS_CONFLUENTUS_20101018.shp",2,"Chinook salmon; Steelhead","WDFW SWIFD, file geodatabase of 2026-04-17",2,"Chinook salmon [observed] WDFW SWIFD, file geodatabase of 2026-04-17 | Steelhead [observed] WDFW SWIFD, file geodatabase of 2026-04-17","Chinook salmon=observed; Steelhead=observed"
"WA-011","Hemlock Dam","WA","Trout Creek","2009","Salmon, Chinook [Lower Columbia River ESU]; Steelhead [Lower Columbia River DPS]","NMFS West Coast critical habitat 20230717",2,"Chinook salmon; Coho salmon; Steelhead","WDFW SWIFD, file geodatabase of 2026-04-17",3,"Chinook salmon [presumed] WDFW SWIFD, file geodatabase of 2026-04-17 | Coho salmon [observed] WDFW SWIFD, file geodatabase of 2026-04-17 | Steelhead [observed] WDFW SWIFD, file geodatabase of 2026-04-17","Chinook salmon=presumed; Coho salmon=observed; Steelhead=observed"
"WA-013","Elwha Dam","WA","Elwha River","2011","Bull Trout; Salmon, Chinook [Puget Sound ESU]; Steelhead [Puget Sound DPS]","NMFS West Coast critical habitat 20230717; USFWS critical habitat bundle 2026-08-31, FCH_SALVELINUS_CONFLUENTUS_20101018.shp",3,"Bull trout; Chinook salmon; Coastal cutthroat trout; Coho salmon; Pacific lamprey; Pink salmon; Sockeye salmon; Steelhead","USFWS Pacific Lamprey Known Observations And Distribution 2022, layer 45; WDFW SWIFD, file geodatabase of 2026-04-17",8,"Bull trout [observed] WDFW SWIFD, file geodatabase of 2026-04-17 | Chinook salmon [observed] WDFW SWIFD, file geodatabase of 2026-04-17 | Coastal cutthroat trout [observed] WDFW SWIFD, file geodatabase of 2026-04-17 | Coho salmon [observed] WDFW SWIFD, file geodatabase of 2026-04-17 | Pacific lamprey [observed] USFWS Pacific Lamprey Known Observations And Distribution 2022, layer 45 | Pink salmon [observed] WDFW SWIFD, file geodatabase of 2026-04-17 | Sockeye salmon [observed] WDFW SWIFD, file geodatabase of 2026-04-17 | Steelhead [observed] WDFW SWIFD, file geodatabase of 2026-04-17","Bull trout=observed; Chinook salmon=observed; Coastal cutthroat trout=observed; Coho salmon=observed; Pacific lamprey=observed; Pink salmon=observed; Sockeye salmon=observed; Steelhead=observed"
"WA-014","Glines Canyon Dam","WA","Elwha River","2011","Bull Trout; Steelhead [Puget Sound DPS]","NMFS West Coast critical habitat 20230717; USFWS critical habitat bundle 2026-08-31, FCH_SALVELINUS_CONFLUENTUS_20101018.shp",2,"Bull trout; Pacific lamprey; Steelhead","USFWS Pacific Lamprey Known Observations And Distribution 2022, layer 45; WDFW SWIFD, file geodatabase of 2026-04-17",3,"Bull trout [observed] WDFW SWIFD, file geodatabase of 2026-04-17 | Pacific lamprey [observed] USFWS Pacific Lamprey Known Observations And Distribution 2022, layer 45 | Steelhead [presumed] WDFW SWIFD, file geodatabase of 2026-04-17","Bull trout=observed; Pacific lamprey=observed; Steelhead=presumed"
"WA-015","Martha Creek Dam","WA","Martha Creek","2012",NA,NA,0,"Coho salmon; Steelhead","WDFW SWIFD, file geodatabase of 2026-04-17",2,"Coho salmon [presumed] WDFW SWIFD, file geodatabase of 2026-04-17 | Steelhead [observed] WDFW SWIFD, file geodatabase of 2026-04-17","Coho salmon=presumed; Steelhead=observed"
"WA-016","White River Mill Pond Dam","WA","Boise Creek","",NA,NA,0,NA,NA,0,NA,NA
"WA-018","Hunters Dam","WA","Hunters Creek","",NA,NA,0,"Redband trout","WDFW SWIFD, file geodatabase of 2026-04-17",1,"Redband trout [inferred] WDFW SWIFD, file geodatabase of 2026-04-17","Redband trout=inferred"
"WA-019","Mill Creek Settling Basin Dam","WA","Mill Creek","",NA,NA,0,"Coho salmon","WDFW SWIFD, file geodatabase of 2026-04-17",1,"Coho salmon [observed] WDFW SWIFD, file geodatabase of 2026-04-17","Coho salmon=observed"
"WA-022","Darrington Water Works Dam","WA","Tributary to Sauk River","",NA,NA,0,NA,NA,0,NA,NA
"WA-023","Sultan Mill Pond Dam","WA","Wagleys Creek","","Salmon, Chinook [Puget Sound ESU]; Steelhead [Puget Sound DPS]","NMFS West Coast critical habitat 20230717",2,"Bull trout; Chinook salmon; Coastal cutthroat trout; Coho salmon; Steelhead","WDFW SWIFD, file geodatabase of 2026-04-17",5,"Bull trout [presumed] WDFW SWIFD, file geodatabase of 2026-04-17 | Chinook salmon [observed] WDFW SWIFD, file geodatabase of 2026-04-17 | Coastal cutthroat trout [observed] WDFW SWIFD, file geodatabase of 2026-04-17 | Coho salmon [observed] WDFW SWIFD, file geodatabase of 2026-04-17 | Steelhead [observed] WDFW SWIFD, file geodatabase of 2026-04-17","Bull trout=presumed; Chinook salmon=observed; Coastal cutthroat trout=observed; Coho salmon=observed; Steelhead=observed"
"WA-024","Wind River Dam","WA","Wind River","","Salmon, Chinook [Lower Columbia River ESU]; Steelhead [Lower Columbia River DPS]","NMFS West Coast critical habitat 20230717",2,"Chinook salmon; Coho salmon; Pacific lamprey; Steelhead","USFWS Pacific Lamprey Known Observations And Distribution 2022, layer 45; WDFW SWIFD, file geodatabase of 2026-04-17",4,"Chinook salmon [observed] WDFW SWIFD, file geodatabase of 2026-04-17 | Coho salmon [presumed] WDFW SWIFD, file geodatabase of 2026-04-17 | Pacific lamprey [observed] USFWS Pacific Lamprey Known Observations And Distribution 2022, layer 45 | Steelhead [observed] WDFW SWIFD, file geodatabase of 2026-04-17","Chinook salmon=observed; Coho salmon=presumed; Pacific lamprey=observed; Steelhead=observed"
"WA-025","Black Mud Waste Pond A Dam","WA","Tributary to Columbia River","",NA,NA,0,NA,NA,0,NA,NA
"WA-026","Black Mud Waste Pond B Dam","WA","Tributary to Columbia River","",NA,NA,0,NA,NA,0,NA,NA
"WA-027","Black Mud Waste Pond C Dam","WA","Tributary to Columbia River","",NA,NA,0,NA,NA,0,NA,NA
"WA-030","Growden Dam","WA","Sherman Creek","2009",NA,NA,0,NA,NA,0,NA,NA
"WA-031","Durham Dam","WA","Toppenish Creek","2012","Steelhead [Middle Columbia River DPS]","NMFS West Coast critical habitat 20230717",1,"Coho salmon; Pacific lamprey; Steelhead","USFWS Pacific Lamprey Known Observations And Distribution 2022, layer 45; WDFW SWIFD, file geodatabase of 2026-04-17",3,"Coho salmon [observed] WDFW SWIFD, file geodatabase of 2026-04-17 | Pacific lamprey [observed] USFWS Pacific Lamprey Known Observations And Distribution 2022, layer 45 | Steelhead [observed] WDFW SWIFD, file geodatabase of 2026-04-17","Coho salmon=observed; Pacific lamprey=observed; Steelhead=observed"
"WA-032","Cedar Creek Dam","WA","Cedar Creek","2005","Bull Trout","USFWS critical habitat bundle 2026-08-31, FCH_SALVELINUS_CONFLUENTUS_20101018.shp",1,"Bull trout; Redband trout; Westslope cutthroat trout","WDFW SWIFD, file geodatabase of 2026-04-17",3,"Bull trout [observed] WDFW SWIFD, file geodatabase of 2026-04-17 | Redband trout [inferred] WDFW SWIFD, file geodatabase of 2026-04-17 | Westslope cutthroat trout [observed] WDFW SWIFD, file geodatabase of 2026-04-17","Bull trout=observed; Redband trout=inferred; Westslope cutthroat trout=observed"
"WA-033","Reed Diversion Dam","WA","Manashtash Creek","2016","Steelhead [Middle Columbia River DPS]","NMFS West Coast critical habitat 20230717",1,NA,NA,0,NA,NA
"WA-034","Mill Pond Dam ","WA","Sullivan Creek","2017","Bull Trout","USFWS critical habitat bundle 2026-08-31, FCH_SALVELINUS_CONFLUENTUS_20101018.shp",1,"Bull trout; Mountain whitefish; Redband trout; Westslope cutthroat trout","WDFW SWIFD, file geodatabase of 2026-04-17",4,"Bull trout [presumed] WDFW SWIFD, file geodatabase of 2026-04-17 | Mountain whitefish [observed] WDFW SWIFD, file geodatabase of 2026-04-17 | Redband trout [inferred] WDFW SWIFD, file geodatabase of 2026-04-17 | Westslope cutthroat trout [observed] WDFW SWIFD, file geodatabase of 2026-04-17","Bull trout=presumed; Mountain whitefish=observed; Redband trout=inferred; Westslope cutthroat trout=observed"
"WA-035","Condit Dam","WA","White Salmon River","2011","Bull Trout; Salmon, Chinook [Lower Columbia River ESU]; Salmon, chum [Columbia River ESU]; Salmon, coho [Lower Columbia River ESU]; Steelhead [Middle Columbia River DPS]","NMFS West Coast critical habitat 20230717; USFWS critical habitat bundle 2026-08-31, FCH_SALVELINUS_CONFLUENTUS_20101018.shp",5,"Bull trout; Chinook salmon; Coastal cutthroat trout; Coho salmon; Mountain whitefish; Pacific lamprey; Steelhead","USFWS Pacific Lamprey Known Observations And Distribution 2022, layer 45; WDFW SWIFD, file geodatabase of 2026-04-17",7,"Bull trout [observed] WDFW SWIFD, file geodatabase of 2026-04-17 | Chinook salmon [observed] WDFW SWIFD, file geodatabase of 2026-04-17 | Coastal cutthroat trout [presumed] WDFW SWIFD, file geodatabase of 2026-04-17 | Coho salmon [observed] WDFW SWIFD, file geodatabase of 2026-04-17 | Mountain whitefish [presumed] WDFW SWIFD, file geodatabase of 2026-04-17 | Pacific lamprey [observed] USFWS Pacific Lamprey Known Observations And Distribution 2022, layer 45 | Steelhead [observed] WDFW SWIFD, file geodatabase of 2026-04-17","Bull trout=observed; Chinook salmon=observed; Coastal cutthroat trout=presumed; Coho salmon=observed; Mountain whitefish=presumed; Pacific lamprey=observed; Steelhead=observed"
"WA-036","Middle Fork Nooksack River Dam","WA","Middle Fork Nooksack River","2020","Bull Trout; Salmon, Chinook [Puget Sound ESU]; Steelhead [Puget Sound DPS]","NMFS West Coast critical habitat 20230717; USFWS critical habitat bundle 2026-08-31, FCH_SALVELINUS_CONFLUENTUS_20101018.shp",3,"Bull trout; Chinook salmon; Coastal cutthroat trout; Coho salmon; Pink salmon; Steelhead","WDFW SWIFD, file geodatabase of 2026-04-17",6,"Bull trout [observed] WDFW SWIFD, file geodatabase of 2026-04-17 | Chinook salmon [observed] WDFW SWIFD, file geodatabase of 2026-04-17 | Coastal cutthroat trout [observed] WDFW SWIFD, file geodatabase of 2026-04-17 | Coho salmon [presumed] WDFW SWIFD, file geodatabase of 2026-04-17 | Pink salmon [observed] WDFW SWIFD, file geodatabase of 2026-04-17 | Steelhead [observed] WDFW SWIFD, file geodatabase of 2026-04-17","Bull trout=observed; Chinook salmon=observed; Coastal cutthroat trout=observed; Coho salmon=presumed; Pink salmon=observed; Steelhead=observed"
"WA-037","Pilchuck River Diversion Dam","WA","Pilchuck River","2020","Bull Trout; Salmon, Chinook [Puget Sound ESU]; Steelhead [Puget Sound DPS]","NMFS West Coast critical habitat 20230717; USFWS critical habitat bundle 2026-08-31, FCH_SALVELINUS_CONFLUENTUS_20101018.shp",3,"Bull trout; Chinook salmon; Chum salmon; Coastal cutthroat trout; Coho salmon; Pacific lamprey; Pink salmon; Steelhead","USFWS Pacific Lamprey Known Observations And Distribution 2022, layer 45; WDFW SWIFD, file geodatabase of 2026-04-17",8,"Bull trout [observed] WDFW SWIFD, file geodatabase of 2026-04-17 | Chinook salmon [observed] WDFW SWIFD, file geodatabase of 2026-04-17 | Chum salmon [presumed] WDFW SWIFD, file geodatabase of 2026-04-17 | Coastal cutthroat trout [observed] WDFW SWIFD, file geodatabase of 2026-04-17 | Coho salmon [observed] WDFW SWIFD, file geodatabase of 2026-04-17 | Pacific lamprey [observed] USFWS Pacific Lamprey Known Observations And Distribution 2022, layer 45 | Pink salmon [presumed] WDFW SWIFD, file geodatabase of 2026-04-17 | Steelhead [observed] WDFW SWIFD, file geodatabase of 2026-04-17","Bull trout=observed; Chinook salmon=observed; Chum salmon=presumed; Coastal cutthroat trout=observed; Coho salmon=observed; Pacific lamprey=observed; Pink salmon=presumed; Steelhead=observed"
"WA-038","Nelson Dam","WA","Naches River","2021","Bull Trout; Steelhead [Middle Columbia River DPS]","NMFS West Coast critical habitat 20230717; USFWS critical habitat bundle 2026-08-31, FCH_SALVELINUS_CONFLUENTUS_20101018.shp",2,"Bull trout; Chinook salmon; Coho salmon; Mountain whitefish; Pacific lamprey; Steelhead","USFWS Pacific Lamprey Known Observations And Distribution 2022, layer 45; WDFW SWIFD, file geodatabase of 2026-04-17",6,"Bull trout [observed] WDFW SWIFD, file geodatabase of 2026-04-17 | Chinook salmon [observed] WDFW SWIFD, file geodatabase of 2026-04-17 | Coho salmon [observed] WDFW SWIFD, file geodatabase of 2026-04-17 | Mountain whitefish [observed] WDFW SWIFD, file geodatabase of 2026-04-17 | Pacific lamprey [observed] USFWS Pacific Lamprey Known Observations And Distribution 2022, layer 45 | Steelhead [observed] WDFW SWIFD, file geodatabase of 2026-04-17","Bull trout=observed; Chinook salmon=observed; Coho salmon=observed; Mountain whitefish=observed; Pacific lamprey=observed; Steelhead=observed"
"WA-039","Beaver Creek Dam No. 1","WA","Beaver Creek","2023",NA,NA,0,NA,NA,0,NA,NA
"WA-040","Beaver Creek Dam No. 2","WA","Beaver Creek","2023",NA,NA,0,NA,NA,0,NA,NA
"WA-041","Spore Dam (Barrel Springs Dam)","WA","Barrel Springs","2023",NA,NA,0,NA,NA,0,NA,NA
"WA-042","Baird Creek Splash Dam","WA","Baird Creek (Tributary to Coweeman River)","2023","Salmon, coho [Lower Columbia River ESU]; Steelhead [Lower Columbia River DPS]","NMFS West Coast critical habitat 20230717",2,"Coastal cutthroat trout; Coho salmon; Steelhead","WDFW SWIFD, file geodatabase of 2026-04-17",3,"Coastal cutthroat trout [observed] WDFW SWIFD, file geodatabase of 2026-04-17 | Coho salmon [observed] WDFW SWIFD, file geodatabase of 2026-04-17 | Steelhead [observed] WDFW SWIFD, file geodatabase of 2026-04-17","Coastal cutthroat trout=observed; Coho salmon=observed; Steelhead=observed"
"WA-043","Kwoneesum Dam","WA","Wildboy Creek","2024","Salmon, coho [Lower Columbia River ESU]; Steelhead [Lower Columbia River DPS]","NMFS West Coast critical habitat 20230717",2,"Coastal cutthroat trout; Coho salmon; Steelhead","WDFW SWIFD, file geodatabase of 2026-04-17",3,"Coastal cutthroat trout [observed] WDFW SWIFD, file geodatabase of 2026-04-17 | Coho salmon [observed] WDFW SWIFD, file geodatabase of 2026-04-17 | Steelhead [observed] WDFW SWIFD, file geodatabase of 2026-04-17","Coastal cutthroat trout=observed; Coho salmon=observed; Steelhead=observed"
"WA-044","Snyder Creek AOP #1 Dam","WA","Synder Canyon Creek","2024","Steelhead [Middle Columbia River DPS]","NMFS West Coast critical habitat 20230717",1,"Coastal cutthroat trout; Coho salmon; Steelhead","WDFW SWIFD, file geodatabase of 2026-04-17",3,"Coastal cutthroat trout [observed] WDFW SWIFD, file geodatabase of 2026-04-17 | Coho salmon [observed] WDFW SWIFD, file geodatabase of 2026-04-17 | Steelhead [observed] WDFW SWIFD, file geodatabase of 2026-04-17","Coastal cutthroat trout=observed; Coho salmon=observed; Steelhead=observed"
"WA-045","Unnamed Dam","WA","West Fork Anderson Creek","2025","Steelhead [Puget Sound DPS]","NMFS West Coast critical habitat 20230717",1,"Coastal cutthroat trout; Coho salmon; Steelhead","WDFW SWIFD, file geodatabase of 2026-04-17",3,"Coastal cutthroat trout [observed] WDFW SWIFD, file geodatabase of 2026-04-17 | Coho salmon [observed] WDFW SWIFD, file geodatabase of 2026-04-17 | Steelhead [observed] WDFW SWIFD, file geodatabase of 2026-04-17","Coastal cutthroat trout=observed; Coho salmon=observed; Steelhead=observed"
"WA-046","Unnamed Dam","WA","East Fork Anderson Creek","2025",NA,NA,0,"Coastal cutthroat trout; Coho salmon","WDFW SWIFD, file geodatabase of 2026-04-17",2,"Coastal cutthroat trout [observed] WDFW SWIFD, file geodatabase of 2026-04-17 | Coho salmon [observed] WDFW SWIFD, file geodatabase of 2026-04-17","Coastal cutthroat trout=observed; Coho salmon=observed"
