"AR_ID","dam","state","species","source","nearest_m","nearest_passes","nearest_attrs","nearest_stream","nearest_passing_m","passing_stream","same_stream_m","name_equal","rule_base","rule_same_stream","verdict"
"CA-006","Salt Creek Dam","CA","Bridgelip sucker","(none)",NA,NA,"",NA,NA,NA,NA,NA,"n/a","n/a","NO CA SOURCE, by design: not native to California"
"CA-006","Salt Creek Dam","CA","Bull trout","(none)",NA,NA,"",NA,NA,NA,NA,NA,"n/a","n/a","NO CA SOURCE, by design: extirpated in California (McCloud River, not seen since the mid-1970s)"
"CA-006","Salt Creek Dam","CA","Chinook salmon","PISCES Oncorhynchus_tshawytscha_SOT05",41436,TRUE,"HUC12 range",NA,41436,NA,NA,NA,"no","n/a (range)","outside the range by 41436 m"
"CA-006","Salt Creek Dam","CA","Chinook salmon","PISCES Oncorhynchus_tshawytscha_SOT07",41436,TRUE,"HUC12 range",NA,41436,NA,NA,NA,"no","n/a (range)","outside the range by 41436 m"
"CA-006","Salt Creek Dam","CA","Chinook salmon","PISCES Oncorhynchus_tshawytscha_SOT08",41436,TRUE,"HUC12 range",NA,41436,NA,NA,NA,"no","n/a (range)","outside the range by 41436 m"
"CA-006","Salt Creek Dam","CA","Chinook salmon","PISCES Oncorhynchus_tshawytscha_SOT01",96488,TRUE,"HUC12 range",NA,96488,NA,NA,NA,"no","n/a (range)","outside the range by 96488 m"
"CA-006","Salt Creek Dam","CA","Chinook salmon","PISCES Oncorhynchus_tshawytscha_SOT02",96488,TRUE,"HUC12 range",NA,96488,NA,NA,NA,"no","n/a (range)","outside the range by 96488 m"
"CA-006","Salt Creek Dam","CA","Chinook salmon","PISCES Oncorhynchus_tshawytscha_SOT03",207098,TRUE,"HUC12 range",NA,207098,NA,NA,NA,"no","n/a (range)","outside the range by 207098 m"
"CA-006","Salt Creek Dam","CA","Chinook salmon","NOAA ds981 CA Coastal Chinook",NA,NA,"",NA,NA,NA,NA,NA,"no","no","nothing within 1 km"
"CA-006","Salt Creek Dam","CA","Chinook salmon","NOAA ds982 CV spring Chinook",NA,NA,"",NA,NA,NA,NA,NA,"no","no","nothing within 1 km"
"CA-006","Salt Creek Dam","CA","Chum salmon","(none)",NA,NA,"",NA,NA,NA,NA,NA,"n/a","n/a","NO CA SOURCE, by design: strays only, no California source"
"CA-006","Salt Creek Dam","CA","Coastal cutthroat trout","PISCES Oncorhynchus_clarki_clarki_SOC01",149190,TRUE,"HUC12 range",NA,149190,NA,NA,NA,"no","n/a (range)","outside the range by 149190 m"
"CA-006","Salt Creek Dam","CA","Coho salmon","CDFW ds326 coho",NA,NA,"",NA,NA,NA,NA,NA,"no","no","nothing within 1 km"
"CA-006","Salt Creek Dam","CA","Eulachon","PISCES Thaleichthys_pacificus_OTP01",157940,TRUE,"HUC12 range",NA,157940,NA,NA,NA,"no","n/a (range)","outside the range by 157940 m"
"CA-006","Salt Creek Dam","CA","Green sturgeon","PISCES Acipenser_medirostris_AAM02",65198,TRUE,"HUC12 range",NA,65198,NA,NA,NA,"no","n/a (range)","outside the range by 65198 m"
"CA-006","Salt Creek Dam","CA","Green sturgeon","PISCES Acipenser_medirostris_AAM01",136107,TRUE,"HUC12 range",NA,136107,NA,NA,NA,"no","n/a (range)","outside the range by 136107 m"
"CA-006","Salt Creek Dam","CA","Klamath largescale sucker","PISCES Catostomus_snyderi_CCS01",286066,TRUE,"HUC12 range",NA,286066,NA,NA,NA,"no","n/a (range)","outside the range by 286066 m"
"CA-006","Salt Creek Dam","CA","Largescale sucker","(none)",NA,NA,"",NA,NA,NA,NA,NA,"n/a","n/a","NO CA SOURCE, by design: not native to California"
"CA-006","Salt Creek Dam","CA","Lost River sucker","PISCES Catostomus_luxatus_CCL01",279819,TRUE,"HUC12 range",NA,279819,NA,NA,NA,"no","n/a (range)","outside the range by 279819 m"
"CA-006","Salt Creek Dam","CA","Mountain whitefish","PISCES Prosopium_williamsoni_SPW01",206774,TRUE,"HUC12 range",NA,206774,NA,NA,NA,"no","n/a (range)","outside the range by 206774 m"
"CA-006","Salt Creek Dam","CA","Pacific lamprey","USFWS NW lamprey 2022 (federal)",NA,NA,"",NA,NA,NA,NA,NA,"no","no","nothing within 1 km"
"CA-006","Salt Creek Dam","CA","Pacific lamprey","USFWS ds2673 lamprey (federal)",NA,NA,"",NA,NA,NA,NA,NA,"no","no","nothing within 1 km"
"CA-006","Salt Creek Dam","CA","Pink salmon","(none)",NA,NA,"",NA,NA,NA,NA,NA,"n/a","n/a","NO CA SOURCE, by design: strays only, no California source"
"CA-006","Salt Creek Dam","CA","Redband trout","PISCES Oncorhynchus_mykiss_subspecies_SOM11",216764,TRUE,"HUC12 range",NA,216764,NA,NA,NA,"no","n/a (range)","outside the range by 216764 m"
"CA-006","Salt Creek Dam","CA","Redband trout","PISCES Oncorhynchus_mykiss_stonei_SOM10",223292,TRUE,"HUC12 range",NA,223292,NA,NA,NA,"no","n/a (range)","outside the range by 223292 m"
"CA-006","Salt Creek Dam","CA","Shortnose sucker","PISCES Chasmistes_brevirostris_CCB01",279819,TRUE,"HUC12 range",NA,279819,NA,NA,NA,"no","n/a (range)","outside the range by 279819 m"
"CA-006","Salt Creek Dam","CA","Sockeye salmon","(none)",NA,NA,"",NA,NA,NA,NA,NA,"n/a","n/a","NO CA SOURCE, by design: strays only, no California source"
"CA-006","Salt Creek Dam","CA","Steelhead","CDFW ds340 winter steelhead",NA,NA,"",NA,NA,NA,NA,NA,"no","no","nothing within 1 km"
"CA-006","Salt Creek Dam","CA","Steelhead","CDFW ds341 summer steelhead",NA,NA,"",NA,NA,NA,NA,NA,"no","no","nothing within 1 km"
"CA-006","Salt Creek Dam","CA","Western river lamprey","PISCES Lampetra_ayersi_PLA01",18314,TRUE,"HUC12 range",NA,18314,NA,NA,NA,"no","n/a (range)","outside the range by 18314 m"
"CA-006","Salt Creek Dam","CA","Westslope cutthroat trout","(none)",NA,NA,"",NA,NA,NA,NA,NA,"n/a","n/a","NO CA SOURCE, by design: not native to California"
"CA-006","Salt Creek Dam","CA","White sturgeon","PISCES Acipenser_transmontanus_AAT01",65198,TRUE,"HUC12 range",NA,65198,NA,NA,NA,"no","n/a (range)","outside the range by 65198 m"
"CA-008","Upper Murphy Dam","CA","Bridgelip sucker","(none)",NA,NA,"",NA,NA,NA,NA,NA,"n/a","n/a","NO CA SOURCE, by design: not native to California"
"CA-008","Upper Murphy Dam","CA","Bull trout","(none)",NA,NA,"",NA,NA,NA,NA,NA,"n/a","n/a","NO CA SOURCE, by design: extirpated in California (McCloud River, not seen since the mid-1970s)"
"CA-008","Upper Murphy Dam","CA","Chinook salmon","PISCES Oncorhynchus_tshawytscha_SOT05",35177,TRUE,"HUC12 range",NA,35177,NA,NA,NA,"no","n/a (range)","outside the range by 35177 m"
"CA-008","Upper Murphy Dam","CA","Chinook salmon","PISCES Oncorhynchus_tshawytscha_SOT07",35177,TRUE,"HUC12 range",NA,35177,NA,NA,NA,"no","n/a (range)","outside the range by 35177 m"
"CA-008","Upper Murphy Dam","CA","Chinook salmon","PISCES Oncorhynchus_tshawytscha_SOT08",35177,TRUE,"HUC12 range",NA,35177,NA,NA,NA,"no","n/a (range)","outside the range by 35177 m"
"CA-008","Upper Murphy Dam","CA","Chinook salmon","PISCES Oncorhynchus_tshawytscha_SOT01",229752,TRUE,"HUC12 range",NA,229752,NA,NA,NA,"no","n/a (range)","outside the range by 229752 m"
"CA-008","Upper Murphy Dam","CA","Chinook salmon","PISCES Oncorhynchus_tshawytscha_SOT02",229752,TRUE,"HUC12 range",NA,229752,NA,NA,NA,"no","n/a (range)","outside the range by 229752 m"
"CA-008","Upper Murphy Dam","CA","Chinook salmon","PISCES Oncorhynchus_tshawytscha_SOT03",333691,TRUE,"HUC12 range",NA,333691,NA,NA,NA,"no","n/a (range)","outside the range by 333691 m"
"CA-008","Upper Murphy Dam","CA","Chinook salmon","NOAA ds981 CA Coastal Chinook",NA,NA,"",NA,NA,NA,NA,NA,"no","no","nothing within 1 km"
"CA-008","Upper Murphy Dam","CA","Chinook salmon","NOAA ds982 CV spring Chinook",NA,NA,"",NA,NA,NA,NA,NA,"no","no","nothing within 1 km"
"CA-008","Upper Murphy Dam","CA","Chum salmon","(none)",NA,NA,"",NA,NA,NA,NA,NA,"n/a","n/a","NO CA SOURCE, by design: strays only, no California source"
"CA-008","Upper Murphy Dam","CA","Coastal cutthroat trout","PISCES Oncorhynchus_clarki_clarki_SOC01",271495,TRUE,"HUC12 range",NA,271495,NA,NA,NA,"no","n/a (range)","outside the range by 271495 m"
"CA-008","Upper Murphy Dam","CA","Coho salmon","CDFW ds326 coho",NA,NA,"",NA,NA,NA,NA,NA,"no","no","nothing within 1 km"
"CA-008","Upper Murphy Dam","CA","Eulachon","PISCES Thaleichthys_pacificus_OTP01",276306,TRUE,"HUC12 range",NA,276306,NA,NA,NA,"no","n/a (range)","outside the range by 276306 m"
"CA-008","Upper Murphy Dam","CA","Green sturgeon","PISCES Acipenser_medirostris_AAM02",24743,TRUE,"HUC12 range",NA,24743,NA,NA,NA,"no","n/a (range)","outside the range by 24743 m"
"CA-008","Upper Murphy Dam","CA","Green sturgeon","PISCES Acipenser_medirostris_AAM01",252684,TRUE,"HUC12 range",NA,252684,NA,NA,NA,"no","n/a (range)","outside the range by 252684 m"
"CA-008","Upper Murphy Dam","CA","Klamath largescale sucker","PISCES Catostomus_snyderi_CCS01",418155,TRUE,"HUC12 range",NA,418155,NA,NA,NA,"no","n/a (range)","outside the range by 418155 m"
"CA-008","Upper Murphy Dam","CA","Largescale sucker","(none)",NA,NA,"",NA,NA,NA,NA,NA,"n/a","n/a","NO CA SOURCE, by design: not native to California"
"CA-008","Upper Murphy Dam","CA","Lost River sucker","PISCES Catostomus_luxatus_CCL01",411253,TRUE,"HUC12 range",NA,411253,NA,NA,NA,"no","n/a (range)","outside the range by 411253 m"
"CA-008","Upper Murphy Dam","CA","Mountain whitefish","PISCES Prosopium_williamsoni_SPW01",254056,TRUE,"HUC12 range",NA,254056,NA,NA,NA,"no","n/a (range)","outside the range by 254056 m"
"CA-008","Upper Murphy Dam","CA","Pacific lamprey","USFWS NW lamprey 2022 (federal)",NA,NA,"",NA,NA,NA,NA,NA,"no","no","nothing within 1 km"
"CA-008","Upper Murphy Dam","CA","Pacific lamprey","USFWS ds2673 lamprey (federal)",NA,NA,"",NA,NA,NA,NA,NA,"no","no","nothing within 1 km"
"CA-008","Upper Murphy Dam","CA","Pink salmon","(none)",NA,NA,"",NA,NA,NA,NA,NA,"n/a","n/a","NO CA SOURCE, by design: strays only, no California source"
"CA-008","Upper Murphy Dam","CA","Redband trout","PISCES Oncorhynchus_mykiss_subspecies_SOM11",335540,TRUE,"HUC12 range",NA,335540,NA,NA,NA,"no","n/a (range)","outside the range by 335540 m"
"CA-008","Upper Murphy Dam","CA","Redband trout","PISCES Oncorhynchus_mykiss_stonei_SOM10",356018,TRUE,"HUC12 range",NA,356018,NA,NA,NA,"no","n/a (range)","outside the range by 356018 m"
"CA-008","Upper Murphy Dam","CA","Shortnose sucker","PISCES Chasmistes_brevirostris_CCB01",411253,TRUE,"HUC12 range",NA,411253,NA,NA,NA,"no","n/a (range)","outside the range by 411253 m"
"CA-008","Upper Murphy Dam","CA","Sockeye salmon","(none)",NA,NA,"",NA,NA,NA,NA,NA,"n/a","n/a","NO CA SOURCE, by design: strays only, no California source"
"CA-008","Upper Murphy Dam","CA","Steelhead","CDFW ds340 winter steelhead",767,TRUE,"Early_Yr=2004; Late_Yr=2004","Home Ranch Creek",767,"Home Ranch Creek",767,TRUE,"no","no","tolerance: nearest passing 767 m, past both rules"
"CA-008","Upper Murphy Dam","CA","Steelhead","CDFW ds341 summer steelhead",NA,NA,"",NA,NA,NA,NA,NA,"no","no","nothing within 1 km"
"CA-008","Upper Murphy Dam","CA","Western river lamprey","PISCES Lampetra_ayersi_PLA01",17226,TRUE,"HUC12 range",NA,17226,NA,NA,NA,"no","n/a (range)","outside the range by 17226 m"
"CA-008","Upper Murphy Dam","CA","Westslope cutthroat trout","(none)",NA,NA,"",NA,NA,NA,NA,NA,"n/a","n/a","NO CA SOURCE, by design: not native to California"
"CA-008","Upper Murphy Dam","CA","White sturgeon","PISCES Acipenser_transmontanus_AAT01",24743,TRUE,"HUC12 range",NA,24743,NA,NA,NA,"no","n/a (range)","outside the range by 24743 m"
"CA-030","Bear Valley Dam","CA","Bridgelip sucker","(none)",NA,NA,"",NA,NA,NA,NA,NA,"n/a","n/a","NO CA SOURCE, by design: not native to California"
"CA-030","Bear Valley Dam","CA","Bull trout","(none)",NA,NA,"",NA,NA,NA,NA,NA,"n/a","n/a","NO CA SOURCE, by design: extirpated in California (McCloud River, not seen since the mid-1970s)"
"CA-030","Bear Valley Dam","CA","Chinook salmon","PISCES Oncorhynchus_tshawytscha_SOT05",26983,TRUE,"HUC12 range",NA,26983,NA,NA,NA,"no","n/a (range)","outside the range by 26983 m"
"CA-030","Bear Valley Dam","CA","Chinook salmon","PISCES Oncorhynchus_tshawytscha_SOT07",26983,TRUE,"HUC12 range",NA,26983,NA,NA,NA,"no","n/a (range)","outside the range by 26983 m"
"CA-030","Bear Valley Dam","CA","Chinook salmon","PISCES Oncorhynchus_tshawytscha_SOT08",26983,TRUE,"HUC12 range",NA,26983,NA,NA,NA,"no","n/a (range)","outside the range by 26983 m"
"CA-030","Bear Valley Dam","CA","Chinook salmon","PISCES Oncorhynchus_tshawytscha_SOT01",240574,TRUE,"HUC12 range",NA,240574,NA,NA,NA,"no","n/a (range)","outside the range by 240574 m"
"CA-030","Bear Valley Dam","CA","Chinook salmon","PISCES Oncorhynchus_tshawytscha_SOT02",240574,TRUE,"HUC12 range",NA,240574,NA,NA,NA,"no","n/a (range)","outside the range by 240574 m"
"CA-030","Bear Valley Dam","CA","Chinook salmon","PISCES Oncorhynchus_tshawytscha_SOT03",345491,TRUE,"HUC12 range",NA,345491,NA,NA,NA,"no","n/a (range)","outside the range by 345491 m"
"CA-030","Bear Valley Dam","CA","Chinook salmon","NOAA ds981 CA Coastal Chinook",NA,NA,"",NA,NA,NA,NA,NA,"no","no","nothing within 1 km"
"CA-030","Bear Valley Dam","CA","Chinook salmon","NOAA ds982 CV spring Chinook",NA,NA,"",NA,NA,NA,NA,NA,"no","no","nothing within 1 km"
"CA-030","Bear Valley Dam","CA","Chum salmon","(none)",NA,NA,"",NA,NA,NA,NA,NA,"n/a","n/a","NO CA SOURCE, by design: strays only, no California source"
"CA-030","Bear Valley Dam","CA","Coastal cutthroat trout","PISCES Oncorhynchus_clarki_clarki_SOC01",283487,TRUE,"HUC12 range",NA,283487,NA,NA,NA,"no","n/a (range)","outside the range by 283487 m"
"CA-030","Bear Valley Dam","CA","Coho salmon","CDFW ds326 coho",NA,NA,"",NA,NA,NA,NA,NA,"no","no","nothing within 1 km"
"CA-030","Bear Valley Dam","CA","Eulachon","PISCES Thaleichthys_pacificus_OTP01",288529,TRUE,"HUC12 range",NA,288529,NA,NA,NA,"no","n/a (range)","outside the range by 288529 m"
"CA-030","Bear Valley Dam","CA","Green sturgeon","PISCES Acipenser_medirostris_AAM02",17290,TRUE,"HUC12 range",NA,17290,NA,NA,NA,"no","n/a (range)","outside the range by 17290 m"
"CA-030","Bear Valley Dam","CA","Green sturgeon","PISCES Acipenser_medirostris_AAM01",264922,TRUE,"HUC12 range",NA,264922,NA,NA,NA,"no","n/a (range)","outside the range by 264922 m"
"CA-030","Bear Valley Dam","CA","Klamath largescale sucker","PISCES Catostomus_snyderi_CCS01",426231,TRUE,"HUC12 range",NA,426231,NA,NA,NA,"no","n/a (range)","outside the range by 426231 m"
"CA-030","Bear Valley Dam","CA","Largescale sucker","(none)",NA,NA,"",NA,NA,NA,NA,NA,"n/a","n/a","NO CA SOURCE, by design: not native to California"
"CA-030","Bear Valley Dam","CA","Lost River sucker","PISCES Catostomus_luxatus_CCL01",419175,TRUE,"HUC12 range",NA,419175,NA,NA,NA,"no","n/a (range)","outside the range by 419175 m"
"CA-030","Bear Valley Dam","CA","Mountain whitefish","PISCES Prosopium_williamsoni_SPW01",250856,TRUE,"HUC12 range",NA,250856,NA,NA,NA,"no","n/a (range)","outside the range by 250856 m"
"CA-030","Bear Valley Dam","CA","Pacific lamprey","USFWS NW lamprey 2022 (federal)",NA,NA,"",NA,NA,NA,NA,NA,"no","no","nothing within 1 km"
"CA-030","Bear Valley Dam","CA","Pacific lamprey","USFWS ds2673 lamprey (federal)",NA,NA,"",NA,NA,NA,NA,NA,"no","no","nothing within 1 km"
"CA-030","Bear Valley Dam","CA","Pink salmon","(none)",NA,NA,"",NA,NA,NA,NA,NA,"n/a","n/a","NO CA SOURCE, by design: strays only, no California source"
"CA-030","Bear Valley Dam","CA","Redband trout","PISCES Oncorhynchus_mykiss_subspecies_SOM11",341426,TRUE,"HUC12 range",NA,341426,NA,NA,NA,"no","n/a (range)","outside the range by 341426 m"
"CA-030","Bear Valley Dam","CA","Redband trout","PISCES Oncorhynchus_mykiss_stonei_SOM10",364362,TRUE,"HUC12 range",NA,364362,NA,NA,NA,"no","n/a (range)","outside the range by 364362 m"
"CA-030","Bear Valley Dam","CA","Shortnose sucker","PISCES Chasmistes_brevirostris_CCB01",419175,TRUE,"HUC12 range",NA,419175,NA,NA,NA,"no","n/a (range)","outside the range by 419175 m"
"CA-030","Bear Valley Dam","CA","Sockeye salmon","(none)",NA,NA,"",NA,NA,NA,NA,NA,"n/a","n/a","NO CA SOURCE, by design: strays only, no California source"
"CA-030","Bear Valley Dam","CA","Steelhead","CDFW ds340 winter steelhead",NA,NA,"",NA,NA,NA,NA,NA,"no","no","nothing within 1 km"
"CA-030","Bear Valley Dam","CA","Steelhead","CDFW ds341 summer steelhead",NA,NA,"",NA,NA,NA,NA,NA,"no","no","nothing within 1 km"
"CA-030","Bear Valley Dam","CA","Western river lamprey","PISCES Lampetra_ayersi_PLA01",17290,TRUE,"HUC12 range",NA,17290,NA,NA,NA,"no","n/a (range)","outside the range by 17290 m"
"CA-030","Bear Valley Dam","CA","Westslope cutthroat trout","(none)",NA,NA,"",NA,NA,NA,NA,NA,"n/a","n/a","NO CA SOURCE, by design: not native to California"
"CA-030","Bear Valley Dam","CA","White sturgeon","PISCES Acipenser_transmontanus_AAT01",17290,TRUE,"HUC12 range",NA,17290,NA,NA,NA,"no","n/a (range)","outside the range by 17290 m"
"CA-031","Rogers Dam","CA","Bridgelip sucker","(none)",NA,NA,"",NA,NA,NA,NA,NA,"n/a","n/a","NO CA SOURCE, by design: not native to California"
"CA-031","Rogers Dam","CA","Bull trout","(none)",NA,NA,"",NA,NA,NA,NA,NA,"n/a","n/a","NO CA SOURCE, by design: extirpated in California (McCloud River, not seen since the mid-1970s)"
"CA-031","Rogers Dam","CA","Chinook salmon","PISCES Oncorhynchus_tshawytscha_SOT05",25000,TRUE,"HUC12 range",NA,25000,NA,NA,NA,"no","n/a (range)","outside the range by 25000 m"
"CA-031","Rogers Dam","CA","Chinook salmon","PISCES Oncorhynchus_tshawytscha_SOT07",25000,TRUE,"HUC12 range",NA,25000,NA,NA,NA,"no","n/a (range)","outside the range by 25000 m"
"CA-031","Rogers Dam","CA","Chinook salmon","PISCES Oncorhynchus_tshawytscha_SOT08",25000,TRUE,"HUC12 range",NA,25000,NA,NA,NA,"no","n/a (range)","outside the range by 25000 m"
"CA-031","Rogers Dam","CA","Chinook salmon","PISCES Oncorhynchus_tshawytscha_SOT01",234790,TRUE,"HUC12 range",NA,234790,NA,NA,NA,"no","n/a (range)","outside the range by 234790 m"
"CA-031","Rogers Dam","CA","Chinook salmon","PISCES Oncorhynchus_tshawytscha_SOT02",234790,TRUE,"HUC12 range",NA,234790,NA,NA,NA,"no","n/a (range)","outside the range by 234790 m"
"CA-031","Rogers Dam","CA","Chinook salmon","PISCES Oncorhynchus_tshawytscha_SOT03",340198,TRUE,"HUC12 range",NA,340198,NA,NA,NA,"no","n/a (range)","outside the range by 340198 m"
"CA-031","Rogers Dam","CA","Chinook salmon","NOAA ds981 CA Coastal Chinook",NA,NA,"",NA,NA,NA,NA,NA,"no","no","nothing within 1 km"
"CA-031","Rogers Dam","CA","Chinook salmon","NOAA ds982 CV spring Chinook",NA,NA,"",NA,NA,NA,NA,NA,"no","no","nothing within 1 km"
"CA-031","Rogers Dam","CA","Chum salmon","(none)",NA,NA,"",NA,NA,NA,NA,NA,"n/a","n/a","NO CA SOURCE, by design: strays only, no California source"
"CA-031","Rogers Dam","CA","Coastal cutthroat trout","PISCES Oncorhynchus_clarki_clarki_SOC01",278347,TRUE,"HUC12 range",NA,278347,NA,NA,NA,"no","n/a (range)","outside the range by 278347 m"
"CA-031","Rogers Dam","CA","Coho salmon","CDFW ds326 coho",595,TRUE,"DFGWATERID=27879684","Olema Creek",595,"Olema Creek",NA,FALSE,"no","no","tolerance: nearest passing 595 m, past the base rule, and no name-equal stream"
"CA-031","Rogers Dam","CA","Eulachon","PISCES Thaleichthys_pacificus_OTP01",283590,TRUE,"HUC12 range",NA,283590,NA,NA,NA,"no","n/a (range)","outside the range by 283590 m"
"CA-031","Rogers Dam","CA","Green sturgeon","PISCES Acipenser_medirostris_AAM02",14111,TRUE,"HUC12 range",NA,14111,NA,NA,NA,"no","n/a (range)","outside the range by 14111 m"
"CA-031","Rogers Dam","CA","Green sturgeon","PISCES Acipenser_medirostris_AAM01",260002,TRUE,"HUC12 range",NA,260002,NA,NA,NA,"no","n/a (range)","outside the range by 260002 m"
"CA-031","Rogers Dam","CA","Klamath largescale sucker","PISCES Catostomus_snyderi_CCS01",419833,TRUE,"HUC12 range",NA,419833,NA,NA,NA,"no","n/a (range)","outside the range by 419833 m"
"CA-031","Rogers Dam","CA","Largescale sucker","(none)",NA,NA,"",NA,NA,NA,NA,NA,"n/a","n/a","NO CA SOURCE, by design: not native to California"
"CA-031","Rogers Dam","CA","Lost River sucker","PISCES Catostomus_luxatus_CCL01",412765,TRUE,"HUC12 range",NA,412765,NA,NA,NA,"no","n/a (range)","outside the range by 412765 m"
"CA-031","Rogers Dam","CA","Mountain whitefish","PISCES Prosopium_williamsoni_SPW01",246285,TRUE,"HUC12 range",NA,246285,NA,NA,NA,"no","n/a (range)","outside the range by 246285 m"
"CA-031","Rogers Dam","CA","Pacific lamprey","USFWS NW lamprey 2022 (federal)",NA,NA,"",NA,NA,NA,NA,NA,"no","no","nothing within 1 km"
"CA-031","Rogers Dam","CA","Pacific lamprey","USFWS ds2673 lamprey (federal)",NA,NA,"",NA,NA,NA,NA,NA,"no","no","nothing within 1 km"
"CA-031","Rogers Dam","CA","Pink salmon","(none)",NA,NA,"",NA,NA,NA,NA,NA,"n/a","n/a","NO CA SOURCE, by design: strays only, no California source"
"CA-031","Rogers Dam","CA","Redband trout","PISCES Oncorhynchus_mykiss_subspecies_SOM11",334981,TRUE,"HUC12 range",NA,334981,NA,NA,NA,"no","n/a (range)","outside the range by 334981 m"
"CA-031","Rogers Dam","CA","Redband trout","PISCES Oncorhynchus_mykiss_stonei_SOM10",357993,TRUE,"HUC12 range",NA,357993,NA,NA,NA,"no","n/a (range)","outside the range by 357993 m"
"CA-031","Rogers Dam","CA","Shortnose sucker","PISCES Chasmistes_brevirostris_CCB01",412765,TRUE,"HUC12 range",NA,412765,NA,NA,NA,"no","n/a (range)","outside the range by 412765 m"
"CA-031","Rogers Dam","CA","Sockeye salmon","(none)",NA,NA,"",NA,NA,NA,NA,NA,"n/a","n/a","NO CA SOURCE, by design: strays only, no California source"
"CA-031","Rogers Dam","CA","Steelhead","CDFW ds340 winter steelhead",595,TRUE,"Early_Yr=1979; Late_Yr=2004","Olema Creek",595,"Olema Creek",NA,FALSE,"no","no","tolerance: nearest passing 595 m, past the base rule, and no name-equal stream"
"CA-031","Rogers Dam","CA","Steelhead","CDFW ds341 summer steelhead",NA,NA,"",NA,NA,NA,NA,NA,"no","no","nothing within 1 km"
"CA-031","Rogers Dam","CA","Western river lamprey","PISCES Lampetra_ayersi_PLA01",14111,TRUE,"HUC12 range",NA,14111,NA,NA,NA,"no","n/a (range)","outside the range by 14111 m"
"CA-031","Rogers Dam","CA","Westslope cutthroat trout","(none)",NA,NA,"",NA,NA,NA,NA,NA,"n/a","n/a","NO CA SOURCE, by design: not native to California"
"CA-031","Rogers Dam","CA","White sturgeon","PISCES Acipenser_transmontanus_AAT01",14111,TRUE,"HUC12 range",NA,14111,NA,NA,NA,"no","n/a (range)","outside the range by 14111 m"
"CA-049","Unnamed Arizona Crossing","CA","Bridgelip sucker","(none)",NA,NA,"",NA,NA,NA,NA,NA,"n/a","n/a","NO CA SOURCE, by design: not native to California"
"CA-049","Unnamed Arizona Crossing","CA","Bull trout","(none)",NA,NA,"",NA,NA,NA,NA,NA,"n/a","n/a","NO CA SOURCE, by design: extirpated in California (McCloud River, not seen since the mid-1970s)"
"CA-049","Unnamed Arizona Crossing","CA","Chinook salmon","PISCES Oncorhynchus_tshawytscha_SOT07",326669,TRUE,"HUC12 range",NA,326669,NA,NA,NA,"no","n/a (range)","outside the range by 326669 m"
"CA-049","Unnamed Arizona Crossing","CA","Chinook salmon","PISCES Oncorhynchus_tshawytscha_SOT08",326669,TRUE,"HUC12 range",NA,326669,NA,NA,NA,"no","n/a (range)","outside the range by 326669 m"
"CA-049","Unnamed Arizona Crossing","CA","Chinook salmon","PISCES Oncorhynchus_tshawytscha_SOT05",481335,TRUE,"HUC12 range",NA,481335,NA,NA,NA,"no","n/a (range)","outside the range by 481335 m"
"CA-049","Unnamed Arizona Crossing","CA","Chinook salmon","PISCES Oncorhynchus_tshawytscha_SOT01",777894,TRUE,"HUC12 range",NA,777894,NA,NA,NA,"no","n/a (range)","outside the range by 777894 m"
"CA-049","Unnamed Arizona Crossing","CA","Chinook salmon","PISCES Oncorhynchus_tshawytscha_SOT02",777894,TRUE,"HUC12 range",NA,777894,NA,NA,NA,"no","n/a (range)","outside the range by 777894 m"
"CA-049","Unnamed Arizona Crossing","CA","Chinook salmon","PISCES Oncorhynchus_tshawytscha_SOT03",892541,TRUE,"HUC12 range",NA,892541,NA,NA,NA,"no","n/a (range)","outside the range by 892541 m"
"CA-049","Unnamed Arizona Crossing","CA","Chinook salmon","NOAA ds981 CA Coastal Chinook",NA,NA,"",NA,NA,NA,NA,NA,"no","no","nothing within 1 km"
"CA-049","Unnamed Arizona Crossing","CA","Chinook salmon","NOAA ds982 CV spring Chinook",NA,NA,"",NA,NA,NA,NA,NA,"no","no","nothing within 1 km"
"CA-049","Unnamed Arizona Crossing","CA","Chum salmon","(none)",NA,NA,"",NA,NA,NA,NA,NA,"n/a","n/a","NO CA SOURCE, by design: strays only, no California source"
"CA-049","Unnamed Arizona Crossing","CA","Coastal cutthroat trout","PISCES Oncorhynchus_clarki_clarki_SOC01",836793,TRUE,"HUC12 range",NA,836793,NA,NA,NA,"no","n/a (range)","outside the range by 836793 m"
"CA-049","Unnamed Arizona Crossing","CA","Coho salmon","CDFW ds326 coho",NA,NA,"",NA,NA,NA,NA,NA,"no","no","nothing within 1 km"
"CA-049","Unnamed Arizona Crossing","CA","Eulachon","PISCES Thaleichthys_pacificus_OTP01",845415,TRUE,"HUC12 range",NA,845415,NA,NA,NA,"no","n/a (range)","outside the range by 845415 m"
"CA-049","Unnamed Arizona Crossing","CA","Green sturgeon","PISCES Acipenser_medirostris_AAM02",416307,TRUE,"HUC12 range",NA,416307,NA,NA,NA,"no","n/a (range)","outside the range by 416307 m"
"CA-049","Unnamed Arizona Crossing","CA","Green sturgeon","PISCES Acipenser_medirostris_AAM01",822971,TRUE,"HUC12 range",NA,822971,NA,NA,NA,"no","n/a (range)","outside the range by 822971 m"
"CA-049","Unnamed Arizona Crossing","CA","Klamath largescale sucker","PISCES Catostomus_snyderi_CCS01",857739,TRUE,"HUC12 range",NA,857739,NA,NA,NA,"no","n/a (range)","outside the range by 857739 m"
"CA-049","Unnamed Arizona Crossing","CA","Largescale sucker","(none)",NA,NA,"",NA,NA,NA,NA,NA,"n/a","n/a","NO CA SOURCE, by design: not native to California"
"CA-049","Unnamed Arizona Crossing","CA","Lost River sucker","PISCES Catostomus_luxatus_CCL01",869744,TRUE,"HUC12 range",NA,869744,NA,NA,NA,"no","n/a (range)","outside the range by 869744 m"
"CA-049","Unnamed Arizona Crossing","CA","Mountain whitefish","PISCES Prosopium_williamsoni_SPW01",454833,TRUE,"HUC12 range",NA,454833,NA,NA,NA,"no","n/a (range)","outside the range by 454833 m"
"CA-049","Unnamed Arizona Crossing","CA","Pacific lamprey","USFWS NW lamprey 2022 (federal)",NA,NA,"",NA,NA,NA,NA,NA,"no","no","nothing within 1 km"
"CA-049","Unnamed Arizona Crossing","CA","Pacific lamprey","USFWS ds2673 lamprey (federal)",NA,NA,"",NA,NA,NA,NA,NA,"no","no","nothing within 1 km"
"CA-049","Unnamed Arizona Crossing","CA","Pink salmon","(none)",NA,NA,"",NA,NA,NA,NA,NA,"n/a","n/a","NO CA SOURCE, by design: strays only, no California source"
"CA-049","Unnamed Arizona Crossing","CA","Redband trout","PISCES Oncorhynchus_mykiss_subspecies_SOM11",775347,TRUE,"HUC12 range",NA,775347,NA,NA,NA,"no","n/a (range)","outside the range by 775347 m"
"CA-049","Unnamed Arizona Crossing","CA","Redband trout","PISCES Oncorhynchus_mykiss_stonei_SOM10",840335,TRUE,"HUC12 range",NA,840335,NA,NA,NA,"no","n/a (range)","outside the range by 840335 m"
"CA-049","Unnamed Arizona Crossing","CA","Shortnose sucker","PISCES Chasmistes_brevirostris_CCB01",857739,TRUE,"HUC12 range",NA,857739,NA,NA,NA,"no","n/a (range)","outside the range by 857739 m"
"CA-049","Unnamed Arizona Crossing","CA","Sockeye salmon","(none)",NA,NA,"",NA,NA,NA,NA,NA,"n/a","n/a","NO CA SOURCE, by design: strays only, no California source"
"CA-049","Unnamed Arizona Crossing","CA","Steelhead","CDFW ds340 winter steelhead",142,TRUE,"Early_Yr=1990; Late_Yr=1990"," ",142," ",NA,FALSE,"no","no","tolerance: nearest passing 142 m, past the base rule, and no name-equal stream"
"CA-049","Unnamed Arizona Crossing","CA","Steelhead","CDFW ds341 summer steelhead",NA,NA,"",NA,NA,NA,NA,NA,"no","no","nothing within 1 km"
"CA-049","Unnamed Arizona Crossing","CA","Western river lamprey","PISCES Lampetra_ayersi_PLA01",445466,TRUE,"HUC12 range",NA,445466,NA,NA,NA,"no","n/a (range)","outside the range by 445466 m"
"CA-049","Unnamed Arizona Crossing","CA","Westslope cutthroat trout","(none)",NA,NA,"",NA,NA,NA,NA,NA,"n/a","n/a","NO CA SOURCE, by design: not native to California"
"CA-049","Unnamed Arizona Crossing","CA","White sturgeon","PISCES Acipenser_transmontanus_AAT01",405500,TRUE,"HUC12 range",NA,405500,NA,NA,NA,"no","n/a (range)","outside the range by 405500 m"
"CA-051","Trancas Debris Dam","CA","Bridgelip sucker","(none)",NA,NA,"",NA,NA,NA,NA,NA,"n/a","n/a","NO CA SOURCE, by design: not native to California"
"CA-051","Trancas Debris Dam","CA","Bull trout","(none)",NA,NA,"",NA,NA,NA,NA,NA,"n/a","n/a","NO CA SOURCE, by design: extirpated in California (McCloud River, not seen since the mid-1970s)"
"CA-051","Trancas Debris Dam","CA","Chinook salmon","PISCES Oncorhynchus_tshawytscha_SOT07",325243,TRUE,"HUC12 range",NA,325243,NA,NA,NA,"no","n/a (range)","outside the range by 325243 m"
"CA-051","Trancas Debris Dam","CA","Chinook salmon","PISCES Oncorhynchus_tshawytscha_SOT08",325243,TRUE,"HUC12 range",NA,325243,NA,NA,NA,"no","n/a (range)","outside the range by 325243 m"
"CA-051","Trancas Debris Dam","CA","Chinook salmon","PISCES Oncorhynchus_tshawytscha_SOT05",477056,TRUE,"HUC12 range",NA,477056,NA,NA,NA,"no","n/a (range)","outside the range by 477056 m"
"CA-051","Trancas Debris Dam","CA","Chinook salmon","PISCES Oncorhynchus_tshawytscha_SOT01",774823,TRUE,"HUC12 range",NA,774823,NA,NA,NA,"no","n/a (range)","outside the range by 774823 m"
"CA-051","Trancas Debris Dam","CA","Chinook salmon","PISCES Oncorhynchus_tshawytscha_SOT02",774823,TRUE,"HUC12 range",NA,774823,NA,NA,NA,"no","n/a (range)","outside the range by 774823 m"
"CA-051","Trancas Debris Dam","CA","Chinook salmon","PISCES Oncorhynchus_tshawytscha_SOT03",889386,TRUE,"HUC12 range",NA,889386,NA,NA,NA,"no","n/a (range)","outside the range by 889386 m"
"CA-051","Trancas Debris Dam","CA","Chinook salmon","NOAA ds981 CA Coastal Chinook",NA,NA,"",NA,NA,NA,NA,NA,"no","no","nothing within 1 km"
"CA-051","Trancas Debris Dam","CA","Chinook salmon","NOAA ds982 CV spring Chinook",NA,NA,"",NA,NA,NA,NA,NA,"no","no","nothing within 1 km"
"CA-051","Trancas Debris Dam","CA","Chum salmon","(none)",NA,NA,"",NA,NA,NA,NA,NA,"n/a","n/a","NO CA SOURCE, by design: strays only, no California source"
"CA-051","Trancas Debris Dam","CA","Coastal cutthroat trout","PISCES Oncorhynchus_clarki_clarki_SOC01",833367,TRUE,"HUC12 range",NA,833367,NA,NA,NA,"no","n/a (range)","outside the range by 833367 m"
"CA-051","Trancas Debris Dam","CA","Coho salmon","CDFW ds326 coho",NA,NA,"",NA,NA,NA,NA,NA,"no","no","nothing within 1 km"
"CA-051","Trancas Debris Dam","CA","Eulachon","PISCES Thaleichthys_pacificus_OTP01",841887,TRUE,"HUC12 range",NA,841887,NA,NA,NA,"no","n/a (range)","outside the range by 841887 m"
"CA-051","Trancas Debris Dam","CA","Green sturgeon","PISCES Acipenser_medirostris_AAM02",413427,TRUE,"HUC12 range",NA,413427,NA,NA,NA,"no","n/a (range)","outside the range by 413427 m"
"CA-051","Trancas Debris Dam","CA","Green sturgeon","PISCES Acipenser_medirostris_AAM01",819365,TRUE,"HUC12 range",NA,819365,NA,NA,NA,"no","n/a (range)","outside the range by 819365 m"
"CA-051","Trancas Debris Dam","CA","Klamath largescale sucker","PISCES Catostomus_snyderi_CCS01",856922,TRUE,"HUC12 range",NA,856922,NA,NA,NA,"no","n/a (range)","outside the range by 856922 m"
"CA-051","Trancas Debris Dam","CA","Largescale sucker","(none)",NA,NA,"",NA,NA,NA,NA,NA,"n/a","n/a","NO CA SOURCE, by design: not native to California"
"CA-051","Trancas Debris Dam","CA","Lost River sucker","PISCES Catostomus_luxatus_CCL01",868952,TRUE,"HUC12 range",NA,868952,NA,NA,NA,"no","n/a (range)","outside the range by 868952 m"
"CA-051","Trancas Debris Dam","CA","Mountain whitefish","PISCES Prosopium_williamsoni_SPW01",454826,TRUE,"HUC12 range",NA,454826,NA,NA,NA,"no","n/a (range)","outside the range by 454826 m"
"CA-051","Trancas Debris Dam","CA","Pacific lamprey","USFWS NW lamprey 2022 (federal)",NA,NA,"",NA,NA,NA,NA,NA,"no","no","nothing within 1 km"
"CA-051","Trancas Debris Dam","CA","Pacific lamprey","USFWS ds2673 lamprey (federal)",NA,NA,"",NA,NA,NA,NA,NA,"no","no","nothing within 1 km"
"CA-051","Trancas Debris Dam","CA","Pink salmon","(none)",NA,NA,"",NA,NA,NA,NA,NA,"n/a","n/a","NO CA SOURCE, by design: strays only, no California source"
"CA-051","Trancas Debris Dam","CA","Redband trout","PISCES Oncorhynchus_mykiss_subspecies_SOM11",774188,TRUE,"HUC12 range",NA,774188,NA,NA,NA,"no","n/a (range)","outside the range by 774188 m"
"CA-051","Trancas Debris Dam","CA","Redband trout","PISCES Oncorhynchus_mykiss_stonei_SOM10",838685,TRUE,"HUC12 range",NA,838685,NA,NA,NA,"no","n/a (range)","outside the range by 838685 m"
"CA-051","Trancas Debris Dam","CA","Shortnose sucker","PISCES Chasmistes_brevirostris_CCB01",856922,TRUE,"HUC12 range",NA,856922,NA,NA,NA,"no","n/a (range)","outside the range by 856922 m"
"CA-051","Trancas Debris Dam","CA","Sockeye salmon","(none)",NA,NA,"",NA,NA,NA,NA,NA,"n/a","n/a","NO CA SOURCE, by design: strays only, no California source"
"CA-051","Trancas Debris Dam","CA","Steelhead","CDFW ds340 winter steelhead",NA,NA,"",NA,NA,NA,NA,NA,"no","no","nothing within 1 km"
"CA-051","Trancas Debris Dam","CA","Steelhead","CDFW ds341 summer steelhead",NA,NA,"",NA,NA,NA,NA,NA,"no","no","nothing within 1 km"
"CA-051","Trancas Debris Dam","CA","Western river lamprey","PISCES Lampetra_ayersi_PLA01",442659,TRUE,"HUC12 range",NA,442659,NA,NA,NA,"no","n/a (range)","outside the range by 442659 m"
"CA-051","Trancas Debris Dam","CA","Westslope cutthroat trout","(none)",NA,NA,"",NA,NA,NA,NA,NA,"n/a","n/a","NO CA SOURCE, by design: not native to California"
"CA-051","Trancas Debris Dam","CA","White sturgeon","PISCES Acipenser_transmontanus_AAT01",402551,TRUE,"HUC12 range",NA,402551,NA,NA,NA,"no","n/a (range)","outside the range by 402551 m"
"CA-052","A-Frame Dam","CA","Bridgelip sucker","(none)",NA,NA,"",NA,NA,NA,NA,NA,"n/a","n/a","NO CA SOURCE, by design: not native to California"
"CA-052","A-Frame Dam","CA","Bull trout","(none)",NA,NA,"",NA,NA,NA,NA,NA,"n/a","n/a","NO CA SOURCE, by design: extirpated in California (McCloud River, not seen since the mid-1970s)"
"CA-052","A-Frame Dam","CA","Chinook salmon","PISCES Oncorhynchus_tshawytscha_SOT07",1205,TRUE,"HUC12 range",NA,1205,NA,NA,NA,"no","n/a (range)","outside the range by 1205 m"
"CA-052","A-Frame Dam","CA","Chinook salmon","PISCES Oncorhynchus_tshawytscha_SOT08",1205,TRUE,"HUC12 range",NA,1205,NA,NA,NA,"no","n/a (range)","outside the range by 1205 m"
"CA-052","A-Frame Dam","CA","Chinook salmon","PISCES Oncorhynchus_tshawytscha_SOT05",4556,TRUE,"HUC12 range",NA,4556,NA,NA,NA,"no","n/a (range)","outside the range by 4556 m"
"CA-052","A-Frame Dam","CA","Chinook salmon","PISCES Oncorhynchus_tshawytscha_SOT01",10378,TRUE,"HUC12 range",NA,10378,NA,NA,NA,"no","n/a (range)","outside the range by 10378 m"
"CA-052","A-Frame Dam","CA","Chinook salmon","PISCES Oncorhynchus_tshawytscha_SOT02",10378,TRUE,"HUC12 range",NA,10378,NA,NA,NA,"no","n/a (range)","outside the range by 10378 m"
"CA-052","A-Frame Dam","CA","Chinook salmon","PISCES Oncorhynchus_tshawytscha_SOT03",107839,TRUE,"HUC12 range",NA,107839,NA,NA,NA,"no","n/a (range)","outside the range by 107839 m"
"CA-052","A-Frame Dam","CA","Chinook salmon","NOAA ds981 CA Coastal Chinook",NA,NA,"",NA,NA,NA,NA,NA,"no","no","nothing within 1 km"
"CA-052","A-Frame Dam","CA","Chinook salmon","NOAA ds982 CV spring Chinook",NA,NA,"",NA,NA,NA,NA,NA,"no","no","nothing within 1 km"
"CA-052","A-Frame Dam","CA","Chum salmon","(none)",NA,NA,"",NA,NA,NA,NA,NA,"n/a","n/a","NO CA SOURCE, by design: strays only, no California source"
"CA-052","A-Frame Dam","CA","Coastal cutthroat trout","PISCES Oncorhynchus_clarki_clarki_SOC01",91218,TRUE,"HUC12 range",NA,91218,NA,NA,NA,"no","n/a (range)","outside the range by 91218 m"
"CA-052","A-Frame Dam","CA","Coho salmon","CDFW ds326 coho",NA,NA,"",NA,NA,NA,NA,NA,"no","no","nothing within 1 km"
"CA-052","A-Frame Dam","CA","Eulachon","PISCES Thaleichthys_pacificus_OTP01",107839,TRUE,"HUC12 range",NA,107839,NA,NA,NA,"no","n/a (range)","outside the range by 107839 m"
"CA-052","A-Frame Dam","CA","Green sturgeon","PISCES Acipenser_medirostris_AAM02",4556,TRUE,"HUC12 range",NA,4556,NA,NA,NA,"no","n/a (range)","outside the range by 4556 m"
"CA-052","A-Frame Dam","CA","Green sturgeon","PISCES Acipenser_medirostris_AAM01",70553,TRUE,"HUC12 range",NA,70553,NA,NA,NA,"no","n/a (range)","outside the range by 70553 m"
"CA-052","A-Frame Dam","CA","Klamath largescale sucker","PISCES Catostomus_snyderi_CCS01",144936,TRUE,"HUC12 range",NA,144936,NA,NA,NA,"no","n/a (range)","outside the range by 144936 m"
"CA-052","A-Frame Dam","CA","Largescale sucker","(none)",NA,NA,"",NA,NA,NA,NA,NA,"n/a","n/a","NO CA SOURCE, by design: not native to California"
"CA-052","A-Frame Dam","CA","Lost River sucker","PISCES Catostomus_luxatus_CCL01",140643,TRUE,"HUC12 range",NA,140643,NA,NA,NA,"no","n/a (range)","outside the range by 140643 m"
"CA-052","A-Frame Dam","CA","Mountain whitefish","PISCES Prosopium_williamsoni_SPW01",223311,TRUE,"HUC12 range",NA,223311,NA,NA,NA,"no","n/a (range)","outside the range by 223311 m"
"CA-052","A-Frame Dam","CA","Pacific lamprey","USFWS NW lamprey 2022 (federal)",NA,NA,"",NA,NA,NA,NA,NA,"no","no","nothing within 1 km"
"CA-052","A-Frame Dam","CA","Pacific lamprey","USFWS ds2673 lamprey (federal)",NA,NA,"",NA,NA,NA,NA,NA,"no","no","nothing within 1 km"
"CA-052","A-Frame Dam","CA","Pink salmon","(none)",NA,NA,"",NA,NA,NA,NA,NA,"n/a","n/a","NO CA SOURCE, by design: strays only, no California source"
"CA-052","A-Frame Dam","CA","Redband trout","PISCES Oncorhynchus_mykiss_stonei_SOM10",80084,TRUE,"HUC12 range",NA,80084,NA,NA,NA,"no","n/a (range)","outside the range by 80084 m"
"CA-052","A-Frame Dam","CA","Redband trout","PISCES Oncorhynchus_mykiss_subspecies_SOM11",123256,TRUE,"HUC12 range",NA,123256,NA,NA,NA,"no","n/a (range)","outside the range by 123256 m"
"CA-052","A-Frame Dam","CA","Shortnose sucker","PISCES Chasmistes_brevirostris_CCB01",137597,TRUE,"HUC12 range",NA,137597,NA,NA,NA,"no","n/a (range)","outside the range by 137597 m"
"CA-052","A-Frame Dam","CA","Sockeye salmon","(none)",NA,NA,"",NA,NA,NA,NA,NA,"n/a","n/a","NO CA SOURCE, by design: strays only, no California source"
"CA-052","A-Frame Dam","CA","Steelhead","CDFW ds340 winter steelhead",NA,NA,"",NA,NA,NA,NA,NA,"no","no","nothing within 1 km"
"CA-052","A-Frame Dam","CA","Steelhead","CDFW ds341 summer steelhead",NA,NA,"",NA,NA,NA,NA,NA,"no","no","nothing within 1 km"
"CA-052","A-Frame Dam","CA","Western river lamprey","PISCES Lampetra_ayersi_PLA01",67229,TRUE,"HUC12 range",NA,67229,NA,NA,NA,"no","n/a (range)","outside the range by 67229 m"
"CA-052","A-Frame Dam","CA","Westslope cutthroat trout","(none)",NA,NA,"",NA,NA,NA,NA,NA,"n/a","n/a","NO CA SOURCE, by design: not native to California"
"CA-052","A-Frame Dam","CA","White sturgeon","PISCES Acipenser_transmontanus_AAT01",7726,TRUE,"HUC12 range",NA,7726,NA,NA,NA,"no","n/a (range)","outside the range by 7726 m"
"CA-053","East Panther Creek Dam","CA","Bridgelip sucker","(none)",NA,NA,"",NA,NA,NA,NA,NA,"n/a","n/a","NO CA SOURCE, by design: not native to California"
"CA-053","East Panther Creek Dam","CA","Bull trout","(none)",NA,NA,"",NA,NA,NA,NA,NA,"n/a","n/a","NO CA SOURCE, by design: extirpated in California (McCloud River, not seen since the mid-1970s)"
"CA-053","East Panther Creek Dam","CA","Chinook salmon","PISCES Oncorhynchus_tshawytscha_SOT08",48853,TRUE,"HUC12 range",NA,48853,NA,NA,NA,"no","n/a (range)","outside the range by 48853 m"
"CA-053","East Panther Creek Dam","CA","Chinook salmon","PISCES Oncorhynchus_tshawytscha_SOT07",55724,TRUE,"HUC12 range",NA,55724,NA,NA,NA,"no","n/a (range)","outside the range by 55724 m"
"CA-053","East Panther Creek Dam","CA","Chinook salmon","PISCES Oncorhynchus_tshawytscha_SOT05",72054,TRUE,"HUC12 range",NA,72054,NA,NA,NA,"no","n/a (range)","outside the range by 72054 m"
"CA-053","East Panther Creek Dam","CA","Chinook salmon","PISCES Oncorhynchus_tshawytscha_SOT01",288870,TRUE,"HUC12 range",NA,288870,NA,NA,NA,"no","n/a (range)","outside the range by 288870 m"
"CA-053","East Panther Creek Dam","CA","Chinook salmon","PISCES Oncorhynchus_tshawytscha_SOT02",288870,TRUE,"HUC12 range",NA,288870,NA,NA,NA,"no","n/a (range)","outside the range by 288870 m"
"CA-053","East Panther Creek Dam","CA","Chinook salmon","PISCES Oncorhynchus_tshawytscha_SOT03",400424,TRUE,"HUC12 range",NA,400424,NA,NA,NA,"no","n/a (range)","outside the range by 400424 m"
"CA-053","East Panther Creek Dam","CA","Chinook salmon","NOAA ds981 CA Coastal Chinook",NA,NA,"",NA,NA,NA,NA,NA,"no","no","nothing within 1 km"
"CA-053","East Panther Creek Dam","CA","Chinook salmon","NOAA ds982 CV spring Chinook",NA,NA,"",NA,NA,NA,NA,NA,"no","no","nothing within 1 km"
"CA-053","East Panther Creek Dam","CA","Chum salmon","(none)",NA,NA,"",NA,NA,NA,NA,NA,"n/a","n/a","NO CA SOURCE, by design: strays only, no California source"
"CA-053","East Panther Creek Dam","CA","Coastal cutthroat trout","PISCES Oncorhynchus_clarki_clarki_SOC01",356615,TRUE,"HUC12 range",NA,356615,NA,NA,NA,"no","n/a (range)","outside the range by 356615 m"
"CA-053","East Panther Creek Dam","CA","Coho salmon","CDFW ds326 coho",NA,NA,"",NA,NA,NA,NA,NA,"no","no","nothing within 1 km"
"CA-053","East Panther Creek Dam","CA","Eulachon","PISCES Thaleichthys_pacificus_OTP01",368291,TRUE,"HUC12 range",NA,368291,NA,NA,NA,"no","n/a (range)","outside the range by 368291 m"
"CA-053","East Panther Creek Dam","CA","Green sturgeon","PISCES Acipenser_medirostris_AAM02",72054,TRUE,"HUC12 range",NA,72054,NA,NA,NA,"no","n/a (range)","outside the range by 72054 m"
"CA-053","East Panther Creek Dam","CA","Green sturgeon","PISCES Acipenser_medirostris_AAM01",348915,TRUE,"HUC12 range",NA,348915,NA,NA,NA,"no","n/a (range)","outside the range by 348915 m"
"CA-053","East Panther Creek Dam","CA","Klamath largescale sucker","PISCES Catostomus_snyderi_CCS01",342690,TRUE,"HUC12 range",NA,342690,NA,NA,NA,"no","n/a (range)","outside the range by 342690 m"
"CA-053","East Panther Creek Dam","CA","Largescale sucker","(none)",NA,NA,"",NA,NA,NA,NA,NA,"n/a","n/a","NO CA SOURCE, by design: not native to California"
"CA-053","East Panther Creek Dam","CA","Lost River sucker","PISCES Catostomus_luxatus_CCL01",354850,TRUE,"HUC12 range",NA,354850,NA,NA,NA,"no","n/a (range)","outside the range by 354850 m"
"CA-053","East Panther Creek Dam","CA","Mountain whitefish","PISCES Prosopium_williamsoni_SPW01",45944,TRUE,"HUC12 range",NA,45944,NA,NA,NA,"no","n/a (range)","outside the range by 45944 m"
"CA-053","East Panther Creek Dam","CA","Pacific lamprey","USFWS NW lamprey 2022 (federal)",NA,NA,"",NA,NA,NA,NA,NA,"no","no","nothing within 1 km"
"CA-053","East Panther Creek Dam","CA","Pacific lamprey","USFWS ds2673 lamprey (federal)",NA,NA,"",NA,NA,NA,NA,NA,"no","no","nothing within 1 km"
"CA-053","East Panther Creek Dam","CA","Pink salmon","(none)",NA,NA,"",NA,NA,NA,NA,NA,"n/a","n/a","NO CA SOURCE, by design: strays only, no California source"
"CA-053","East Panther Creek Dam","CA","Redband trout","PISCES Oncorhynchus_mykiss_subspecies_SOM11",257696,TRUE,"HUC12 range",NA,257696,NA,NA,NA,"no","n/a (range)","outside the range by 257696 m"
"CA-053","East Panther Creek Dam","CA","Redband trout","PISCES Oncorhynchus_mykiss_stonei_SOM10",322431,TRUE,"HUC12 range",NA,322431,NA,NA,NA,"no","n/a (range)","outside the range by 322431 m"
"CA-053","East Panther Creek Dam","CA","Shortnose sucker","PISCES Chasmistes_brevirostris_CCB01",342690,TRUE,"HUC12 range",NA,342690,NA,NA,NA,"no","n/a (range)","outside the range by 342690 m"
"CA-053","East Panther Creek Dam","CA","Sockeye salmon","(none)",NA,NA,"",NA,NA,NA,NA,NA,"n/a","n/a","NO CA SOURCE, by design: strays only, no California source"
"CA-053","East Panther Creek Dam","CA","Steelhead","CDFW ds340 winter steelhead",NA,NA,"",NA,NA,NA,NA,NA,"no","no","nothing within 1 km"
"CA-053","East Panther Creek Dam","CA","Steelhead","CDFW ds341 summer steelhead",NA,NA,"",NA,NA,NA,NA,NA,"no","no","nothing within 1 km"
"CA-053","East Panther Creek Dam","CA","Western river lamprey","PISCES Lampetra_ayersi_PLA01",72054,TRUE,"HUC12 range",NA,72054,NA,NA,NA,"no","n/a (range)","outside the range by 72054 m"
"CA-053","East Panther Creek Dam","CA","Westslope cutthroat trout","(none)",NA,NA,"",NA,NA,NA,NA,NA,"n/a","n/a","NO CA SOURCE, by design: not native to California"
"CA-053","East Panther Creek Dam","CA","White sturgeon","PISCES Acipenser_transmontanus_AAT01",61116,TRUE,"HUC12 range",NA,61116,NA,NA,NA,"no","n/a (range)","outside the range by 61116 m"
"CA-054","Cascade Diversion Dam","CA","Bridgelip sucker","(none)",NA,NA,"",NA,NA,NA,NA,NA,"n/a","n/a","NO CA SOURCE, by design: not native to California"
"CA-054","Cascade Diversion Dam","CA","Bull trout","(none)",NA,NA,"",NA,NA,NA,NA,NA,"n/a","n/a","NO CA SOURCE, by design: extirpated in California (McCloud River, not seen since the mid-1970s)"
"CA-054","Cascade Diversion Dam","CA","Chinook salmon","PISCES Oncorhynchus_tshawytscha_SOT07",60055,TRUE,"HUC12 range",NA,60055,NA,NA,NA,"no","n/a (range)","outside the range by 60055 m"
"CA-054","Cascade Diversion Dam","CA","Chinook salmon","PISCES Oncorhynchus_tshawytscha_SOT08",60055,TRUE,"HUC12 range",NA,60055,NA,NA,NA,"no","n/a (range)","outside the range by 60055 m"
"CA-054","Cascade Diversion Dam","CA","Chinook salmon","PISCES Oncorhynchus_tshawytscha_SOT05",162579,TRUE,"HUC12 range",NA,162579,NA,NA,NA,"no","n/a (range)","outside the range by 162579 m"
"CA-054","Cascade Diversion Dam","CA","Chinook salmon","PISCES Oncorhynchus_tshawytscha_SOT01",393270,TRUE,"HUC12 range",NA,393270,NA,NA,NA,"no","n/a (range)","outside the range by 393270 m"
"CA-054","Cascade Diversion Dam","CA","Chinook salmon","PISCES Oncorhynchus_tshawytscha_SOT02",393270,TRUE,"HUC12 range",NA,393270,NA,NA,NA,"no","n/a (range)","outside the range by 393270 m"
"CA-054","Cascade Diversion Dam","CA","Chinook salmon","PISCES Oncorhynchus_tshawytscha_SOT03",505968,TRUE,"HUC12 range",NA,505968,NA,NA,NA,"no","n/a (range)","outside the range by 505968 m"
"CA-054","Cascade Diversion Dam","CA","Chinook salmon","NOAA ds981 CA Coastal Chinook",NA,NA,"",NA,NA,NA,NA,NA,"no","no","nothing within 1 km"
"CA-054","Cascade Diversion Dam","CA","Chinook salmon","NOAA ds982 CV spring Chinook",NA,NA,"",NA,NA,NA,NA,NA,"no","no","nothing within 1 km"
"CA-054","Cascade Diversion Dam","CA","Chum salmon","(none)",NA,NA,"",NA,NA,NA,NA,NA,"n/a","n/a","NO CA SOURCE, by design: strays only, no California source"
"CA-054","Cascade Diversion Dam","CA","Coastal cutthroat trout","PISCES Oncorhynchus_clarki_clarki_SOC01",460099,TRUE,"HUC12 range",NA,460099,NA,NA,NA,"no","n/a (range)","outside the range by 460099 m"
"CA-054","Cascade Diversion Dam","CA","Coho salmon","CDFW ds326 coho",NA,NA,"",NA,NA,NA,NA,NA,"no","no","nothing within 1 km"
"CA-054","Cascade Diversion Dam","CA","Eulachon","PISCES Thaleichthys_pacificus_OTP01",471363,TRUE,"HUC12 range",NA,471363,NA,NA,NA,"no","n/a (range)","outside the range by 471363 m"
"CA-054","Cascade Diversion Dam","CA","Green sturgeon","PISCES Acipenser_medirostris_AAM02",85626,TRUE,"HUC12 range",NA,85626,NA,NA,NA,"no","n/a (range)","outside the range by 85626 m"
"CA-054","Cascade Diversion Dam","CA","Green sturgeon","PISCES Acipenser_medirostris_AAM01",451561,TRUE,"HUC12 range",NA,451561,NA,NA,NA,"no","n/a (range)","outside the range by 451561 m"
"CA-054","Cascade Diversion Dam","CA","Klamath largescale sucker","PISCES Catostomus_snyderi_CCS01",438649,TRUE,"HUC12 range",NA,438649,NA,NA,NA,"no","n/a (range)","outside the range by 438649 m"
"CA-054","Cascade Diversion Dam","CA","Largescale sucker","(none)",NA,NA,"",NA,NA,NA,NA,NA,"n/a","n/a","NO CA SOURCE, by design: not native to California"
"CA-054","Cascade Diversion Dam","CA","Lost River sucker","PISCES Catostomus_luxatus_CCL01",450630,TRUE,"HUC12 range",NA,450630,NA,NA,NA,"no","n/a (range)","outside the range by 450630 m"
"CA-054","Cascade Diversion Dam","CA","Mountain whitefish","PISCES Prosopium_williamsoni_SPW01",46579,TRUE,"HUC12 range",NA,46579,NA,NA,NA,"no","n/a (range)","outside the range by 46579 m"
"CA-054","Cascade Diversion Dam","CA","Pacific lamprey","USFWS ds2673 lamprey (federal)",2,FALSE,"DistType=Historical; HUC8Name=Upper Merced","Merced River",NA,NA,NA,FALSE,"no","no","excluded by the filter rule"
"CA-054","Cascade Diversion Dam","CA","Pacific lamprey","USFWS NW lamprey 2022 (federal)",NA,NA,"",NA,NA,NA,NA,NA,"no","no","nothing within 1 km"
"CA-054","Cascade Diversion Dam","CA","Pink salmon","(none)",NA,NA,"",NA,NA,NA,NA,NA,"n/a","n/a","NO CA SOURCE, by design: strays only, no California source"
"CA-054","Cascade Diversion Dam","CA","Redband trout","PISCES Oncorhynchus_mykiss_subspecies_SOM11",357440,TRUE,"HUC12 range",NA,357440,NA,NA,NA,"no","n/a (range)","outside the range by 357440 m"
"CA-054","Cascade Diversion Dam","CA","Redband trout","PISCES Oncorhynchus_mykiss_stonei_SOM10",426202,TRUE,"HUC12 range",NA,426202,NA,NA,NA,"no","n/a (range)","outside the range by 426202 m"
"CA-054","Cascade Diversion Dam","CA","Shortnose sucker","PISCES Chasmistes_brevirostris_CCB01",438649,TRUE,"HUC12 range",NA,438649,NA,NA,NA,"no","n/a (range)","outside the range by 438649 m"
"CA-054","Cascade Diversion Dam","CA","Sockeye salmon","(none)",NA,NA,"",NA,NA,NA,NA,NA,"n/a","n/a","NO CA SOURCE, by design: strays only, no California source"
"CA-054","Cascade Diversion Dam","CA","Steelhead","CDFW ds340 winter steelhead",NA,NA,"",NA,NA,NA,NA,NA,"no","no","nothing within 1 km"
"CA-054","Cascade Diversion Dam","CA","Steelhead","CDFW ds341 summer steelhead",NA,NA,"",NA,NA,NA,NA,NA,"no","no","nothing within 1 km"
"CA-054","Cascade Diversion Dam","CA","Western river lamprey","PISCES Lampetra_ayersi_PLA01",109870,TRUE,"HUC12 range",NA,109870,NA,NA,NA,"no","n/a (range)","outside the range by 109870 m"
"CA-054","Cascade Diversion Dam","CA","Westslope cutthroat trout","(none)",NA,NA,"",NA,NA,NA,NA,NA,"n/a","n/a","NO CA SOURCE, by design: not native to California"
"CA-054","Cascade Diversion Dam","CA","White sturgeon","PISCES Acipenser_transmontanus_AAT01",85626,TRUE,"HUC12 range",NA,85626,NA,NA,NA,"no","n/a (range)","outside the range by 85626 m"
"CA-058","West Panther Creek Dam","CA","Bridgelip sucker","(none)",NA,NA,"",NA,NA,NA,NA,NA,"n/a","n/a","NO CA SOURCE, by design: not native to California"
"CA-058","West Panther Creek Dam","CA","Bull trout","(none)",NA,NA,"",NA,NA,NA,NA,NA,"n/a","n/a","NO CA SOURCE, by design: extirpated in California (McCloud River, not seen since the mid-1970s)"
"CA-058","West Panther Creek Dam","CA","Chinook salmon","PISCES Oncorhynchus_tshawytscha_SOT08",49232,TRUE,"HUC12 range",NA,49232,NA,NA,NA,"no","n/a (range)","outside the range by 49232 m"
"CA-058","West Panther Creek Dam","CA","Chinook salmon","PISCES Oncorhynchus_tshawytscha_SOT07",56055,TRUE,"HUC12 range",NA,56055,NA,NA,NA,"no","n/a (range)","outside the range by 56055 m"
"CA-058","West Panther Creek Dam","CA","Chinook salmon","PISCES Oncorhynchus_tshawytscha_SOT05",72361,TRUE,"HUC12 range",NA,72361,NA,NA,NA,"no","n/a (range)","outside the range by 72361 m"
"CA-058","West Panther Creek Dam","CA","Chinook salmon","PISCES Oncorhynchus_tshawytscha_SOT01",288933,TRUE,"HUC12 range",NA,288933,NA,NA,NA,"no","n/a (range)","outside the range by 288933 m"
"CA-058","West Panther Creek Dam","CA","Chinook salmon","PISCES Oncorhynchus_tshawytscha_SOT02",288933,TRUE,"HUC12 range",NA,288933,NA,NA,NA,"no","n/a (range)","outside the range by 288933 m"
"CA-058","West Panther Creek Dam","CA","Chinook salmon","PISCES Oncorhynchus_tshawytscha_SOT03",400447,TRUE,"HUC12 range",NA,400447,NA,NA,NA,"no","n/a (range)","outside the range by 400447 m"
"CA-058","West Panther Creek Dam","CA","Chinook salmon","NOAA ds981 CA Coastal Chinook",NA,NA,"",NA,NA,NA,NA,NA,"no","no","nothing within 1 km"
"CA-058","West Panther Creek Dam","CA","Chinook salmon","NOAA ds982 CV spring Chinook",NA,NA,"",NA,NA,NA,NA,NA,"no","no","nothing within 1 km"
"CA-058","West Panther Creek Dam","CA","Chum salmon","(none)",NA,NA,"",NA,NA,NA,NA,NA,"n/a","n/a","NO CA SOURCE, by design: strays only, no California source"
"CA-058","West Panther Creek Dam","CA","Coastal cutthroat trout","PISCES Oncorhynchus_clarki_clarki_SOC01",356696,TRUE,"HUC12 range",NA,356696,NA,NA,NA,"no","n/a (range)","outside the range by 356696 m"
"CA-058","West Panther Creek Dam","CA","Coho salmon","CDFW ds326 coho",NA,NA,"",NA,NA,NA,NA,NA,"no","no","nothing within 1 km"
"CA-058","West Panther Creek Dam","CA","Eulachon","PISCES Thaleichthys_pacificus_OTP01",368380,TRUE,"HUC12 range",NA,368380,NA,NA,NA,"no","n/a (range)","outside the range by 368380 m"
"CA-058","West Panther Creek Dam","CA","Green sturgeon","PISCES Acipenser_medirostris_AAM02",72361,TRUE,"HUC12 range",NA,72361,NA,NA,NA,"no","n/a (range)","outside the range by 72361 m"
"CA-058","West Panther Creek Dam","CA","Green sturgeon","PISCES Acipenser_medirostris_AAM01",349014,TRUE,"HUC12 range",NA,349014,NA,NA,NA,"no","n/a (range)","outside the range by 349014 m"
"CA-058","West Panther Creek Dam","CA","Klamath largescale sucker","PISCES Catostomus_snyderi_CCS01",342405,TRUE,"HUC12 range",NA,342405,NA,NA,NA,"no","n/a (range)","outside the range by 342405 m"
"CA-058","West Panther Creek Dam","CA","Largescale sucker","(none)",NA,NA,"",NA,NA,NA,NA,NA,"n/a","n/a","NO CA SOURCE, by design: not native to California"
"CA-058","West Panther Creek Dam","CA","Lost River sucker","PISCES Catostomus_luxatus_CCL01",354563,TRUE,"HUC12 range",NA,354563,NA,NA,NA,"no","n/a (range)","outside the range by 354563 m"
"CA-058","West Panther Creek Dam","CA","Mountain whitefish","PISCES Prosopium_williamsoni_SPW01",45466,TRUE,"HUC12 range",NA,45466,NA,NA,NA,"no","n/a (range)","outside the range by 45466 m"
"CA-058","West Panther Creek Dam","CA","Pacific lamprey","USFWS NW lamprey 2022 (federal)",NA,NA,"",NA,NA,NA,NA,NA,"no","no","nothing within 1 km"
"CA-058","West Panther Creek Dam","CA","Pacific lamprey","USFWS ds2673 lamprey (federal)",NA,NA,"",NA,NA,NA,NA,NA,"no","no","nothing within 1 km"
"CA-058","West Panther Creek Dam","CA","Pink salmon","(none)",NA,NA,"",NA,NA,NA,NA,NA,"n/a","n/a","NO CA SOURCE, by design: strays only, no California source"
"CA-058","West Panther Creek Dam","CA","Redband trout","PISCES Oncorhynchus_mykiss_subspecies_SOM11",257447,TRUE,"HUC12 range",NA,257447,NA,NA,NA,"no","n/a (range)","outside the range by 257447 m"
"CA-058","West Panther Creek Dam","CA","Redband trout","PISCES Oncorhynchus_mykiss_stonei_SOM10",322253,TRUE,"HUC12 range",NA,322253,NA,NA,NA,"no","n/a (range)","outside the range by 322253 m"
"CA-058","West Panther Creek Dam","CA","Shortnose sucker","PISCES Chasmistes_brevirostris_CCB01",342405,TRUE,"HUC12 range",NA,342405,NA,NA,NA,"no","n/a (range)","outside the range by 342405 m"
"CA-058","West Panther Creek Dam","CA","Sockeye salmon","(none)",NA,NA,"",NA,NA,NA,NA,NA,"n/a","n/a","NO CA SOURCE, by design: strays only, no California source"
"CA-058","West Panther Creek Dam","CA","Steelhead","CDFW ds340 winter steelhead",NA,NA,"",NA,NA,NA,NA,NA,"no","no","nothing within 1 km"
"CA-058","West Panther Creek Dam","CA","Steelhead","CDFW ds341 summer steelhead",NA,NA,"",NA,NA,NA,NA,NA,"no","no","nothing within 1 km"
"CA-058","West Panther Creek Dam","CA","Western river lamprey","PISCES Lampetra_ayersi_PLA01",72361,TRUE,"HUC12 range",NA,72361,NA,NA,NA,"no","n/a (range)","outside the range by 72361 m"
"CA-058","West Panther Creek Dam","CA","Westslope cutthroat trout","(none)",NA,NA,"",NA,NA,NA,NA,NA,"n/a","n/a","NO CA SOURCE, by design: not native to California"
"CA-058","West Panther Creek Dam","CA","White sturgeon","PISCES Acipenser_transmontanus_AAT01",61388,TRUE,"HUC12 range",NA,61388,NA,NA,NA,"no","n/a (range)","outside the range by 61388 m"
"CA-072","Shasta River Water Association Diversion Dam","CA","Bridgelip sucker","(none)",NA,NA,"",NA,NA,NA,NA,NA,"n/a","n/a","NO CA SOURCE, by design: not native to California"
"CA-072","Shasta River Water Association Diversion Dam","CA","Bull trout","(none)",NA,NA,"",NA,NA,NA,NA,NA,"n/a","n/a","NO CA SOURCE, by design: extirpated in California (McCloud River, not seen since the mid-1970s)"
"CA-072","Shasta River Water Association Diversion Dam","CA","Chinook salmon","PISCES Oncorhynchus_tshawytscha_SOT07",14666,TRUE,"HUC12 range",NA,14666,NA,NA,NA,"no","n/a (range)","outside the range by 14666 m"
"CA-072","Shasta River Water Association Diversion Dam","CA","Chinook salmon","PISCES Oncorhynchus_tshawytscha_SOT08",14666,TRUE,"HUC12 range",NA,14666,NA,NA,NA,"no","n/a (range)","outside the range by 14666 m"
"CA-072","Shasta River Water Association Diversion Dam","CA","Chinook salmon","PISCES Oncorhynchus_tshawytscha_SOT05",15790,TRUE,"HUC12 range",NA,15790,NA,NA,NA,"no","n/a (range)","outside the range by 15790 m"
"CA-072","Shasta River Water Association Diversion Dam","CA","Chinook salmon","PISCES Oncorhynchus_tshawytscha_SOT01",33316,TRUE,"HUC12 range",NA,33316,NA,NA,NA,"no","n/a (range)","outside the range by 33316 m"
"CA-072","Shasta River Water Association Diversion Dam","CA","Chinook salmon","PISCES Oncorhynchus_tshawytscha_SOT02",33316,TRUE,"HUC12 range",NA,33316,NA,NA,NA,"no","n/a (range)","outside the range by 33316 m"
"CA-072","Shasta River Water Association Diversion Dam","CA","Chinook salmon","PISCES Oncorhynchus_tshawytscha_SOT03",118268,TRUE,"HUC12 range",NA,118268,NA,NA,NA,"no","n/a (range)","outside the range by 118268 m"
"CA-072","Shasta River Water Association Diversion Dam","CA","Chinook salmon","NOAA ds981 CA Coastal Chinook",NA,NA,"",NA,NA,NA,NA,NA,"no","no","nothing within 1 km"
"CA-072","Shasta River Water Association Diversion Dam","CA","Chinook salmon","NOAA ds982 CV spring Chinook",NA,NA,"",NA,NA,NA,NA,NA,"no","no","nothing within 1 km"
"CA-072","Shasta River Water Association Diversion Dam","CA","Chum salmon","(none)",NA,NA,"",NA,NA,NA,NA,NA,"n/a","n/a","NO CA SOURCE, by design: strays only, no California source"
"CA-072","Shasta River Water Association Diversion Dam","CA","Coastal cutthroat trout","PISCES Oncorhynchus_clarki_clarki_SOC01",111658,TRUE,"HUC12 range",NA,111658,NA,NA,NA,"no","n/a (range)","outside the range by 111658 m"
"CA-072","Shasta River Water Association Diversion Dam","CA","Coho salmon","CDFW ds326 coho",NA,NA,"",NA,NA,NA,NA,NA,"no","no","nothing within 1 km"
"CA-072","Shasta River Water Association Diversion Dam","CA","Eulachon","PISCES Thaleichthys_pacificus_OTP01",118268,TRUE,"HUC12 range",NA,118268,NA,NA,NA,"no","n/a (range)","outside the range by 118268 m"
"CA-072","Shasta River Water Association Diversion Dam","CA","Green sturgeon","PISCES Acipenser_medirostris_AAM02",15790,TRUE,"HUC12 range",NA,15790,NA,NA,NA,"no","n/a (range)","outside the range by 15790 m"
"CA-072","Shasta River Water Association Diversion Dam","CA","Green sturgeon","PISCES Acipenser_medirostris_AAM01",82623,TRUE,"HUC12 range",NA,82623,NA,NA,NA,"no","n/a (range)","outside the range by 82623 m"
"CA-072","Shasta River Water Association Diversion Dam","CA","Klamath largescale sucker","PISCES Catostomus_snyderi_CCS01",111722,TRUE,"HUC12 range",NA,111722,NA,NA,NA,"no","n/a (range)","outside the range by 111722 m"
"CA-072","Shasta River Water Association Diversion Dam","CA","Largescale sucker","(none)",NA,NA,"",NA,NA,NA,NA,NA,"n/a","n/a","NO CA SOURCE, by design: not native to California"
"CA-072","Shasta River Water Association Diversion Dam","CA","Lost River sucker","PISCES Catostomus_luxatus_CCL01",107415,TRUE,"HUC12 range",NA,107415,NA,NA,NA,"no","n/a (range)","outside the range by 107415 m"
"CA-072","Shasta River Water Association Diversion Dam","CA","Mountain whitefish","PISCES Prosopium_williamsoni_SPW01",224608,TRUE,"HUC12 range",NA,224608,NA,NA,NA,"no","n/a (range)","outside the range by 224608 m"
"CA-072","Shasta River Water Association Diversion Dam","CA","Pacific lamprey","USFWS NW lamprey 2022 (federal)",NA,NA,"",NA,NA,NA,NA,NA,"no","no","nothing within 1 km"
"CA-072","Shasta River Water Association Diversion Dam","CA","Pacific lamprey","USFWS ds2673 lamprey (federal)",NA,NA,"",NA,NA,NA,NA,NA,"no","no","nothing within 1 km"
"CA-072","Shasta River Water Association Diversion Dam","CA","Pink salmon","(none)",NA,NA,"",NA,NA,NA,NA,NA,"n/a","n/a","NO CA SOURCE, by design: strays only, no California source"
"CA-072","Shasta River Water Association Diversion Dam","CA","Redband trout","PISCES Oncorhynchus_mykiss_stonei_SOM10",46928,TRUE,"HUC12 range",NA,46928,NA,NA,NA,"no","n/a (range)","outside the range by 46928 m"
"CA-072","Shasta River Water Association Diversion Dam","CA","Redband trout","PISCES Oncorhynchus_mykiss_subspecies_SOM11",101684,TRUE,"HUC12 range",NA,101684,NA,NA,NA,"no","n/a (range)","outside the range by 101684 m"
"CA-072","Shasta River Water Association Diversion Dam","CA","Shortnose sucker","PISCES Chasmistes_brevirostris_CCB01",107415,TRUE,"HUC12 range",NA,107415,NA,NA,NA,"no","n/a (range)","outside the range by 107415 m"
"CA-072","Shasta River Water Association Diversion Dam","CA","Sockeye salmon","(none)",NA,NA,"",NA,NA,NA,NA,NA,"n/a","n/a","NO CA SOURCE, by design: strays only, no California source"
"CA-072","Shasta River Water Association Diversion Dam","CA","Steelhead","CDFW ds340 winter steelhead",NA,NA,"",NA,NA,NA,NA,NA,"no","no","nothing within 1 km"
"CA-072","Shasta River Water Association Diversion Dam","CA","Steelhead","CDFW ds341 summer steelhead",NA,NA,"",NA,NA,NA,NA,NA,"no","no","nothing within 1 km"
"CA-072","Shasta River Water Association Diversion Dam","CA","Western river lamprey","PISCES Lampetra_ayersi_PLA01",87661,TRUE,"HUC12 range",NA,87661,NA,NA,NA,"no","n/a (range)","outside the range by 87661 m"
"CA-072","Shasta River Water Association Diversion Dam","CA","Westslope cutthroat trout","(none)",NA,NA,"",NA,NA,NA,NA,NA,"n/a","n/a","NO CA SOURCE, by design: not native to California"
"CA-072","Shasta River Water Association Diversion Dam","CA","White sturgeon","PISCES Acipenser_transmontanus_AAT01",28317,TRUE,"HUC12 range",NA,28317,NA,NA,NA,"no","n/a (range)","outside the range by 28317 m"
"CA-078","Camp Nine Dam","CA","Bridgelip sucker","(none)",NA,NA,"",NA,NA,NA,NA,NA,"n/a","n/a","NO CA SOURCE, by design: not native to California"
"CA-078","Camp Nine Dam","CA","Bull trout","(none)",NA,NA,"",NA,NA,NA,NA,NA,"n/a","n/a","NO CA SOURCE, by design: extirpated in California (McCloud River, not seen since the mid-1970s)"
"CA-078","Camp Nine Dam","CA","Chinook salmon","PISCES Oncorhynchus_tshawytscha_SOT07",33653,TRUE,"HUC12 range",NA,33653,NA,NA,NA,"no","n/a (range)","outside the range by 33653 m"
"CA-078","Camp Nine Dam","CA","Chinook salmon","PISCES Oncorhynchus_tshawytscha_SOT08",33653,TRUE,"HUC12 range",NA,33653,NA,NA,NA,"no","n/a (range)","outside the range by 33653 m"
"CA-078","Camp Nine Dam","CA","Chinook salmon","PISCES Oncorhynchus_tshawytscha_SOT05",89218,TRUE,"HUC12 range",NA,89218,NA,NA,NA,"no","n/a (range)","outside the range by 89218 m"
"CA-078","Camp Nine Dam","CA","Chinook salmon","PISCES Oncorhynchus_tshawytscha_SOT01",317449,TRUE,"HUC12 range",NA,317449,NA,NA,NA,"no","n/a (range)","outside the range by 317449 m"
"CA-078","Camp Nine Dam","CA","Chinook salmon","PISCES Oncorhynchus_tshawytscha_SOT02",317449,TRUE,"HUC12 range",NA,317449,NA,NA,NA,"no","n/a (range)","outside the range by 317449 m"
"CA-078","Camp Nine Dam","CA","Chinook salmon","PISCES Oncorhynchus_tshawytscha_SOT03",430770,TRUE,"HUC12 range",NA,430770,NA,NA,NA,"no","n/a (range)","outside the range by 430770 m"
"CA-078","Camp Nine Dam","CA","Chinook salmon","NOAA ds981 CA Coastal Chinook",NA,NA,"",NA,NA,NA,NA,NA,"no","no","nothing within 1 km"
"CA-078","Camp Nine Dam","CA","Chinook salmon","NOAA ds982 CV spring Chinook",NA,NA,"",NA,NA,NA,NA,NA,"no","no","nothing within 1 km"
"CA-078","Camp Nine Dam","CA","Chum salmon","(none)",NA,NA,"",NA,NA,NA,NA,NA,"n/a","n/a","NO CA SOURCE, by design: strays only, no California source"
"CA-078","Camp Nine Dam","CA","Coastal cutthroat trout","PISCES Oncorhynchus_clarki_clarki_SOC01",383898,TRUE,"HUC12 range",NA,383898,NA,NA,NA,"no","n/a (range)","outside the range by 383898 m"
"CA-078","Camp Nine Dam","CA","Coho salmon","CDFW ds326 coho",NA,NA,"",NA,NA,NA,NA,NA,"no","no","nothing within 1 km"
"CA-078","Camp Nine Dam","CA","Eulachon","PISCES Thaleichthys_pacificus_OTP01",395064,TRUE,"HUC12 range",NA,395064,NA,NA,NA,"no","n/a (range)","outside the range by 395064 m"
"CA-078","Camp Nine Dam","CA","Green sturgeon","PISCES Acipenser_medirostris_AAM02",67192,TRUE,"HUC12 range",NA,67192,NA,NA,NA,"no","n/a (range)","outside the range by 67192 m"
"CA-078","Camp Nine Dam","CA","Green sturgeon","PISCES Acipenser_medirostris_AAM01",375197,TRUE,"HUC12 range",NA,375197,NA,NA,NA,"no","n/a (range)","outside the range by 375197 m"
"CA-078","Camp Nine Dam","CA","Klamath largescale sucker","PISCES Catostomus_snyderi_CCS01",382348,TRUE,"HUC12 range",NA,382348,NA,NA,NA,"no","n/a (range)","outside the range by 382348 m"
"CA-078","Camp Nine Dam","CA","Largescale sucker","(none)",NA,NA,"",NA,NA,NA,NA,NA,"n/a","n/a","NO CA SOURCE, by design: not native to California"
"CA-078","Camp Nine Dam","CA","Lost River sucker","PISCES Catostomus_luxatus_CCL01",394511,TRUE,"HUC12 range",NA,394511,NA,NA,NA,"no","n/a (range)","outside the range by 394511 m"
"CA-078","Camp Nine Dam","CA","Mountain whitefish","PISCES Prosopium_williamsoni_SPW01",71275,TRUE,"HUC12 range",NA,71275,NA,NA,NA,"no","n/a (range)","outside the range by 71275 m"
"CA-078","Camp Nine Dam","CA","Pacific lamprey","USFWS ds2673 lamprey (federal)",2,FALSE,"DistType=Historical; HUC8Name=Upper Stanislaus","Stanislaus River",NA,NA,NA,FALSE,"no","no","excluded by the filter rule"
"CA-078","Camp Nine Dam","CA","Pacific lamprey","USFWS NW lamprey 2022 (federal)",NA,NA,"",NA,NA,NA,NA,NA,"no","no","nothing within 1 km"
"CA-078","Camp Nine Dam","CA","Pink salmon","(none)",NA,NA,"",NA,NA,NA,NA,NA,"n/a","n/a","NO CA SOURCE, by design: strays only, no California source"
"CA-078","Camp Nine Dam","CA","Redband trout","PISCES Oncorhynchus_mykiss_subspecies_SOM11",297017,TRUE,"HUC12 range",NA,297017,NA,NA,NA,"no","n/a (range)","outside the range by 297017 m"
"CA-078","Camp Nine Dam","CA","Redband trout","PISCES Oncorhynchus_mykiss_stonei_SOM10",360373,TRUE,"HUC12 range",NA,360373,NA,NA,NA,"no","n/a (range)","outside the range by 360373 m"
"CA-078","Camp Nine Dam","CA","Shortnose sucker","PISCES Chasmistes_brevirostris_CCB01",382348,TRUE,"HUC12 range",NA,382348,NA,NA,NA,"no","n/a (range)","outside the range by 382348 m"
"CA-078","Camp Nine Dam","CA","Sockeye salmon","(none)",NA,NA,"",NA,NA,NA,NA,NA,"n/a","n/a","NO CA SOURCE, by design: strays only, no California source"
"CA-078","Camp Nine Dam","CA","Steelhead","CDFW ds340 winter steelhead",NA,NA,"",NA,NA,NA,NA,NA,"no","no","nothing within 1 km"
"CA-078","Camp Nine Dam","CA","Steelhead","CDFW ds341 summer steelhead",NA,NA,"",NA,NA,NA,NA,NA,"no","no","nothing within 1 km"
"CA-078","Camp Nine Dam","CA","Western river lamprey","PISCES Lampetra_ayersi_PLA01",64452,TRUE,"HUC12 range",NA,64452,NA,NA,NA,"no","n/a (range)","outside the range by 64452 m"
"CA-078","Camp Nine Dam","CA","Westslope cutthroat trout","(none)",NA,NA,"",NA,NA,NA,NA,NA,"n/a","n/a","NO CA SOURCE, by design: not native to California"
"CA-078","Camp Nine Dam","CA","White sturgeon","PISCES Acipenser_transmontanus_AAT01",67192,TRUE,"HUC12 range",NA,67192,NA,NA,NA,"no","n/a (range)","outside the range by 67192 m"
"CA-102","Dream Lake Dam","CA","Bridgelip sucker","(none)",NA,NA,"",NA,NA,NA,NA,NA,"n/a","n/a","NO CA SOURCE, by design: not native to California"
"CA-102","Dream Lake Dam","CA","Bull trout","(none)",NA,NA,"",NA,NA,NA,NA,NA,"n/a","n/a","NO CA SOURCE, by design: extirpated in California (McCloud River, not seen since the mid-1970s)"
"CA-102","Dream Lake Dam","CA","Chinook salmon","PISCES Oncorhynchus_tshawytscha_SOT05",37950,TRUE,"HUC12 range",NA,37950,NA,NA,NA,"no","n/a (range)","outside the range by 37950 m"
"CA-102","Dream Lake Dam","CA","Chinook salmon","PISCES Oncorhynchus_tshawytscha_SOT07",37950,TRUE,"HUC12 range",NA,37950,NA,NA,NA,"no","n/a (range)","outside the range by 37950 m"
"CA-102","Dream Lake Dam","CA","Chinook salmon","PISCES Oncorhynchus_tshawytscha_SOT08",37950,TRUE,"HUC12 range",NA,37950,NA,NA,NA,"no","n/a (range)","outside the range by 37950 m"
"CA-102","Dream Lake Dam","CA","Chinook salmon","PISCES Oncorhynchus_tshawytscha_SOT01",108989,TRUE,"HUC12 range",NA,108989,NA,NA,NA,"no","n/a (range)","outside the range by 108989 m"
"CA-102","Dream Lake Dam","CA","Chinook salmon","PISCES Oncorhynchus_tshawytscha_SOT02",108989,TRUE,"HUC12 range",NA,108989,NA,NA,NA,"no","n/a (range)","outside the range by 108989 m"
"CA-102","Dream Lake Dam","CA","Chinook salmon","PISCES Oncorhynchus_tshawytscha_SOT03",206088,TRUE,"HUC12 range",NA,206088,NA,NA,NA,"no","n/a (range)","outside the range by 206088 m"
"CA-102","Dream Lake Dam","CA","Chinook salmon","NOAA ds981 CA Coastal Chinook",NA,NA,"",NA,NA,NA,NA,NA,"no","no","nothing within 1 km"
"CA-102","Dream Lake Dam","CA","Chinook salmon","NOAA ds982 CV spring Chinook",NA,NA,"",NA,NA,NA,NA,NA,"no","no","nothing within 1 km"
"CA-102","Dream Lake Dam","CA","Chum salmon","(none)",NA,NA,"",NA,NA,NA,NA,NA,"n/a","n/a","NO CA SOURCE, by design: strays only, no California source"
"CA-102","Dream Lake Dam","CA","Coastal cutthroat trout","PISCES Oncorhynchus_clarki_clarki_SOC01",188978,TRUE,"HUC12 range",NA,188978,NA,NA,NA,"no","n/a (range)","outside the range by 188978 m"
"CA-102","Dream Lake Dam","CA","Coho salmon","CDFW ds326 coho",NA,NA,"",NA,NA,NA,NA,NA,"no","no","nothing within 1 km"
"CA-102","Dream Lake Dam","CA","Eulachon","PISCES Thaleichthys_pacificus_OTP01",206088,TRUE,"HUC12 range",NA,206088,NA,NA,NA,"no","n/a (range)","outside the range by 206088 m"
"CA-102","Dream Lake Dam","CA","Green sturgeon","PISCES Acipenser_medirostris_AAM02",56144,TRUE,"HUC12 range",NA,56144,NA,NA,NA,"no","n/a (range)","outside the range by 56144 m"
"CA-102","Dream Lake Dam","CA","Green sturgeon","PISCES Acipenser_medirostris_AAM01",168984,TRUE,"HUC12 range",NA,168984,NA,NA,NA,"no","n/a (range)","outside the range by 168984 m"
"CA-102","Dream Lake Dam","CA","Klamath largescale sucker","PISCES Catostomus_snyderi_CCS01",128386,TRUE,"HUC12 range",NA,128386,NA,NA,NA,"no","n/a (range)","outside the range by 128386 m"
"CA-102","Dream Lake Dam","CA","Largescale sucker","(none)",NA,NA,"",NA,NA,NA,NA,NA,"n/a","n/a","NO CA SOURCE, by design: not native to California"
"CA-102","Dream Lake Dam","CA","Lost River sucker","PISCES Catostomus_luxatus_CCL01",130860,TRUE,"HUC12 range",NA,130860,NA,NA,NA,"no","n/a (range)","outside the range by 130860 m"
"CA-102","Dream Lake Dam","CA","Mountain whitefish","PISCES Prosopium_williamsoni_SPW01",136621,TRUE,"HUC12 range",NA,136621,NA,NA,NA,"no","n/a (range)","outside the range by 136621 m"
"CA-102","Dream Lake Dam","CA","Pacific lamprey","USFWS NW lamprey 2022 (federal)",NA,NA,"",NA,NA,NA,NA,NA,"no","no","nothing within 1 km"
"CA-102","Dream Lake Dam","CA","Pacific lamprey","USFWS ds2673 lamprey (federal)",NA,NA,"",NA,NA,NA,NA,NA,"no","no","nothing within 1 km"
"CA-102","Dream Lake Dam","CA","Pink salmon","(none)",NA,NA,"",NA,NA,NA,NA,NA,"n/a","n/a","NO CA SOURCE, by design: strays only, no California source"
"CA-102","Dream Lake Dam","CA","Redband trout","PISCES Oncorhynchus_mykiss_subspecies_SOM11",42661,TRUE,"HUC12 range",NA,42661,NA,NA,NA,"no","n/a (range)","outside the range by 42661 m"
"CA-102","Dream Lake Dam","CA","Redband trout","PISCES Oncorhynchus_mykiss_stonei_SOM10",87326,TRUE,"HUC12 range",NA,87326,NA,NA,NA,"no","n/a (range)","outside the range by 87326 m"
"CA-102","Dream Lake Dam","CA","Shortnose sucker","PISCES Chasmistes_brevirostris_CCB01",128386,TRUE,"HUC12 range",NA,128386,NA,NA,NA,"no","n/a (range)","outside the range by 128386 m"
"CA-102","Dream Lake Dam","CA","Sockeye salmon","(none)",NA,NA,"",NA,NA,NA,NA,NA,"n/a","n/a","NO CA SOURCE, by design: strays only, no California source"
"CA-102","Dream Lake Dam","CA","Steelhead","CDFW ds340 winter steelhead",NA,NA,"",NA,NA,NA,NA,NA,"no","no","nothing within 1 km"
"CA-102","Dream Lake Dam","CA","Steelhead","CDFW ds341 summer steelhead",NA,NA,"",NA,NA,NA,NA,NA,"no","no","nothing within 1 km"
"CA-102","Dream Lake Dam","CA","Western river lamprey","PISCES Lampetra_ayersi_PLA01",67382,TRUE,"HUC12 range",NA,67382,NA,NA,NA,"no","n/a (range)","outside the range by 67382 m"
"CA-102","Dream Lake Dam","CA","Westslope cutthroat trout","(none)",NA,NA,"",NA,NA,NA,NA,NA,"n/a","n/a","NO CA SOURCE, by design: not native to California"
"CA-102","Dream Lake Dam","CA","White sturgeon","PISCES Acipenser_transmontanus_AAT01",56144,TRUE,"HUC12 range",NA,56144,NA,NA,NA,"no","n/a (range)","outside the range by 56144 m"
"CA-155","Maria Ygnacio Debris Basin Dam East Branch","CA","Bridgelip sucker","(none)",NA,NA,"",NA,NA,NA,NA,NA,"n/a","n/a","NO CA SOURCE, by design: not native to California"
"CA-155","Maria Ygnacio Debris Basin Dam East Branch","CA","Bull trout","(none)",NA,NA,"",NA,NA,NA,NA,NA,"n/a","n/a","NO CA SOURCE, by design: extirpated in California (McCloud River, not seen since the mid-1970s)"
"CA-155","Maria Ygnacio Debris Basin Dam East Branch","CA","Chinook salmon","PISCES Oncorhynchus_tshawytscha_SOT07",260995,TRUE,"HUC12 range",NA,260995,NA,NA,NA,"no","n/a (range)","outside the range by 260995 m"
"CA-155","Maria Ygnacio Debris Basin Dam East Branch","CA","Chinook salmon","PISCES Oncorhynchus_tshawytscha_SOT08",260995,TRUE,"HUC12 range",NA,260995,NA,NA,NA,"no","n/a (range)","outside the range by 260995 m"
"CA-155","Maria Ygnacio Debris Basin Dam East Branch","CA","Chinook salmon","PISCES Oncorhynchus_tshawytscha_SOT05",390555,TRUE,"HUC12 range",NA,390555,NA,NA,NA,"no","n/a (range)","outside the range by 390555 m"
"CA-155","Maria Ygnacio Debris Basin Dam East Branch","CA","Chinook salmon","PISCES Oncorhynchus_tshawytscha_SOT01",695884,TRUE,"HUC12 range",NA,695884,NA,NA,NA,"no","n/a (range)","outside the range by 695884 m"
"CA-155","Maria Ygnacio Debris Basin Dam East Branch","CA","Chinook salmon","PISCES Oncorhynchus_tshawytscha_SOT02",695884,TRUE,"HUC12 range",NA,695884,NA,NA,NA,"no","n/a (range)","outside the range by 695884 m"
"CA-155","Maria Ygnacio Debris Basin Dam East Branch","CA","Chinook salmon","PISCES Oncorhynchus_tshawytscha_SOT03",809450,TRUE,"HUC12 range",NA,809450,NA,NA,NA,"no","n/a (range)","outside the range by 809450 m"
"CA-155","Maria Ygnacio Debris Basin Dam East Branch","CA","Chinook salmon","NOAA ds981 CA Coastal Chinook",NA,NA,"",NA,NA,NA,NA,NA,"no","no","nothing within 1 km"
"CA-155","Maria Ygnacio Debris Basin Dam East Branch","CA","Chinook salmon","NOAA ds982 CV spring Chinook",NA,NA,"",NA,NA,NA,NA,NA,"no","no","nothing within 1 km"
"CA-155","Maria Ygnacio Debris Basin Dam East Branch","CA","Chum salmon","(none)",NA,NA,"",NA,NA,NA,NA,NA,"n/a","n/a","NO CA SOURCE, by design: strays only, no California source"
"CA-155","Maria Ygnacio Debris Basin Dam East Branch","CA","Coastal cutthroat trout","PISCES Oncorhynchus_clarki_clarki_SOC01",751570,TRUE,"HUC12 range",NA,751570,NA,NA,NA,"no","n/a (range)","outside the range by 751570 m"
"CA-155","Maria Ygnacio Debris Basin Dam East Branch","CA","Coho salmon","CDFW ds326 coho",NA,NA,"",NA,NA,NA,NA,NA,"no","no","nothing within 1 km"
"CA-155","Maria Ygnacio Debris Basin Dam East Branch","CA","Eulachon","PISCES Thaleichthys_pacificus_OTP01",759303,TRUE,"HUC12 range",NA,759303,NA,NA,NA,"no","n/a (range)","outside the range by 759303 m"
"CA-155","Maria Ygnacio Debris Basin Dam East Branch","CA","Green sturgeon","PISCES Acipenser_medirostris_AAM02",338825,TRUE,"HUC12 range",NA,338825,NA,NA,NA,"no","n/a (range)","outside the range by 338825 m"
"CA-155","Maria Ygnacio Debris Basin Dam East Branch","CA","Green sturgeon","PISCES Acipenser_medirostris_AAM01",736302,TRUE,"HUC12 range",NA,736302,NA,NA,NA,"no","n/a (range)","outside the range by 736302 m"
"CA-155","Maria Ygnacio Debris Basin Dam East Branch","CA","Klamath largescale sucker","PISCES Catostomus_snyderi_CCS01",797158,TRUE,"HUC12 range",NA,797158,NA,NA,NA,"no","n/a (range)","outside the range by 797158 m"
"CA-155","Maria Ygnacio Debris Basin Dam East Branch","CA","Largescale sucker","(none)",NA,NA,"",NA,NA,NA,NA,NA,"n/a","n/a","NO CA SOURCE, by design: not native to California"
"CA-155","Maria Ygnacio Debris Basin Dam East Branch","CA","Lost River sucker","PISCES Catostomus_luxatus_CCL01",809315,TRUE,"HUC12 range",NA,809315,NA,NA,NA,"no","n/a (range)","outside the range by 809315 m"
"CA-155","Maria Ygnacio Debris Basin Dam East Branch","CA","Mountain whitefish","PISCES Prosopium_williamsoni_SPW01",407428,TRUE,"HUC12 range",NA,407428,NA,NA,NA,"no","n/a (range)","outside the range by 407428 m"
"CA-155","Maria Ygnacio Debris Basin Dam East Branch","CA","Pacific lamprey","USFWS NW lamprey 2022 (federal)",NA,NA,"",NA,NA,NA,NA,NA,"no","no","nothing within 1 km"
"CA-155","Maria Ygnacio Debris Basin Dam East Branch","CA","Pacific lamprey","USFWS ds2673 lamprey (federal)",NA,NA,"",NA,NA,NA,NA,NA,"no","no","nothing within 1 km"
"CA-155","Maria Ygnacio Debris Basin Dam East Branch","CA","Pink salmon","(none)",NA,NA,"",NA,NA,NA,NA,NA,"n/a","n/a","NO CA SOURCE, by design: strays only, no California source"
"CA-155","Maria Ygnacio Debris Basin Dam East Branch","CA","Redband trout","PISCES Oncorhynchus_mykiss_subspecies_SOM11",711619,TRUE,"HUC12 range",NA,711619,NA,NA,NA,"no","n/a (range)","outside the range by 711619 m"
"CA-155","Maria Ygnacio Debris Basin Dam East Branch","CA","Redband trout","PISCES Oncorhynchus_mykiss_stonei_SOM10",771340,TRUE,"HUC12 range",NA,771340,NA,NA,NA,"no","n/a (range)","outside the range by 771340 m"
"CA-155","Maria Ygnacio Debris Basin Dam East Branch","CA","Shortnose sucker","PISCES Chasmistes_brevirostris_CCB01",797158,TRUE,"HUC12 range",NA,797158,NA,NA,NA,"no","n/a (range)","outside the range by 797158 m"
"CA-155","Maria Ygnacio Debris Basin Dam East Branch","CA","Sockeye salmon","(none)",NA,NA,"",NA,NA,NA,NA,NA,"n/a","n/a","NO CA SOURCE, by design: strays only, no California source"
"CA-155","Maria Ygnacio Debris Basin Dam East Branch","CA","Steelhead","CDFW ds340 winter steelhead",292,TRUE,"Early_Yr=2005; Late_Yr=2005","Maria Ygnacio Creek",292,"Maria Ygnacio Creek",NA,FALSE,"no","no","tolerance: nearest passing 292 m, past the base rule, and no name-equal stream"
"CA-155","Maria Ygnacio Debris Basin Dam East Branch","CA","Steelhead","CDFW ds341 summer steelhead",NA,NA,"",NA,NA,NA,NA,NA,"no","no","nothing within 1 km"
"CA-155","Maria Ygnacio Debris Basin Dam East Branch","CA","Western river lamprey","PISCES Lampetra_ayersi_PLA01",367458,TRUE,"HUC12 range",NA,367458,NA,NA,NA,"no","n/a (range)","outside the range by 367458 m"
"CA-155","Maria Ygnacio Debris Basin Dam East Branch","CA","Westslope cutthroat trout","(none)",NA,NA,"",NA,NA,NA,NA,NA,"n/a","n/a","NO CA SOURCE, by design: not native to California"
"CA-155","Maria Ygnacio Debris Basin Dam East Branch","CA","White sturgeon","PISCES Acipenser_transmontanus_AAT01",327532,TRUE,"HUC12 range",NA,327532,NA,NA,NA,"no","n/a (range)","outside the range by 327532 m"
"CA-179","Columbine Dam","CA","Bridgelip sucker","(none)",NA,NA,"",NA,NA,NA,NA,NA,"n/a","n/a","NO CA SOURCE, by design: not native to California"
"CA-179","Columbine Dam","CA","Bull trout","(none)",NA,NA,"",NA,NA,NA,NA,NA,"n/a","n/a","NO CA SOURCE, by design: extirpated in California (McCloud River, not seen since the mid-1970s)"
"CA-179","Columbine Dam","CA","Chinook salmon","PISCES Oncorhynchus_tshawytscha_SOT05",23379,TRUE,"HUC12 range",NA,23379,NA,NA,NA,"no","n/a (range)","outside the range by 23379 m"
"CA-179","Columbine Dam","CA","Chinook salmon","PISCES Oncorhynchus_tshawytscha_SOT07",23379,TRUE,"HUC12 range",NA,23379,NA,NA,NA,"no","n/a (range)","outside the range by 23379 m"
"CA-179","Columbine Dam","CA","Chinook salmon","PISCES Oncorhynchus_tshawytscha_SOT08",23379,TRUE,"HUC12 range",NA,23379,NA,NA,NA,"no","n/a (range)","outside the range by 23379 m"
"CA-179","Columbine Dam","CA","Chinook salmon","PISCES Oncorhynchus_tshawytscha_SOT01",329384,TRUE,"HUC12 range",NA,329384,NA,NA,NA,"no","n/a (range)","outside the range by 329384 m"
"CA-179","Columbine Dam","CA","Chinook salmon","PISCES Oncorhynchus_tshawytscha_SOT02",329384,TRUE,"HUC12 range",NA,329384,NA,NA,NA,"no","n/a (range)","outside the range by 329384 m"
"CA-179","Columbine Dam","CA","Chinook salmon","PISCES Oncorhynchus_tshawytscha_SOT03",441134,TRUE,"HUC12 range",NA,441134,NA,NA,NA,"no","n/a (range)","outside the range by 441134 m"
"CA-179","Columbine Dam","CA","Chinook salmon","NOAA ds981 CA Coastal Chinook",NA,NA,"",NA,NA,NA,NA,NA,"no","no","nothing within 1 km"
"CA-179","Columbine Dam","CA","Chinook salmon","NOAA ds982 CV spring Chinook",NA,NA,"",NA,NA,NA,NA,NA,"no","no","nothing within 1 km"
"CA-179","Columbine Dam","CA","Chum salmon","(none)",NA,NA,"",NA,NA,NA,NA,NA,"n/a","n/a","NO CA SOURCE, by design: strays only, no California source"
"CA-179","Columbine Dam","CA","Coastal cutthroat trout","PISCES Oncorhynchus_clarki_clarki_SOC01",382052,TRUE,"HUC12 range",NA,382052,NA,NA,NA,"no","n/a (range)","outside the range by 382052 m"
"CA-179","Columbine Dam","CA","Coho salmon","CDFW ds326 coho",NA,NA,"",NA,NA,NA,NA,NA,"no","no","nothing within 1 km"
"CA-179","Columbine Dam","CA","Eulachon","PISCES Thaleichthys_pacificus_OTP01",389395,TRUE,"HUC12 range",NA,389395,NA,NA,NA,"no","n/a (range)","outside the range by 389395 m"
"CA-179","Columbine Dam","CA","Green sturgeon","PISCES Acipenser_medirostris_AAM02",23379,TRUE,"HUC12 range",NA,23379,NA,NA,NA,"no","n/a (range)","outside the range by 23379 m"
"CA-179","Columbine Dam","CA","Green sturgeon","PISCES Acipenser_medirostris_AAM01",366297,TRUE,"HUC12 range",NA,366297,NA,NA,NA,"no","n/a (range)","outside the range by 366297 m"
"CA-179","Columbine Dam","CA","Klamath largescale sucker","PISCES Catostomus_snyderi_CCS01",473818,TRUE,"HUC12 range",NA,473818,NA,NA,NA,"no","n/a (range)","outside the range by 473818 m"
"CA-179","Columbine Dam","CA","Largescale sucker","(none)",NA,NA,"",NA,NA,NA,NA,NA,"n/a","n/a","NO CA SOURCE, by design: not native to California"
"CA-179","Columbine Dam","CA","Lost River sucker","PISCES Catostomus_luxatus_CCL01",477159,TRUE,"HUC12 range",NA,477159,NA,NA,NA,"no","n/a (range)","outside the range by 477159 m"
"CA-179","Columbine Dam","CA","Mountain whitefish","PISCES Prosopium_williamsoni_SPW01",219295,TRUE,"HUC12 range",NA,219295,NA,NA,NA,"no","n/a (range)","outside the range by 219295 m"
"CA-179","Columbine Dam","CA","Pacific lamprey","USFWS NW lamprey 2022 (federal)",NA,NA,"",NA,NA,NA,NA,NA,"no","no","nothing within 1 km"
"CA-179","Columbine Dam","CA","Pacific lamprey","USFWS ds2673 lamprey (federal)",NA,NA,"",NA,NA,NA,NA,NA,"no","no","nothing within 1 km"
"CA-179","Columbine Dam","CA","Pink salmon","(none)",NA,NA,"",NA,NA,NA,NA,NA,"n/a","n/a","NO CA SOURCE, by design: strays only, no California source"
"CA-179","Columbine Dam","CA","Redband trout","PISCES Oncorhynchus_mykiss_subspecies_SOM11",384337,TRUE,"HUC12 range",NA,384337,NA,NA,NA,"no","n/a (range)","outside the range by 384337 m"
"CA-179","Columbine Dam","CA","Redband trout","PISCES Oncorhynchus_mykiss_stonei_SOM10",427347,TRUE,"HUC12 range",NA,427347,NA,NA,NA,"no","n/a (range)","outside the range by 427347 m"
"CA-179","Columbine Dam","CA","Shortnose sucker","PISCES Chasmistes_brevirostris_CCB01",473818,TRUE,"HUC12 range",NA,473818,NA,NA,NA,"no","n/a (range)","outside the range by 473818 m"
"CA-179","Columbine Dam","CA","Sockeye salmon","(none)",NA,NA,"",NA,NA,NA,NA,NA,"n/a","n/a","NO CA SOURCE, by design: strays only, no California source"
"CA-179","Columbine Dam","CA","Steelhead","CDFW ds340 winter steelhead",NA,NA,"",NA,NA,NA,NA,NA,"no","no","nothing within 1 km"
"CA-179","Columbine Dam","CA","Steelhead","CDFW ds341 summer steelhead",NA,NA,"",NA,NA,NA,NA,NA,"no","no","nothing within 1 km"
"CA-179","Columbine Dam","CA","Western river lamprey","PISCES Lampetra_ayersi_PLA01",27177,TRUE,"HUC12 range",NA,27177,NA,NA,NA,"no","n/a (range)","outside the range by 27177 m"
"CA-179","Columbine Dam","CA","Westslope cutthroat trout","(none)",NA,NA,"",NA,NA,NA,NA,NA,"n/a","n/a","NO CA SOURCE, by design: not native to California"
"CA-179","Columbine Dam","CA","White sturgeon","PISCES Acipenser_transmontanus_AAT01",23379,TRUE,"HUC12 range",NA,23379,NA,NA,NA,"no","n/a (range)","outside the range by 23379 m"
"CA-183","Double U Fish Ranch Dam","CA","Bridgelip sucker","(none)",NA,NA,"",NA,NA,NA,NA,NA,"n/a","n/a","NO CA SOURCE, by design: not native to California"
"CA-183","Double U Fish Ranch Dam","CA","Bull trout","(none)",NA,NA,"",NA,NA,NA,NA,NA,"n/a","n/a","NO CA SOURCE, by design: extirpated in California (McCloud River, not seen since the mid-1970s)"
"CA-183","Double U Fish Ranch Dam","CA","Chinook salmon","PISCES Oncorhynchus_tshawytscha_SOT07",108841,TRUE,"HUC12 range",NA,108841,NA,NA,NA,"no","n/a (range)","outside the range by 108841 m"
"CA-183","Double U Fish Ranch Dam","CA","Chinook salmon","PISCES Oncorhynchus_tshawytscha_SOT08",108841,TRUE,"HUC12 range",NA,108841,NA,NA,NA,"no","n/a (range)","outside the range by 108841 m"
"CA-183","Double U Fish Ranch Dam","CA","Chinook salmon","PISCES Oncorhynchus_tshawytscha_SOT01",116611,TRUE,"HUC12 range",NA,116611,NA,NA,NA,"no","n/a (range)","outside the range by 116611 m"
"CA-183","Double U Fish Ranch Dam","CA","Chinook salmon","PISCES Oncorhynchus_tshawytscha_SOT02",116611,TRUE,"HUC12 range",NA,116611,NA,NA,NA,"no","n/a (range)","outside the range by 116611 m"
"CA-183","Double U Fish Ranch Dam","CA","Chinook salmon","PISCES Oncorhynchus_tshawytscha_SOT05",132214,TRUE,"HUC12 range",NA,132214,NA,NA,NA,"no","n/a (range)","outside the range by 132214 m"
"CA-183","Double U Fish Ranch Dam","CA","Chinook salmon","PISCES Oncorhynchus_tshawytscha_SOT03",226608,TRUE,"HUC12 range",NA,226608,NA,NA,NA,"no","n/a (range)","outside the range by 226608 m"
"CA-183","Double U Fish Ranch Dam","CA","Chinook salmon","NOAA ds981 CA Coastal Chinook",NA,NA,"",NA,NA,NA,NA,NA,"no","no","nothing within 1 km"
"CA-183","Double U Fish Ranch Dam","CA","Chinook salmon","NOAA ds982 CV spring Chinook",NA,NA,"",NA,NA,NA,NA,NA,"no","no","nothing within 1 km"
"CA-183","Double U Fish Ranch Dam","CA","Chum salmon","(none)",NA,NA,"",NA,NA,NA,NA,NA,"n/a","n/a","NO CA SOURCE, by design: strays only, no California source"
"CA-183","Double U Fish Ranch Dam","CA","Coastal cutthroat trout","PISCES Oncorhynchus_clarki_clarki_SOC01",174989,TRUE,"HUC12 range",NA,174989,NA,NA,NA,"no","n/a (range)","outside the range by 174989 m"
"CA-183","Double U Fish Ranch Dam","CA","Coho salmon","CDFW ds326 coho",NA,NA,"",NA,NA,NA,NA,NA,"no","no","nothing within 1 km"
"CA-183","Double U Fish Ranch Dam","CA","Eulachon","PISCES Thaleichthys_pacificus_OTP01",233577,TRUE,"HUC12 range",NA,233577,NA,NA,NA,"no","n/a (range)","outside the range by 233577 m"
"CA-183","Double U Fish Ranch Dam","CA","Green sturgeon","PISCES Acipenser_medirostris_AAM02",150932,TRUE,"HUC12 range",NA,150932,NA,NA,NA,"no","n/a (range)","outside the range by 150932 m"
"CA-183","Double U Fish Ranch Dam","CA","Green sturgeon","PISCES Acipenser_medirostris_AAM01",192736,TRUE,"HUC12 range",NA,192736,NA,NA,NA,"no","n/a (range)","outside the range by 192736 m"
"CA-183","Double U Fish Ranch Dam","CA","Klamath largescale sucker","PISCES Catostomus_snyderi_CCS01",8451,TRUE,"HUC12 range",NA,8451,NA,NA,NA,"no","n/a (range)","outside the range by 8451 m"
"CA-183","Double U Fish Ranch Dam","CA","Largescale sucker","(none)",NA,NA,"",NA,NA,NA,NA,NA,"n/a","n/a","NO CA SOURCE, by design: not native to California"
"CA-183","Double U Fish Ranch Dam","CA","Lost River sucker","PISCES Catostomus_luxatus_CCL01",20302,TRUE,"HUC12 range",NA,20302,NA,NA,NA,"no","n/a (range)","outside the range by 20302 m"
"CA-183","Double U Fish Ranch Dam","CA","Mountain whitefish","PISCES Prosopium_williamsoni_SPW01",219081,TRUE,"HUC12 range",NA,219081,NA,NA,NA,"no","n/a (range)","outside the range by 219081 m"
"CA-183","Double U Fish Ranch Dam","CA","Pacific lamprey","USFWS NW lamprey 2022 (federal)",NA,NA,"",NA,NA,NA,NA,NA,"no","no","nothing within 1 km"
"CA-183","Double U Fish Ranch Dam","CA","Pacific lamprey","USFWS ds2673 lamprey (federal)",NA,NA,"",NA,NA,NA,NA,NA,"no","no","nothing within 1 km"
"CA-183","Double U Fish Ranch Dam","CA","Pink salmon","(none)",NA,NA,"",NA,NA,NA,NA,NA,"n/a","n/a","NO CA SOURCE, by design: strays only, no California source"
"CA-183","Double U Fish Ranch Dam","CA","Redband trout","PISCES Oncorhynchus_mykiss_subspecies_SOM11",28371,TRUE,"HUC12 range",NA,28371,NA,NA,NA,"no","n/a (range)","outside the range by 28371 m"
"CA-183","Double U Fish Ranch Dam","CA","Redband trout","PISCES Oncorhynchus_mykiss_stonei_SOM10",73727,TRUE,"HUC12 range",NA,73727,NA,NA,NA,"no","n/a (range)","outside the range by 73727 m"
"CA-183","Double U Fish Ranch Dam","CA","Shortnose sucker","PISCES Chasmistes_brevirostris_CCB01",8451,TRUE,"HUC12 range",NA,8451,NA,NA,NA,"no","n/a (range)","outside the range by 8451 m"
"CA-183","Double U Fish Ranch Dam","CA","Sockeye salmon","(none)",NA,NA,"",NA,NA,NA,NA,NA,"n/a","n/a","NO CA SOURCE, by design: strays only, no California source"
"CA-183","Double U Fish Ranch Dam","CA","Steelhead","CDFW ds340 winter steelhead",NA,NA,"",NA,NA,NA,NA,NA,"no","no","nothing within 1 km"
"CA-183","Double U Fish Ranch Dam","CA","Steelhead","CDFW ds341 summer steelhead",NA,NA,"",NA,NA,NA,NA,NA,"no","no","nothing within 1 km"
"CA-183","Double U Fish Ranch Dam","CA","Western river lamprey","PISCES Lampetra_ayersi_PLA01",182550,TRUE,"HUC12 range",NA,182550,NA,NA,NA,"no","n/a (range)","outside the range by 182550 m"
"CA-183","Double U Fish Ranch Dam","CA","Westslope cutthroat trout","(none)",NA,NA,"",NA,NA,NA,NA,NA,"n/a","n/a","NO CA SOURCE, by design: not native to California"
"CA-183","Double U Fish Ranch Dam","CA","White sturgeon","PISCES Acipenser_transmontanus_AAT01",152737,TRUE,"HUC12 range",NA,152737,NA,NA,NA,"no","n/a (range)","outside the range by 152737 m"
"OR-013","Rock Creek Dam","OR","Bridgelip sucker","ODFW fhd_Sucker_Bridgelip",NA,NA,"",NA,NA,NA,NA,NA,"no","no","nothing within 1 km"
"OR-013","Rock Creek Dam","OR","Bull trout","ODFW fhd_Bulltrout",NA,NA,"",NA,NA,NA,NA,NA,"no","no","nothing within 1 km"
"OR-013","Rock Creek Dam","OR","Chinook salmon","ODFW fhd_ChinookFall",NA,NA,"",NA,NA,NA,NA,NA,"no","no","nothing within 1 km"
"OR-013","Rock Creek Dam","OR","Chinook salmon","ODFW fhd_ChinookSpring",NA,NA,"",NA,NA,NA,NA,NA,"no","no","nothing within 1 km"
"OR-013","Rock Creek Dam","OR","Chum salmon","ODFW fhd_Chum",NA,NA,"",NA,NA,NA,NA,NA,"no","no","nothing within 1 km"
"OR-013","Rock Creek Dam","OR","Coastal cutthroat trout","ODFW fhd_Cutthroat_Coastal",NA,NA,"",NA,NA,NA,NA,NA,"no","no","nothing within 1 km"
"OR-013","Rock Creek Dam","OR","Coho salmon","ODFW fhd_Coho",NA,NA,"",NA,NA,NA,NA,NA,"no","no","nothing within 1 km"
"OR-013","Rock Creek Dam","OR","Eulachon","ODFW fhd_Eulachon",NA,NA,"",NA,NA,NA,NA,NA,"no","no","nothing within 1 km"
"OR-013","Rock Creek Dam","OR","Green sturgeon","ODFW fhd_SturgeonGreen",NA,NA,"",NA,NA,NA,NA,NA,"no","no","nothing within 1 km"
"OR-013","Rock Creek Dam","OR","Klamath largescale sucker","ODFW fhd_Sucker_KlamathLargescale",NA,NA,"",NA,NA,NA,NA,NA,"no","no","nothing within 1 km"
"OR-013","Rock Creek Dam","OR","Largescale sucker","ODFW fhd_Sucker_Largescale",NA,NA,"",NA,NA,NA,NA,NA,"no","no","nothing within 1 km"
"OR-013","Rock Creek Dam","OR","Lost River sucker","ODFW fhd_Sucker_LostRiver",NA,NA,"",NA,NA,NA,NA,NA,"no","no","nothing within 1 km"
"OR-013","Rock Creek Dam","OR","Mountain whitefish","ODFW fhd_MountainWhitefish",NA,NA,"",NA,NA,NA,NA,NA,"no","no","nothing within 1 km"
"OR-013","Rock Creek Dam","OR","Pacific lamprey","USFWS NW lamprey 2022 (federal)",NA,NA,"",NA,NA,NA,NA,NA,"no","no","nothing within 1 km"
"OR-013","Rock Creek Dam","OR","Pacific lamprey","USFWS ds2673 lamprey (federal)",NA,NA,"",NA,NA,NA,NA,NA,"no","no","nothing within 1 km"
"OR-013","Rock Creek Dam","OR","Pacific lamprey","ODFW fhd_Lamprey_Pacific",NA,NA,"",NA,NA,NA,NA,NA,"no","no","nothing within 1 km"
"OR-013","Rock Creek Dam","OR","Pink salmon","(none)",NA,NA,"",NA,NA,NA,NA,NA,"n/a","n/a","NO OR SOURCE, by design: strays only, no Oregon source"
"OR-013","Rock Creek Dam","OR","Redband trout","ODFW fhd_Redband",641,TRUE,"fhdUseTy=Spawning; fhdRun=NA; fhdLifeHst=FluvRes; fhdAccess=NA; fhdBasis=ConcurProfOpinion","Rock Creek",641,"Rock Creek",NA,FALSE,"no","no","tolerance: nearest passing 641 m, past the base rule, and no name-equal stream"
"OR-013","Rock Creek Dam","OR","Shortnose sucker","ODFW fhd_Sucker_Shortnose",NA,NA,"",NA,NA,NA,NA,NA,"no","no","nothing within 1 km"
"OR-013","Rock Creek Dam","OR","Sockeye salmon","ODFW fhd_Sockeye",NA,NA,"",NA,NA,NA,NA,NA,"no","no","nothing within 1 km"
"OR-013","Rock Creek Dam","OR","Steelhead","ODFW fhd_SteelheadWinter",NA,NA,"",NA,NA,NA,NA,NA,"no","no","nothing within 1 km"
"OR-013","Rock Creek Dam","OR","Steelhead","ODFW fhd_SteelheadSummer",NA,NA,"",NA,NA,NA,NA,NA,"no","no","nothing within 1 km"
"OR-013","Rock Creek Dam","OR","Western river lamprey","ODFW fhd_Lamprey_WesternRiver",NA,NA,"",NA,NA,NA,NA,NA,"no","no","nothing within 1 km"
"OR-013","Rock Creek Dam","OR","Westslope cutthroat trout","ODFW fhd_Cutthroat_Westslope",NA,NA,"",NA,NA,NA,NA,NA,"no","no","nothing within 1 km"
"OR-013","Rock Creek Dam","OR","White sturgeon","ODFW fhd_SturgeonWhite",NA,NA,"",NA,NA,NA,NA,NA,"no","no","nothing within 1 km"
"OR-028","South Fork Necanicum Diversion Dam","OR","Bridgelip sucker","ODFW fhd_Sucker_Bridgelip",NA,NA,"",NA,NA,NA,NA,NA,"no","no","nothing within 1 km"
"OR-028","South Fork Necanicum Diversion Dam","OR","Bull trout","ODFW fhd_Bulltrout",NA,NA,"",NA,NA,NA,NA,NA,"no","no","nothing within 1 km"
"OR-028","South Fork Necanicum Diversion Dam","OR","Chinook salmon","ODFW fhd_ChinookFall",NA,NA,"",NA,NA,NA,NA,NA,"no","no","nothing within 1 km"
"OR-028","South Fork Necanicum Diversion Dam","OR","Chinook salmon","ODFW fhd_ChinookSpring",NA,NA,"",NA,NA,NA,NA,NA,"no","no","nothing within 1 km"
"OR-028","South Fork Necanicum Diversion Dam","OR","Chum salmon","ODFW fhd_Chum",NA,NA,"",NA,NA,NA,NA,NA,"no","no","nothing within 1 km"
"OR-028","South Fork Necanicum Diversion Dam","OR","Coastal cutthroat trout","ODFW fhd_Cutthroat_Coastal",227,TRUE,"fhdUseTy=Unknown; fhdRun=NA; fhdLifeHst=AnadRes; fhdAccess=NA; fhdBasis=ConcurProfOpinion","Phipps Creek",227,"Phipps Creek",NA,FALSE,"no","no","tolerance: nearest passing 227 m, past the base rule, and no name-equal stream"
"OR-028","South Fork Necanicum Diversion Dam","OR","Coho salmon","ODFW fhd_Coho",NA,NA,"",NA,NA,NA,NA,NA,"no","no","nothing within 1 km"
"OR-028","South Fork Necanicum Diversion Dam","OR","Eulachon","ODFW fhd_Eulachon",NA,NA,"",NA,NA,NA,NA,NA,"no","no","nothing within 1 km"
"OR-028","South Fork Necanicum Diversion Dam","OR","Green sturgeon","ODFW fhd_SturgeonGreen",NA,NA,"",NA,NA,NA,NA,NA,"no","no","nothing within 1 km"
"OR-028","South Fork Necanicum Diversion Dam","OR","Klamath largescale sucker","ODFW fhd_Sucker_KlamathLargescale",NA,NA,"",NA,NA,NA,NA,NA,"no","no","nothing within 1 km"
"OR-028","South Fork Necanicum Diversion Dam","OR","Largescale sucker","ODFW fhd_Sucker_Largescale",NA,NA,"",NA,NA,NA,NA,NA,"no","no","nothing within 1 km"
"OR-028","South Fork Necanicum Diversion Dam","OR","Lost River sucker","ODFW fhd_Sucker_LostRiver",NA,NA,"",NA,NA,NA,NA,NA,"no","no","nothing within 1 km"
"OR-028","South Fork Necanicum Diversion Dam","OR","Mountain whitefish","ODFW fhd_MountainWhitefish",NA,NA,"",NA,NA,NA,NA,NA,"no","no","nothing within 1 km"
"OR-028","South Fork Necanicum Diversion Dam","OR","Pacific lamprey","USFWS NW lamprey 2022 (federal)",NA,NA,"",NA,NA,NA,NA,NA,"no","no","nothing within 1 km"
"OR-028","South Fork Necanicum Diversion Dam","OR","Pacific lamprey","USFWS ds2673 lamprey (federal)",NA,NA,"",NA,NA,NA,NA,NA,"no","no","nothing within 1 km"
"OR-028","South Fork Necanicum Diversion Dam","OR","Pacific lamprey","ODFW fhd_Lamprey_Pacific",NA,NA,"",NA,NA,NA,NA,NA,"no","no","nothing within 1 km"
"OR-028","South Fork Necanicum Diversion Dam","OR","Pink salmon","(none)",NA,NA,"",NA,NA,NA,NA,NA,"n/a","n/a","NO OR SOURCE, by design: strays only, no Oregon source"
"OR-028","South Fork Necanicum Diversion Dam","OR","Redband trout","ODFW fhd_Redband",NA,NA,"",NA,NA,NA,NA,NA,"no","no","nothing within 1 km"
"OR-028","South Fork Necanicum Diversion Dam","OR","Shortnose sucker","ODFW fhd_Sucker_Shortnose",NA,NA,"",NA,NA,NA,NA,NA,"no","no","nothing within 1 km"
"OR-028","South Fork Necanicum Diversion Dam","OR","Sockeye salmon","ODFW fhd_Sockeye",NA,NA,"",NA,NA,NA,NA,NA,"no","no","nothing within 1 km"
"OR-028","South Fork Necanicum Diversion Dam","OR","Steelhead","ODFW fhd_SteelheadWinter",227,TRUE,"fhdUseTy=Spawning; fhdRun=Winter; fhdLifeHst=Anadromous; fhdAccess=Unassisted; fhdBasis=ConcurProfOpinion","Phipps Creek",227,"Phipps Creek",NA,FALSE,"no","no","tolerance: nearest passing 227 m, past the base rule, and no name-equal stream"
"OR-028","South Fork Necanicum Diversion Dam","OR","Steelhead","ODFW fhd_SteelheadSummer",NA,NA,"",NA,NA,NA,NA,NA,"no","no","nothing within 1 km"
"OR-028","South Fork Necanicum Diversion Dam","OR","Western river lamprey","ODFW fhd_Lamprey_WesternRiver",NA,NA,"",NA,NA,NA,NA,NA,"no","no","nothing within 1 km"
"OR-028","South Fork Necanicum Diversion Dam","OR","Westslope cutthroat trout","ODFW fhd_Cutthroat_Westslope",NA,NA,"",NA,NA,NA,NA,NA,"no","no","nothing within 1 km"
"OR-028","South Fork Necanicum Diversion Dam","OR","White sturgeon","ODFW fhd_SturgeonWhite",NA,NA,"",NA,NA,NA,NA,NA,"no","no","nothing within 1 km"
"OR-035","Low Dam Removal","OR","Bridgelip sucker","ODFW fhd_Sucker_Bridgelip",NA,NA,"",NA,NA,NA,NA,NA,"no","no","nothing within 1 km"
"OR-035","Low Dam Removal","OR","Bull trout","ODFW fhd_Bulltrout",NA,NA,"",NA,NA,NA,NA,NA,"no","no","nothing within 1 km"
"OR-035","Low Dam Removal","OR","Chinook salmon","ODFW fhd_ChinookFall",NA,NA,"",NA,NA,NA,NA,NA,"no","no","nothing within 1 km"
"OR-035","Low Dam Removal","OR","Chinook salmon","ODFW fhd_ChinookSpring",NA,NA,"",NA,NA,NA,NA,NA,"no","no","nothing within 1 km"
"OR-035","Low Dam Removal","OR","Chum salmon","ODFW fhd_Chum",NA,NA,"",NA,NA,NA,NA,NA,"no","no","nothing within 1 km"
"OR-035","Low Dam Removal","OR","Coastal cutthroat trout","ODFW fhd_Cutthroat_Coastal",NA,NA,"",NA,NA,NA,NA,NA,"no","no","nothing within 1 km"
"OR-035","Low Dam Removal","OR","Coho salmon","ODFW fhd_Coho",NA,NA,"",NA,NA,NA,NA,NA,"no","no","nothing within 1 km"
"OR-035","Low Dam Removal","OR","Eulachon","ODFW fhd_Eulachon",NA,NA,"",NA,NA,NA,NA,NA,"no","no","nothing within 1 km"
"OR-035","Low Dam Removal","OR","Green sturgeon","ODFW fhd_SturgeonGreen",NA,NA,"",NA,NA,NA,NA,NA,"no","no","nothing within 1 km"
"OR-035","Low Dam Removal","OR","Klamath largescale sucker","ODFW fhd_Sucker_KlamathLargescale",NA,NA,"",NA,NA,NA,NA,NA,"no","no","nothing within 1 km"
"OR-035","Low Dam Removal","OR","Largescale sucker","ODFW fhd_Sucker_Largescale",NA,NA,"",NA,NA,NA,NA,NA,"no","no","nothing within 1 km"
"OR-035","Low Dam Removal","OR","Lost River sucker","ODFW fhd_Sucker_LostRiver",NA,NA,"",NA,NA,NA,NA,NA,"no","no","nothing within 1 km"
"OR-035","Low Dam Removal","OR","Mountain whitefish","ODFW fhd_MountainWhitefish",NA,NA,"",NA,NA,NA,NA,NA,"no","no","nothing within 1 km"
"OR-035","Low Dam Removal","OR","Pacific lamprey","USFWS NW lamprey 2022 (federal)",NA,NA,"",NA,NA,NA,NA,NA,"no","no","nothing within 1 km"
"OR-035","Low Dam Removal","OR","Pacific lamprey","USFWS ds2673 lamprey (federal)",NA,NA,"",NA,NA,NA,NA,NA,"no","no","nothing within 1 km"
"OR-035","Low Dam Removal","OR","Pacific lamprey","ODFW fhd_Lamprey_Pacific",NA,NA,"",NA,NA,NA,NA,NA,"no","no","nothing within 1 km"
"OR-035","Low Dam Removal","OR","Pink salmon","(none)",NA,NA,"",NA,NA,NA,NA,NA,"n/a","n/a","NO OR SOURCE, by design: strays only, no Oregon source"
"OR-035","Low Dam Removal","OR","Redband trout","ODFW fhd_Redband",831,TRUE,"fhdUseTy=ResidentMultipleUses; fhdRun=NA; fhdLifeHst=AnadRes; fhdAccess=NA; fhdBasis=IndivProfOpinion","Bear Creek",831,"Bear Creek",NA,FALSE,"no","no","tolerance: nearest passing 831 m, past the base rule, and no name-equal stream"
"OR-035","Low Dam Removal","OR","Shortnose sucker","ODFW fhd_Sucker_Shortnose",NA,NA,"",NA,NA,NA,NA,NA,"no","no","nothing within 1 km"
"OR-035","Low Dam Removal","OR","Sockeye salmon","ODFW fhd_Sockeye",NA,NA,"",NA,NA,NA,NA,NA,"no","no","nothing within 1 km"
"OR-035","Low Dam Removal","OR","Steelhead","ODFW fhd_SteelheadSummer",831,TRUE,"fhdUseTy=Spawning; fhdRun=Summer; fhdLifeHst=Anadromous; fhdAccess=Unassisted; fhdBasis=UndocObsFish","Bear Creek",831,"Bear Creek",NA,FALSE,"no","no","tolerance: nearest passing 831 m, past the base rule, and no name-equal stream"
"OR-035","Low Dam Removal","OR","Steelhead","ODFW fhd_SteelheadWinter",NA,NA,"",NA,NA,NA,NA,NA,"no","no","nothing within 1 km"
"OR-035","Low Dam Removal","OR","Western river lamprey","ODFW fhd_Lamprey_WesternRiver",NA,NA,"",NA,NA,NA,NA,NA,"no","no","nothing within 1 km"
"OR-035","Low Dam Removal","OR","Westslope cutthroat trout","ODFW fhd_Cutthroat_Westslope",NA,NA,"",NA,NA,NA,NA,NA,"no","no","nothing within 1 km"
"OR-035","Low Dam Removal","OR","White sturgeon","ODFW fhd_SturgeonWhite",NA,NA,"",NA,NA,NA,NA,NA,"no","no","nothing within 1 km"
"OR-037","Corral Creek Dam","OR","Bridgelip sucker","ODFW fhd_Sucker_Bridgelip",NA,NA,"",NA,NA,NA,NA,NA,"no","no","nothing within 1 km"
"OR-037","Corral Creek Dam","OR","Bull trout","ODFW fhd_Bulltrout",NA,NA,"",NA,NA,NA,NA,NA,"no","no","nothing within 1 km"
"OR-037","Corral Creek Dam","OR","Chinook salmon","ODFW fhd_ChinookFall",NA,NA,"",NA,NA,NA,NA,NA,"no","no","nothing within 1 km"
"OR-037","Corral Creek Dam","OR","Chinook salmon","ODFW fhd_ChinookSpring",NA,NA,"",NA,NA,NA,NA,NA,"no","no","nothing within 1 km"
"OR-037","Corral Creek Dam","OR","Chum salmon","ODFW fhd_Chum",NA,NA,"",NA,NA,NA,NA,NA,"no","no","nothing within 1 km"
"OR-037","Corral Creek Dam","OR","Coastal cutthroat trout","ODFW fhd_Cutthroat_Coastal",231,TRUE,"fhdUseTy=ResidentMultipleUses; fhdRun=NA; fhdLifeHst=FluvRes; fhdAccess=NA; fhdBasis=ConcurProfOpinion",NA,231,NA,NA,FALSE,"no","no","tolerance: nearest passing 231 m, past the base rule, and no name-equal stream"
"OR-037","Corral Creek Dam","OR","Coho salmon","ODFW fhd_Coho",827,TRUE,"fhdUseTy=Spawning; fhdRun=NA; fhdLifeHst=Anadromous; fhdAccess=Unassisted; fhdBasis=UndocObsFish","Milk Creek",827,"Milk Creek",NA,FALSE,"no","no","tolerance: nearest passing 827 m, past the base rule, and no name-equal stream"
"OR-037","Corral Creek Dam","OR","Eulachon","ODFW fhd_Eulachon",NA,NA,"",NA,NA,NA,NA,NA,"no","no","nothing within 1 km"
"OR-037","Corral Creek Dam","OR","Green sturgeon","ODFW fhd_SturgeonGreen",NA,NA,"",NA,NA,NA,NA,NA,"no","no","nothing within 1 km"
"OR-037","Corral Creek Dam","OR","Klamath largescale sucker","ODFW fhd_Sucker_KlamathLargescale",NA,NA,"",NA,NA,NA,NA,NA,"no","no","nothing within 1 km"
"OR-037","Corral Creek Dam","OR","Largescale sucker","ODFW fhd_Sucker_Largescale",NA,NA,"",NA,NA,NA,NA,NA,"no","no","nothing within 1 km"
"OR-037","Corral Creek Dam","OR","Lost River sucker","ODFW fhd_Sucker_LostRiver",NA,NA,"",NA,NA,NA,NA,NA,"no","no","nothing within 1 km"
"OR-037","Corral Creek Dam","OR","Mountain whitefish","ODFW fhd_MountainWhitefish",827,TRUE,"fhdUseTy=Unknown; fhdRun=NA; fhdLifeHst=Fluvial; fhdAccess=NA; fhdBasis=UndocObsFish","Milk Creek",827,"Milk Creek",NA,FALSE,"no","no","tolerance: nearest passing 827 m, past the base rule, and no name-equal stream"
"OR-037","Corral Creek Dam","OR","Pacific lamprey","ODFW fhd_Lamprey_Pacific",827,FALSE,"fhdUseTy=Historical; fhdRun=NA; fhdLifeHst=Anadromous; fhdAccess=NA; fhdBasis=DocObsFish","Milk Creek",NA,NA,NA,FALSE,"no","no","nothing passing, nothing near"
"OR-037","Corral Creek Dam","OR","Pacific lamprey","USFWS NW lamprey 2022 (federal)",828,FALSE,"Basis=DownstreamDocObsFish; Use_Type=Historical; Origin=Unknown","Milk Creek",NA,NA,NA,FALSE,"no","no","nothing passing, nothing near"
"OR-037","Corral Creek Dam","OR","Pacific lamprey","USFWS ds2673 lamprey (federal)",NA,NA,"",NA,NA,NA,NA,NA,"no","no","nothing within 1 km"
"OR-037","Corral Creek Dam","OR","Pink salmon","(none)",NA,NA,"",NA,NA,NA,NA,NA,"n/a","n/a","NO OR SOURCE, by design: strays only, no Oregon source"
"OR-037","Corral Creek Dam","OR","Redband trout","ODFW fhd_Redband",NA,NA,"",NA,NA,NA,NA,NA,"no","no","nothing within 1 km"
"OR-037","Corral Creek Dam","OR","Shortnose sucker","ODFW fhd_Sucker_Shortnose",NA,NA,"",NA,NA,NA,NA,NA,"no","no","nothing within 1 km"
"OR-037","Corral Creek Dam","OR","Sockeye salmon","ODFW fhd_Sockeye",NA,NA,"",NA,NA,NA,NA,NA,"no","no","nothing within 1 km"
"OR-037","Corral Creek Dam","OR","Steelhead","ODFW fhd_SteelheadWinter",827,TRUE,"fhdUseTy=Rearing; fhdRun=Winter; fhdLifeHst=Anadromous; fhdAccess=Unassisted; fhdBasis=ConcurProfOpinion","Milk Creek",827,"Milk Creek",NA,FALSE,"no","no","tolerance: nearest passing 827 m, past the base rule, and no name-equal stream"
"OR-037","Corral Creek Dam","OR","Steelhead","ODFW fhd_SteelheadSummer",NA,NA,"",NA,NA,NA,NA,NA,"no","no","nothing within 1 km"
"OR-037","Corral Creek Dam","OR","Western river lamprey","ODFW fhd_Lamprey_WesternRiver",NA,NA,"",NA,NA,NA,NA,NA,"no","no","nothing within 1 km"
"OR-037","Corral Creek Dam","OR","Westslope cutthroat trout","ODFW fhd_Cutthroat_Westslope",NA,NA,"",NA,NA,NA,NA,NA,"no","no","nothing within 1 km"
"OR-037","Corral Creek Dam","OR","White sturgeon","ODFW fhd_SturgeonWhite",NA,NA,"",NA,NA,NA,NA,NA,"no","no","nothing within 1 km"
"OR-059","Hartman Ditch Dam","OR","Bridgelip sucker","ODFW fhd_Sucker_Bridgelip",NA,NA,"",NA,NA,NA,NA,NA,"no","no","nothing within 1 km"
"OR-059","Hartman Ditch Dam","OR","Bull trout","ODFW fhd_Bulltrout",NA,NA,"",NA,NA,NA,NA,NA,"no","no","nothing within 1 km"
"OR-059","Hartman Ditch Dam","OR","Chinook salmon","ODFW fhd_ChinookFall",NA,NA,"",NA,NA,NA,NA,NA,"no","no","nothing within 1 km"
"OR-059","Hartman Ditch Dam","OR","Chinook salmon","ODFW fhd_ChinookSpring",NA,NA,"",NA,NA,NA,NA,NA,"no","no","nothing within 1 km"
"OR-059","Hartman Ditch Dam","OR","Chum salmon","ODFW fhd_Chum",NA,NA,"",NA,NA,NA,NA,NA,"no","no","nothing within 1 km"
"OR-059","Hartman Ditch Dam","OR","Coastal cutthroat trout","ODFW fhd_Cutthroat_Coastal",31,FALSE,"fhdUseTy=ResidentMultipleUses; fhdRun=NA; fhdLifeHst=Resident; fhdAccess=NA; fhdBasis=UndocObsFish","Humbug Creek",NA,NA,NA,FALSE,"no","no","excluded by the filter rule"
"OR-059","Hartman Ditch Dam","OR","Coho salmon","ODFW fhd_Coho",NA,NA,"",NA,NA,NA,NA,NA,"no","no","nothing within 1 km"
"OR-059","Hartman Ditch Dam","OR","Eulachon","ODFW fhd_Eulachon",NA,NA,"",NA,NA,NA,NA,NA,"no","no","nothing within 1 km"
"OR-059","Hartman Ditch Dam","OR","Green sturgeon","ODFW fhd_SturgeonGreen",NA,NA,"",NA,NA,NA,NA,NA,"no","no","nothing within 1 km"
"OR-059","Hartman Ditch Dam","OR","Klamath largescale sucker","ODFW fhd_Sucker_KlamathLargescale",NA,NA,"",NA,NA,NA,NA,NA,"no","no","nothing within 1 km"
"OR-059","Hartman Ditch Dam","OR","Largescale sucker","ODFW fhd_Sucker_Largescale",NA,NA,"",NA,NA,NA,NA,NA,"no","no","nothing within 1 km"
"OR-059","Hartman Ditch Dam","OR","Lost River sucker","ODFW fhd_Sucker_LostRiver",NA,NA,"",NA,NA,NA,NA,NA,"no","no","nothing within 1 km"
"OR-059","Hartman Ditch Dam","OR","Mountain whitefish","ODFW fhd_MountainWhitefish",NA,NA,"",NA,NA,NA,NA,NA,"no","no","nothing within 1 km"
"OR-059","Hartman Ditch Dam","OR","Pacific lamprey","USFWS NW lamprey 2022 (federal)",NA,NA,"",NA,NA,NA,NA,NA,"no","no","nothing within 1 km"
"OR-059","Hartman Ditch Dam","OR","Pacific lamprey","USFWS ds2673 lamprey (federal)",NA,NA,"",NA,NA,NA,NA,NA,"no","no","nothing within 1 km"
"OR-059","Hartman Ditch Dam","OR","Pacific lamprey","ODFW fhd_Lamprey_Pacific",NA,NA,"",NA,NA,NA,NA,NA,"no","no","nothing within 1 km"
"OR-059","Hartman Ditch Dam","OR","Pink salmon","(none)",NA,NA,"",NA,NA,NA,NA,NA,"n/a","n/a","NO OR SOURCE, by design: strays only, no Oregon source"
"OR-059","Hartman Ditch Dam","OR","Redband trout","ODFW fhd_Redband",NA,NA,"",NA,NA,NA,NA,NA,"no","no","nothing within 1 km"
"OR-059","Hartman Ditch Dam","OR","Shortnose sucker","ODFW fhd_Sucker_Shortnose",NA,NA,"",NA,NA,NA,NA,NA,"no","no","nothing within 1 km"
"OR-059","Hartman Ditch Dam","OR","Sockeye salmon","ODFW fhd_Sockeye",NA,NA,"",NA,NA,NA,NA,NA,"no","no","nothing within 1 km"
"OR-059","Hartman Ditch Dam","OR","Steelhead","ODFW fhd_SteelheadWinter",NA,NA,"",NA,NA,NA,NA,NA,"no","no","nothing within 1 km"
"OR-059","Hartman Ditch Dam","OR","Steelhead","ODFW fhd_SteelheadSummer",NA,NA,"",NA,NA,NA,NA,NA,"no","no","nothing within 1 km"
"OR-059","Hartman Ditch Dam","OR","Western river lamprey","ODFW fhd_Lamprey_WesternRiver",NA,NA,"",NA,NA,NA,NA,NA,"no","no","nothing within 1 km"
"OR-059","Hartman Ditch Dam","OR","Westslope cutthroat trout","ODFW fhd_Cutthroat_Westslope",NA,NA,"",NA,NA,NA,NA,NA,"no","no","nothing within 1 km"
"OR-059","Hartman Ditch Dam","OR","White sturgeon","ODFW fhd_SturgeonWhite",NA,NA,"",NA,NA,NA,NA,NA,"no","no","nothing within 1 km"
"OR-060","Jamison Dam","OR","Bridgelip sucker","ODFW fhd_Sucker_Bridgelip",NA,NA,"",NA,NA,NA,NA,NA,"no","no","nothing within 1 km"
"OR-060","Jamison Dam","OR","Bull trout","ODFW fhd_Bulltrout",NA,NA,"",NA,NA,NA,NA,NA,"no","no","nothing within 1 km"
"OR-060","Jamison Dam","OR","Chinook salmon","ODFW fhd_ChinookFall",NA,NA,"",NA,NA,NA,NA,NA,"no","no","nothing within 1 km"
"OR-060","Jamison Dam","OR","Chinook salmon","ODFW fhd_ChinookSpring",NA,NA,"",NA,NA,NA,NA,NA,"no","no","nothing within 1 km"
"OR-060","Jamison Dam","OR","Chum salmon","ODFW fhd_Chum",NA,NA,"",NA,NA,NA,NA,NA,"no","no","nothing within 1 km"
"OR-060","Jamison Dam","OR","Coastal cutthroat trout","ODFW fhd_Cutthroat_Coastal",4,FALSE,"fhdUseTy=ResidentMultipleUses; fhdRun=NA; fhdLifeHst=Resident; fhdAccess=NA; fhdBasis=UndocObsFish","Jamison Creek",409,"Thompson Creek",NA,FALSE,"no","no","tolerance: nearest passing 409 m, past the base rule, and no name-equal stream"
"OR-060","Jamison Dam","OR","Coho salmon","ODFW fhd_Coho",409,TRUE,"fhdUseTy=Spawning; fhdRun=NA; fhdLifeHst=Anadromous; fhdAccess=Unassisted; fhdBasis=UndocObsFish","Thompson Creek",409,"Thompson Creek",NA,FALSE,"no","no","tolerance: nearest passing 409 m, past the base rule, and no name-equal stream"
"OR-060","Jamison Dam","OR","Eulachon","ODFW fhd_Eulachon",NA,NA,"",NA,NA,NA,NA,NA,"no","no","nothing within 1 km"
"OR-060","Jamison Dam","OR","Green sturgeon","ODFW fhd_SturgeonGreen",NA,NA,"",NA,NA,NA,NA,NA,"no","no","nothing within 1 km"
"OR-060","Jamison Dam","OR","Klamath largescale sucker","ODFW fhd_Sucker_KlamathLargescale",NA,NA,"",NA,NA,NA,NA,NA,"no","no","nothing within 1 km"
"OR-060","Jamison Dam","OR","Largescale sucker","ODFW fhd_Sucker_Largescale",NA,NA,"",NA,NA,NA,NA,NA,"no","no","nothing within 1 km"
"OR-060","Jamison Dam","OR","Lost River sucker","ODFW fhd_Sucker_LostRiver",NA,NA,"",NA,NA,NA,NA,NA,"no","no","nothing within 1 km"
"OR-060","Jamison Dam","OR","Mountain whitefish","ODFW fhd_MountainWhitefish",NA,NA,"",NA,NA,NA,NA,NA,"no","no","nothing within 1 km"
"OR-060","Jamison Dam","OR","Pacific lamprey","USFWS NW lamprey 2022 (federal)",NA,NA,"",NA,NA,NA,NA,NA,"no","no","nothing within 1 km"
"OR-060","Jamison Dam","OR","Pacific lamprey","USFWS ds2673 lamprey (federal)",NA,NA,"",NA,NA,NA,NA,NA,"no","no","nothing within 1 km"
"OR-060","Jamison Dam","OR","Pacific lamprey","ODFW fhd_Lamprey_Pacific",NA,NA,"",NA,NA,NA,NA,NA,"no","no","nothing within 1 km"
"OR-060","Jamison Dam","OR","Pink salmon","(none)",NA,NA,"",NA,NA,NA,NA,NA,"n/a","n/a","NO OR SOURCE, by design: strays only, no Oregon source"
"OR-060","Jamison Dam","OR","Redband trout","ODFW fhd_Redband",NA,NA,"",NA,NA,NA,NA,NA,"no","no","nothing within 1 km"
"OR-060","Jamison Dam","OR","Shortnose sucker","ODFW fhd_Sucker_Shortnose",NA,NA,"",NA,NA,NA,NA,NA,"no","no","nothing within 1 km"
"OR-060","Jamison Dam","OR","Sockeye salmon","ODFW fhd_Sockeye",NA,NA,"",NA,NA,NA,NA,NA,"no","no","nothing within 1 km"
"OR-060","Jamison Dam","OR","Steelhead","ODFW fhd_SteelheadWinter",409,TRUE,"fhdUseTy=Spawning; fhdRun=Winter; fhdLifeHst=Anadromous; fhdAccess=Unassisted; fhdBasis=DownstreamDocObsFish","Thompson Creek",409,"Thompson Creek",NA,FALSE,"no","no","tolerance: nearest passing 409 m, past the base rule, and no name-equal stream"
"OR-060","Jamison Dam","OR","Steelhead","ODFW fhd_SteelheadSummer",409,TRUE,"fhdUseTy=Spawning; fhdRun=Summer; fhdLifeHst=Anadromous; fhdAccess=Unassisted; fhdBasis=UndocObsFish","Thompson Creek",409,"Thompson Creek",NA,FALSE,"no","no","tolerance: nearest passing 409 m, past the base rule, and no name-equal stream"
"OR-060","Jamison Dam","OR","Western river lamprey","ODFW fhd_Lamprey_WesternRiver",NA,NA,"",NA,NA,NA,NA,NA,"no","no","nothing within 1 km"
"OR-060","Jamison Dam","OR","Westslope cutthroat trout","ODFW fhd_Cutthroat_Westslope",NA,NA,"",NA,NA,NA,NA,NA,"no","no","nothing within 1 km"
"OR-060","Jamison Dam","OR","White sturgeon","ODFW fhd_SturgeonWhite",NA,NA,"",NA,NA,NA,NA,NA,"no","no","nothing within 1 km"
"OR-065","Mill Creek Dam","OR","Bridgelip sucker","ODFW fhd_Sucker_Bridgelip",NA,NA,"",NA,NA,NA,NA,NA,"no","no","nothing within 1 km"
"OR-065","Mill Creek Dam","OR","Bull trout","ODFW fhd_Bulltrout",NA,NA,"",NA,NA,NA,NA,NA,"no","no","nothing within 1 km"
"OR-065","Mill Creek Dam","OR","Chinook salmon","ODFW fhd_ChinookFall",NA,NA,"",NA,NA,NA,NA,NA,"no","no","nothing within 1 km"
"OR-065","Mill Creek Dam","OR","Chinook salmon","ODFW fhd_ChinookSpring",NA,NA,"",NA,NA,NA,NA,NA,"no","no","nothing within 1 km"
"OR-065","Mill Creek Dam","OR","Chum salmon","ODFW fhd_Chum",NA,NA,"",NA,NA,NA,NA,NA,"no","no","nothing within 1 km"
"OR-065","Mill Creek Dam","OR","Coastal cutthroat trout","ODFW fhd_Cutthroat_Coastal",NA,NA,"",NA,NA,NA,NA,NA,"no","no","nothing within 1 km"
"OR-065","Mill Creek Dam","OR","Coho salmon","ODFW fhd_Coho",NA,NA,"",NA,NA,NA,NA,NA,"no","no","nothing within 1 km"
"OR-065","Mill Creek Dam","OR","Eulachon","ODFW fhd_Eulachon",NA,NA,"",NA,NA,NA,NA,NA,"no","no","nothing within 1 km"
"OR-065","Mill Creek Dam","OR","Green sturgeon","ODFW fhd_SturgeonGreen",NA,NA,"",NA,NA,NA,NA,NA,"no","no","nothing within 1 km"
"OR-065","Mill Creek Dam","OR","Klamath largescale sucker","ODFW fhd_Sucker_KlamathLargescale",NA,NA,"",NA,NA,NA,NA,NA,"no","no","nothing within 1 km"
"OR-065","Mill Creek Dam","OR","Largescale sucker","ODFW fhd_Sucker_Largescale",NA,NA,"",NA,NA,NA,NA,NA,"no","no","nothing within 1 km"
"OR-065","Mill Creek Dam","OR","Lost River sucker","ODFW fhd_Sucker_LostRiver",NA,NA,"",NA,NA,NA,NA,NA,"no","no","nothing within 1 km"
"OR-065","Mill Creek Dam","OR","Mountain whitefish","ODFW fhd_MountainWhitefish",NA,NA,"",NA,NA,NA,NA,NA,"no","no","nothing within 1 km"
"OR-065","Mill Creek Dam","OR","Pacific lamprey","USFWS NW lamprey 2022 (federal)",NA,NA,"",NA,NA,NA,NA,NA,"no","no","nothing within 1 km"
"OR-065","Mill Creek Dam","OR","Pacific lamprey","USFWS ds2673 lamprey (federal)",NA,NA,"",NA,NA,NA,NA,NA,"no","no","nothing within 1 km"
"OR-065","Mill Creek Dam","OR","Pacific lamprey","ODFW fhd_Lamprey_Pacific",NA,NA,"",NA,NA,NA,NA,NA,"no","no","nothing within 1 km"
"OR-065","Mill Creek Dam","OR","Pink salmon","(none)",NA,NA,"",NA,NA,NA,NA,NA,"n/a","n/a","NO OR SOURCE, by design: strays only, no Oregon source"
"OR-065","Mill Creek Dam","OR","Redband trout","ODFW fhd_Redband",NA,NA,"",NA,NA,NA,NA,NA,"no","no","nothing within 1 km"
"OR-065","Mill Creek Dam","OR","Shortnose sucker","ODFW fhd_Sucker_Shortnose",NA,NA,"",NA,NA,NA,NA,NA,"no","no","nothing within 1 km"
"OR-065","Mill Creek Dam","OR","Sockeye salmon","ODFW fhd_Sockeye",NA,NA,"",NA,NA,NA,NA,NA,"no","no","nothing within 1 km"
"OR-065","Mill Creek Dam","OR","Steelhead","ODFW fhd_SteelheadWinter",NA,NA,"",NA,NA,NA,NA,NA,"no","no","nothing within 1 km"
"OR-065","Mill Creek Dam","OR","Steelhead","ODFW fhd_SteelheadSummer",NA,NA,"",NA,NA,NA,NA,NA,"no","no","nothing within 1 km"
"OR-065","Mill Creek Dam","OR","Western river lamprey","ODFW fhd_Lamprey_WesternRiver",NA,NA,"",NA,NA,NA,NA,NA,"no","no","nothing within 1 km"
"OR-065","Mill Creek Dam","OR","Westslope cutthroat trout","ODFW fhd_Cutthroat_Westslope",NA,NA,"",NA,NA,NA,NA,NA,"no","no","nothing within 1 km"
"OR-065","Mill Creek Dam","OR","White sturgeon","ODFW fhd_SturgeonWhite",NA,NA,"",NA,NA,NA,NA,NA,"no","no","nothing within 1 km"
"WA-016","White River Mill Pond Dam","WA","Bridgelip sucker","(none)",NA,NA,"",NA,NA,NA,NA,NA,"n/a","n/a","NO WA SOURCE, by design: NAMED GAP: WDFW's layer is modelled occupancy, regional and undocumented, so it fails principle 1"
"WA-016","White River Mill Pond Dam","WA","Bull trout","WDFW SWIFD Bull Trout",NA,NA,"",NA,NA,NA,NA,NA,"no","no","nothing within 1 km"
"WA-016","White River Mill Pond Dam","WA","Chinook salmon","WDFW SWIFD Chinook Salmon",NA,NA,"",NA,NA,NA,NA,NA,"no","no","nothing within 1 km"
"WA-016","White River Mill Pond Dam","WA","Chum salmon","WDFW SWIFD Chum Salmon",NA,NA,"",NA,NA,NA,NA,NA,"no","no","nothing within 1 km"
"WA-016","White River Mill Pond Dam","WA","Coastal cutthroat trout","WDFW SWIFD Cutthroat Trout",NA,NA,"",NA,NA,NA,NA,NA,"no","no","nothing within 1 km"
"WA-016","White River Mill Pond Dam","WA","Coho salmon","WDFW SWIFD Coho Salmon",NA,NA,"",NA,NA,NA,NA,NA,"no","no","nothing within 1 km"
"WA-016","White River Mill Pond Dam","WA","Eulachon","(none)",NA,NA,"",NA,NA,NA,NA,NA,"n/a","n/a","NO WA SOURCE, by design: NAMED GAP, decided 2026-09-12: not a proxy built from its own ESA critical habitat, which would make presence a restatement of the designation and collapse rule 17. Eulachon still reaches WA dams through the ESA tier"
"WA-016","White River Mill Pond Dam","WA","Green sturgeon","WDFW SWIFD Green Sturgeon",NA,NA,"",NA,NA,NA,NA,NA,"no","no","nothing within 1 km"
"WA-016","White River Mill Pond Dam","WA","Klamath largescale sucker","(none)",NA,NA,"",NA,NA,NA,NA,NA,"n/a","n/a","NO WA SOURCE, by design: not native to Washington"
"WA-016","White River Mill Pond Dam","WA","Largescale sucker","(none)",NA,NA,"",NA,NA,NA,NA,NA,"n/a","n/a","NO WA SOURCE, by design: NAMED GAP: WDFW's layer is modelled occupancy, regional and undocumented, so it fails principle 1"
"WA-016","White River Mill Pond Dam","WA","Lost River sucker","(none)",NA,NA,"",NA,NA,NA,NA,NA,"n/a","n/a","NO WA SOURCE, by design: not native to Washington"
"WA-016","White River Mill Pond Dam","WA","Mountain whitefish","WDFW SWIFD Mountain Whitefish",NA,NA,"",NA,NA,NA,NA,NA,"no","no","nothing within 1 km"
"WA-016","White River Mill Pond Dam","WA","Pacific lamprey","USFWS NW lamprey 2022 (federal)",NA,NA,"",NA,NA,NA,NA,NA,"no","no","nothing within 1 km"
"WA-016","White River Mill Pond Dam","WA","Pacific lamprey","USFWS ds2673 lamprey (federal)",NA,NA,"",NA,NA,NA,NA,NA,"no","no","nothing within 1 km"
"WA-016","White River Mill Pond Dam","WA","Pink salmon","WDFW SWIFD Pink Salmon",NA,NA,"",NA,NA,NA,NA,NA,"no","no","nothing within 1 km"
"WA-016","White River Mill Pond Dam","WA","Redband trout","WDFW SWIFD Rainbow Trout",73,FALSE,"DISTTYPE_DESC=Documented; USETYPE_DESC=Presence; LIFEHIST_DESC=Unknown; RUNTIME_DESC=Unknown or not Applicable","Boise Creek",NA,NA,NA,FALSE,"no","no","excluded by the filter rule"
"WA-016","White River Mill Pond Dam","WA","Shortnose sucker","(none)",NA,NA,"",NA,NA,NA,NA,NA,"n/a","n/a","NO WA SOURCE, by design: not native to Washington"
"WA-016","White River Mill Pond Dam","WA","Sockeye salmon","WDFW SWIFD Sockeye Salmon",NA,NA,"",NA,NA,NA,NA,NA,"no","no","nothing within 1 km"
"WA-016","White River Mill Pond Dam","WA","Steelhead","WDFW SWIFD Steelhead Trout",NA,NA,"",NA,NA,NA,NA,NA,"no","no","nothing within 1 km"
"WA-016","White River Mill Pond Dam","WA","Western river lamprey","(none)",NA,NA,"",NA,NA,NA,NA,NA,"n/a","n/a","NO WA SOURCE, by design: NAMED GAP: data-poor everywhere, no WDFW layer"
"WA-016","White River Mill Pond Dam","WA","Westslope cutthroat trout","WDFW SWIFD Westslope Cutthroat Trout",NA,NA,"",NA,NA,NA,NA,NA,"no","no","nothing within 1 km"
"WA-016","White River Mill Pond Dam","WA","White sturgeon","WDFW SWIFD White Sturgeon",NA,NA,"",NA,NA,NA,NA,NA,"no","no","nothing within 1 km"
"WA-022","Darrington Water Works Dam","WA","Bridgelip sucker","(none)",NA,NA,"",NA,NA,NA,NA,NA,"n/a","n/a","NO WA SOURCE, by design: NAMED GAP: WDFW's layer is modelled occupancy, regional and undocumented, so it fails principle 1"
"WA-022","Darrington Water Works Dam","WA","Bull trout","WDFW SWIFD Bull Trout",477,TRUE,"DISTTYPE_DESC=Documented; USETYPE_DESC=Rearing; LIFEHIST_DESC=Unknown; RUNTIME_DESC=Unknown or not Applicable","Sauk River",477,"Sauk River",NA,FALSE,"no","no","tolerance: nearest passing 477 m, past the base rule, and no name-equal stream"
"WA-022","Darrington Water Works Dam","WA","Chinook salmon","WDFW SWIFD Chinook Salmon",49,FALSE,"DISTTYPE_DESC=Gradient Accessible; USETYPE_DESC=Presence; LIFEHIST_DESC=Anadromous; RUNTIME_DESC=Spring","Falls Creek",477,"Sauk River",NA,FALSE,"no","no","tolerance: nearest passing 477 m, past the base rule, and no name-equal stream"
"WA-022","Darrington Water Works Dam","WA","Chum salmon","WDFW SWIFD Chum Salmon",205,FALSE,"DISTTYPE_DESC=Gradient Accessible; USETYPE_DESC=Presence; LIFEHIST_DESC=Anadromous; RUNTIME_DESC=Fall","Falls Creek",477,"Sauk River",NA,FALSE,"no","no","tolerance: nearest passing 477 m, past the base rule, and no name-equal stream"
"WA-022","Darrington Water Works Dam","WA","Coastal cutthroat trout","WDFW SWIFD Cutthroat Trout",184,TRUE,"DISTTYPE_DESC=Documented; USETYPE_DESC=Presence; LIFEHIST_DESC=Unknown; RUNTIME_DESC=Unknown or not Applicable","Falls Creek",184,"Falls Creek",NA,FALSE,"no","no","tolerance: nearest passing 184 m, past the base rule, and no name-equal stream"
"WA-022","Darrington Water Works Dam","WA","Coho salmon","WDFW SWIFD Coho Salmon",205,TRUE,"DISTTYPE_DESC=Documented; USETYPE_DESC=Presence; LIFEHIST_DESC=Anadromous; RUNTIME_DESC=Unknown or not Applicable","Falls Creek",205,"Falls Creek",NA,FALSE,"no","no","tolerance: nearest passing 205 m, past the base rule, and no name-equal stream"
"WA-022","Darrington Water Works Dam","WA","Eulachon","(none)",NA,NA,"",NA,NA,NA,NA,NA,"n/a","n/a","NO WA SOURCE, by design: NAMED GAP, decided 2026-09-12: not a proxy built from its own ESA critical habitat, which would make presence a restatement of the designation and collapse rule 17. Eulachon still reaches WA dams through the ESA tier"
"WA-022","Darrington Water Works Dam","WA","Green sturgeon","WDFW SWIFD Green Sturgeon",NA,NA,"",NA,NA,NA,NA,NA,"no","no","nothing within 1 km"
"WA-022","Darrington Water Works Dam","WA","Klamath largescale sucker","(none)",NA,NA,"",NA,NA,NA,NA,NA,"n/a","n/a","NO WA SOURCE, by design: not native to Washington"
"WA-022","Darrington Water Works Dam","WA","Largescale sucker","(none)",NA,NA,"",NA,NA,NA,NA,NA,"n/a","n/a","NO WA SOURCE, by design: NAMED GAP: WDFW's layer is modelled occupancy, regional and undocumented, so it fails principle 1"
"WA-022","Darrington Water Works Dam","WA","Lost River sucker","(none)",NA,NA,"",NA,NA,NA,NA,NA,"n/a","n/a","NO WA SOURCE, by design: not native to Washington"
"WA-022","Darrington Water Works Dam","WA","Mountain whitefish","WDFW SWIFD Mountain Whitefish",NA,NA,"",NA,NA,NA,NA,NA,"no","no","nothing within 1 km"
"WA-022","Darrington Water Works Dam","WA","Pacific lamprey","USFWS NW lamprey 2022 (federal)",480,TRUE,"Basis=DownstreamDocObsFish; Use_Type=Unknown; Origin=Unknown","Sauk River",480,"Sauk River",NA,FALSE,"no","no","tolerance: nearest passing 480 m, past the base rule, and no name-equal stream"
"WA-022","Darrington Water Works Dam","WA","Pacific lamprey","USFWS ds2673 lamprey (federal)",NA,NA,"",NA,NA,NA,NA,NA,"no","no","nothing within 1 km"
"WA-022","Darrington Water Works Dam","WA","Pink salmon","WDFW SWIFD Pink Salmon",49,FALSE,"DISTTYPE_DESC=Gradient Accessible; USETYPE_DESC=Presence; LIFEHIST_DESC=Anadromous; RUNTIME_DESC=Odd Year","Falls Creek",477,"Sauk River",NA,FALSE,"no","no","tolerance: nearest passing 477 m, past the base rule, and no name-equal stream"
"WA-022","Darrington Water Works Dam","WA","Redband trout","WDFW SWIFD Rainbow Trout",NA,NA,"",NA,NA,NA,NA,NA,"no","no","nothing within 1 km"
"WA-022","Darrington Water Works Dam","WA","Shortnose sucker","(none)",NA,NA,"",NA,NA,NA,NA,NA,"n/a","n/a","NO WA SOURCE, by design: not native to Washington"
"WA-022","Darrington Water Works Dam","WA","Sockeye salmon","WDFW SWIFD Sockeye Salmon",477,TRUE,"DISTTYPE_DESC=Documented; USETYPE_DESC=Rearing; LIFEHIST_DESC=Anadromous; RUNTIME_DESC=Unknown or not Applicable","Sauk River",477,"Sauk River",NA,FALSE,"no","no","tolerance: nearest passing 477 m, past the base rule, and no name-equal stream"
"WA-022","Darrington Water Works Dam","WA","Steelhead","WDFW SWIFD Steelhead Trout",49,FALSE,"DISTTYPE_DESC=Gradient Accessible; USETYPE_DESC=Presence; LIFEHIST_DESC=Anadromous; RUNTIME_DESC=Winter","Falls Creek",477,"Sauk River",NA,FALSE,"no","no","tolerance: nearest passing 477 m, past the base rule, and no name-equal stream"
"WA-022","Darrington Water Works Dam","WA","Western river lamprey","(none)",NA,NA,"",NA,NA,NA,NA,NA,"n/a","n/a","NO WA SOURCE, by design: NAMED GAP: data-poor everywhere, no WDFW layer"
"WA-022","Darrington Water Works Dam","WA","Westslope cutthroat trout","WDFW SWIFD Westslope Cutthroat Trout",NA,NA,"",NA,NA,NA,NA,NA,"no","no","nothing within 1 km"
"WA-022","Darrington Water Works Dam","WA","White sturgeon","WDFW SWIFD White Sturgeon",NA,NA,"",NA,NA,NA,NA,NA,"no","no","nothing within 1 km"
"WA-025","Black Mud Waste Pond A Dam","WA","Bridgelip sucker","(none)",NA,NA,"",NA,NA,NA,NA,NA,"n/a","n/a","NO WA SOURCE, by design: NAMED GAP: WDFW's layer is modelled occupancy, regional and undocumented, so it fails principle 1"
"WA-025","Black Mud Waste Pond A Dam","WA","Bull trout","WDFW SWIFD Bull Trout",290,TRUE,"DISTTYPE_DESC=Documented; USETYPE_DESC=Presence; LIFEHIST_DESC=Unknown; RUNTIME_DESC=Unknown or not Applicable","Columbia River",290,"Columbia River",NA,FALSE,"no","no","tolerance: nearest passing 290 m, past the base rule, and no name-equal stream"
"WA-025","Black Mud Waste Pond A Dam","WA","Chinook salmon","WDFW SWIFD Chinook Salmon",290,TRUE,"DISTTYPE_DESC=Documented; USETYPE_DESC=Presence; LIFEHIST_DESC=Anadromous; RUNTIME_DESC=Fall","Columbia River",290,"Columbia River",NA,FALSE,"no","no","tolerance: nearest passing 290 m, past the base rule, and no name-equal stream"
"WA-025","Black Mud Waste Pond A Dam","WA","Chum salmon","WDFW SWIFD Chum Salmon",290,TRUE,"DISTTYPE_DESC=Documented; USETYPE_DESC=Presence; LIFEHIST_DESC=Anadromous; RUNTIME_DESC=Fall","Columbia River",290,"Columbia River",NA,FALSE,"no","no","tolerance: nearest passing 290 m, past the base rule, and no name-equal stream"
"WA-025","Black Mud Waste Pond A Dam","WA","Coastal cutthroat trout","WDFW SWIFD Cutthroat Trout",290,TRUE,"DISTTYPE_DESC=Documented; USETYPE_DESC=Presence; LIFEHIST_DESC=Anadromous; RUNTIME_DESC=Unknown or not Applicable","Columbia River",290,"Columbia River",NA,FALSE,"no","no","tolerance: nearest passing 290 m, past the base rule, and no name-equal stream"
"WA-025","Black Mud Waste Pond A Dam","WA","Coho salmon","WDFW SWIFD Coho Salmon",290,TRUE,"DISTTYPE_DESC=Documented; USETYPE_DESC=Presence; LIFEHIST_DESC=Anadromous; RUNTIME_DESC=Unknown or not Applicable","Columbia River",290,"Columbia River",NA,FALSE,"no","no","tolerance: nearest passing 290 m, past the base rule, and no name-equal stream"
"WA-025","Black Mud Waste Pond A Dam","WA","Eulachon","(none)",NA,NA,"",NA,NA,NA,NA,NA,"n/a","n/a","NO WA SOURCE, by design: NAMED GAP, decided 2026-09-12: not a proxy built from its own ESA critical habitat, which would make presence a restatement of the designation and collapse rule 17. Eulachon still reaches WA dams through the ESA tier"
"WA-025","Black Mud Waste Pond A Dam","WA","Green sturgeon","WDFW SWIFD Green Sturgeon",290,TRUE,"DISTTYPE_DESC=Presumed; USETYPE_DESC=Presence; LIFEHIST_DESC=Adfluvial; RUNTIME_DESC=Unknown or not Applicable","Columbia River",290,"Columbia River",NA,FALSE,"no","no","tolerance: nearest passing 290 m, past the base rule, and no name-equal stream"
"WA-025","Black Mud Waste Pond A Dam","WA","Klamath largescale sucker","(none)",NA,NA,"",NA,NA,NA,NA,NA,"n/a","n/a","NO WA SOURCE, by design: not native to Washington"
"WA-025","Black Mud Waste Pond A Dam","WA","Largescale sucker","(none)",NA,NA,"",NA,NA,NA,NA,NA,"n/a","n/a","NO WA SOURCE, by design: NAMED GAP: WDFW's layer is modelled occupancy, regional and undocumented, so it fails principle 1"
"WA-025","Black Mud Waste Pond A Dam","WA","Lost River sucker","(none)",NA,NA,"",NA,NA,NA,NA,NA,"n/a","n/a","NO WA SOURCE, by design: not native to Washington"
"WA-025","Black Mud Waste Pond A Dam","WA","Mountain whitefish","WDFW SWIFD Mountain Whitefish",290,TRUE,"DISTTYPE_DESC=Presumed; USETYPE_DESC=Presence; LIFEHIST_DESC=Resident; RUNTIME_DESC=Unknown or not Applicable","Columbia River",290,"Columbia River",NA,FALSE,"no","no","tolerance: nearest passing 290 m, past the base rule, and no name-equal stream"
"WA-025","Black Mud Waste Pond A Dam","WA","Pacific lamprey","USFWS NW lamprey 2022 (federal)",316,TRUE,"Basis=DownstreamDocObsFish; Use_Type=Unknown; Origin=Native","Columbia River",316,"Columbia River",NA,FALSE,"no","no","tolerance: nearest passing 316 m, past the base rule, and no name-equal stream"
"WA-025","Black Mud Waste Pond A Dam","WA","Pacific lamprey","USFWS ds2673 lamprey (federal)",NA,NA,"",NA,NA,NA,NA,NA,"no","no","nothing within 1 km"
"WA-025","Black Mud Waste Pond A Dam","WA","Pink salmon","WDFW SWIFD Pink Salmon",290,TRUE,"DISTTYPE_DESC=Documented; USETYPE_DESC=Presence; LIFEHIST_DESC=Anadromous; RUNTIME_DESC=Unknown or not Applicable","Columbia River",290,"Columbia River",NA,FALSE,"no","no","tolerance: nearest passing 290 m, past the base rule, and no name-equal stream"
"WA-025","Black Mud Waste Pond A Dam","WA","Redband trout","WDFW SWIFD Rainbow Trout",NA,NA,"",NA,NA,NA,NA,NA,"no","no","nothing within 1 km"
"WA-025","Black Mud Waste Pond A Dam","WA","Shortnose sucker","(none)",NA,NA,"",NA,NA,NA,NA,NA,"n/a","n/a","NO WA SOURCE, by design: not native to Washington"
"WA-025","Black Mud Waste Pond A Dam","WA","Sockeye salmon","WDFW SWIFD Sockeye Salmon",290,TRUE,"DISTTYPE_DESC=Documented; USETYPE_DESC=Presence; LIFEHIST_DESC=Anadromous; RUNTIME_DESC=Unknown or not Applicable","Columbia River",290,"Columbia River",NA,FALSE,"no","no","tolerance: nearest passing 290 m, past the base rule, and no name-equal stream"
"WA-025","Black Mud Waste Pond A Dam","WA","Steelhead","WDFW SWIFD Steelhead Trout",290,TRUE,"DISTTYPE_DESC=Documented; USETYPE_DESC=Presence; LIFEHIST_DESC=Anadromous; RUNTIME_DESC=Summer","Columbia River",290,"Columbia River",NA,FALSE,"no","no","tolerance: nearest passing 290 m, past the base rule, and no name-equal stream"
"WA-025","Black Mud Waste Pond A Dam","WA","Western river lamprey","(none)",NA,NA,"",NA,NA,NA,NA,NA,"n/a","n/a","NO WA SOURCE, by design: NAMED GAP: data-poor everywhere, no WDFW layer"
"WA-025","Black Mud Waste Pond A Dam","WA","Westslope cutthroat trout","WDFW SWIFD Westslope Cutthroat Trout",NA,NA,"",NA,NA,NA,NA,NA,"no","no","nothing within 1 km"
"WA-025","Black Mud Waste Pond A Dam","WA","White sturgeon","WDFW SWIFD White Sturgeon",290,TRUE,"DISTTYPE_DESC=Presumed; USETYPE_DESC=Presence; LIFEHIST_DESC=Adfluvial; RUNTIME_DESC=Unknown or not Applicable","Columbia River",290,"Columbia River",NA,FALSE,"no","no","tolerance: nearest passing 290 m, past the base rule, and no name-equal stream"
"WA-026","Black Mud Waste Pond B Dam","WA","Bridgelip sucker","(none)",NA,NA,"",NA,NA,NA,NA,NA,"n/a","n/a","NO WA SOURCE, by design: NAMED GAP: WDFW's layer is modelled occupancy, regional and undocumented, so it fails principle 1"
"WA-026","Black Mud Waste Pond B Dam","WA","Bull trout","WDFW SWIFD Bull Trout",290,TRUE,"DISTTYPE_DESC=Documented; USETYPE_DESC=Presence; LIFEHIST_DESC=Unknown; RUNTIME_DESC=Unknown or not Applicable","Columbia River",290,"Columbia River",NA,FALSE,"no","no","tolerance: nearest passing 290 m, past the base rule, and no name-equal stream"
"WA-026","Black Mud Waste Pond B Dam","WA","Chinook salmon","WDFW SWIFD Chinook Salmon",290,TRUE,"DISTTYPE_DESC=Documented; USETYPE_DESC=Presence; LIFEHIST_DESC=Anadromous; RUNTIME_DESC=Fall","Columbia River",290,"Columbia River",NA,FALSE,"no","no","tolerance: nearest passing 290 m, past the base rule, and no name-equal stream"
"WA-026","Black Mud Waste Pond B Dam","WA","Chum salmon","WDFW SWIFD Chum Salmon",290,TRUE,"DISTTYPE_DESC=Documented; USETYPE_DESC=Presence; LIFEHIST_DESC=Anadromous; RUNTIME_DESC=Fall","Columbia River",290,"Columbia River",NA,FALSE,"no","no","tolerance: nearest passing 290 m, past the base rule, and no name-equal stream"
"WA-026","Black Mud Waste Pond B Dam","WA","Coastal cutthroat trout","WDFW SWIFD Cutthroat Trout",290,TRUE,"DISTTYPE_DESC=Documented; USETYPE_DESC=Presence; LIFEHIST_DESC=Anadromous; RUNTIME_DESC=Unknown or not Applicable","Columbia River",290,"Columbia River",NA,FALSE,"no","no","tolerance: nearest passing 290 m, past the base rule, and no name-equal stream"
"WA-026","Black Mud Waste Pond B Dam","WA","Coho salmon","WDFW SWIFD Coho Salmon",290,TRUE,"DISTTYPE_DESC=Documented; USETYPE_DESC=Presence; LIFEHIST_DESC=Anadromous; RUNTIME_DESC=Unknown or not Applicable","Columbia River",290,"Columbia River",NA,FALSE,"no","no","tolerance: nearest passing 290 m, past the base rule, and no name-equal stream"
"WA-026","Black Mud Waste Pond B Dam","WA","Eulachon","(none)",NA,NA,"",NA,NA,NA,NA,NA,"n/a","n/a","NO WA SOURCE, by design: NAMED GAP, decided 2026-09-12: not a proxy built from its own ESA critical habitat, which would make presence a restatement of the designation and collapse rule 17. Eulachon still reaches WA dams through the ESA tier"
"WA-026","Black Mud Waste Pond B Dam","WA","Green sturgeon","WDFW SWIFD Green Sturgeon",290,TRUE,"DISTTYPE_DESC=Presumed; USETYPE_DESC=Presence; LIFEHIST_DESC=Adfluvial; RUNTIME_DESC=Unknown or not Applicable","Columbia River",290,"Columbia River",NA,FALSE,"no","no","tolerance: nearest passing 290 m, past the base rule, and no name-equal stream"
"WA-026","Black Mud Waste Pond B Dam","WA","Klamath largescale sucker","(none)",NA,NA,"",NA,NA,NA,NA,NA,"n/a","n/a","NO WA SOURCE, by design: not native to Washington"
"WA-026","Black Mud Waste Pond B Dam","WA","Largescale sucker","(none)",NA,NA,"",NA,NA,NA,NA,NA,"n/a","n/a","NO WA SOURCE, by design: NAMED GAP: WDFW's layer is modelled occupancy, regional and undocumented, so it fails principle 1"
"WA-026","Black Mud Waste Pond B Dam","WA","Lost River sucker","(none)",NA,NA,"",NA,NA,NA,NA,NA,"n/a","n/a","NO WA SOURCE, by design: not native to Washington"
"WA-026","Black Mud Waste Pond B Dam","WA","Mountain whitefish","WDFW SWIFD Mountain Whitefish",290,TRUE,"DISTTYPE_DESC=Presumed; USETYPE_DESC=Presence; LIFEHIST_DESC=Resident; RUNTIME_DESC=Unknown or not Applicable","Columbia River",290,"Columbia River",NA,FALSE,"no","no","tolerance: nearest passing 290 m, past the base rule, and no name-equal stream"
"WA-026","Black Mud Waste Pond B Dam","WA","Pacific lamprey","USFWS NW lamprey 2022 (federal)",316,TRUE,"Basis=DownstreamDocObsFish; Use_Type=Unknown; Origin=Native","Columbia River",316,"Columbia River",NA,FALSE,"no","no","tolerance: nearest passing 316 m, past the base rule, and no name-equal stream"
"WA-026","Black Mud Waste Pond B Dam","WA","Pacific lamprey","USFWS ds2673 lamprey (federal)",NA,NA,"",NA,NA,NA,NA,NA,"no","no","nothing within 1 km"
"WA-026","Black Mud Waste Pond B Dam","WA","Pink salmon","WDFW SWIFD Pink Salmon",290,TRUE,"DISTTYPE_DESC=Documented; USETYPE_DESC=Presence; LIFEHIST_DESC=Anadromous; RUNTIME_DESC=Unknown or not Applicable","Columbia River",290,"Columbia River",NA,FALSE,"no","no","tolerance: nearest passing 290 m, past the base rule, and no name-equal stream"
"WA-026","Black Mud Waste Pond B Dam","WA","Redband trout","WDFW SWIFD Rainbow Trout",NA,NA,"",NA,NA,NA,NA,NA,"no","no","nothing within 1 km"
"WA-026","Black Mud Waste Pond B Dam","WA","Shortnose sucker","(none)",NA,NA,"",NA,NA,NA,NA,NA,"n/a","n/a","NO WA SOURCE, by design: not native to Washington"
"WA-026","Black Mud Waste Pond B Dam","WA","Sockeye salmon","WDFW SWIFD Sockeye Salmon",290,TRUE,"DISTTYPE_DESC=Documented; USETYPE_DESC=Presence; LIFEHIST_DESC=Anadromous; RUNTIME_DESC=Unknown or not Applicable","Columbia River",290,"Columbia River",NA,FALSE,"no","no","tolerance: nearest passing 290 m, past the base rule, and no name-equal stream"
"WA-026","Black Mud Waste Pond B Dam","WA","Steelhead","WDFW SWIFD Steelhead Trout",290,TRUE,"DISTTYPE_DESC=Documented; USETYPE_DESC=Presence; LIFEHIST_DESC=Anadromous; RUNTIME_DESC=Summer","Columbia River",290,"Columbia River",NA,FALSE,"no","no","tolerance: nearest passing 290 m, past the base rule, and no name-equal stream"
"WA-026","Black Mud Waste Pond B Dam","WA","Western river lamprey","(none)",NA,NA,"",NA,NA,NA,NA,NA,"n/a","n/a","NO WA SOURCE, by design: NAMED GAP: data-poor everywhere, no WDFW layer"
"WA-026","Black Mud Waste Pond B Dam","WA","Westslope cutthroat trout","WDFW SWIFD Westslope Cutthroat Trout",NA,NA,"",NA,NA,NA,NA,NA,"no","no","nothing within 1 km"
"WA-026","Black Mud Waste Pond B Dam","WA","White sturgeon","WDFW SWIFD White Sturgeon",290,TRUE,"DISTTYPE_DESC=Presumed; USETYPE_DESC=Presence; LIFEHIST_DESC=Adfluvial; RUNTIME_DESC=Unknown or not Applicable","Columbia River",290,"Columbia River",NA,FALSE,"no","no","tolerance: nearest passing 290 m, past the base rule, and no name-equal stream"
"WA-027","Black Mud Waste Pond C Dam","WA","Bridgelip sucker","(none)",NA,NA,"",NA,NA,NA,NA,NA,"n/a","n/a","NO WA SOURCE, by design: NAMED GAP: WDFW's layer is modelled occupancy, regional and undocumented, so it fails principle 1"
"WA-027","Black Mud Waste Pond C Dam","WA","Bull trout","WDFW SWIFD Bull Trout",290,TRUE,"DISTTYPE_DESC=Documented; USETYPE_DESC=Presence; LIFEHIST_DESC=Unknown; RUNTIME_DESC=Unknown or not Applicable","Columbia River",290,"Columbia River",NA,FALSE,"no","no","tolerance: nearest passing 290 m, past the base rule, and no name-equal stream"
"WA-027","Black Mud Waste Pond C Dam","WA","Chinook salmon","WDFW SWIFD Chinook Salmon",290,TRUE,"DISTTYPE_DESC=Documented; USETYPE_DESC=Presence; LIFEHIST_DESC=Anadromous; RUNTIME_DESC=Fall","Columbia River",290,"Columbia River",NA,FALSE,"no","no","tolerance: nearest passing 290 m, past the base rule, and no name-equal stream"
"WA-027","Black Mud Waste Pond C Dam","WA","Chum salmon","WDFW SWIFD Chum Salmon",290,TRUE,"DISTTYPE_DESC=Documented; USETYPE_DESC=Presence; LIFEHIST_DESC=Anadromous; RUNTIME_DESC=Fall","Columbia River",290,"Columbia River",NA,FALSE,"no","no","tolerance: nearest passing 290 m, past the base rule, and no name-equal stream"
"WA-027","Black Mud Waste Pond C Dam","WA","Coastal cutthroat trout","WDFW SWIFD Cutthroat Trout",290,TRUE,"DISTTYPE_DESC=Documented; USETYPE_DESC=Presence; LIFEHIST_DESC=Anadromous; RUNTIME_DESC=Unknown or not Applicable","Columbia River",290,"Columbia River",NA,FALSE,"no","no","tolerance: nearest passing 290 m, past the base rule, and no name-equal stream"
"WA-027","Black Mud Waste Pond C Dam","WA","Coho salmon","WDFW SWIFD Coho Salmon",290,TRUE,"DISTTYPE_DESC=Documented; USETYPE_DESC=Presence; LIFEHIST_DESC=Anadromous; RUNTIME_DESC=Unknown or not Applicable","Columbia River",290,"Columbia River",NA,FALSE,"no","no","tolerance: nearest passing 290 m, past the base rule, and no name-equal stream"
"WA-027","Black Mud Waste Pond C Dam","WA","Eulachon","(none)",NA,NA,"",NA,NA,NA,NA,NA,"n/a","n/a","NO WA SOURCE, by design: NAMED GAP, decided 2026-09-12: not a proxy built from its own ESA critical habitat, which would make presence a restatement of the designation and collapse rule 17. Eulachon still reaches WA dams through the ESA tier"
"WA-027","Black Mud Waste Pond C Dam","WA","Green sturgeon","WDFW SWIFD Green Sturgeon",290,TRUE,"DISTTYPE_DESC=Presumed; USETYPE_DESC=Presence; LIFEHIST_DESC=Adfluvial; RUNTIME_DESC=Unknown or not Applicable","Columbia River",290,"Columbia River",NA,FALSE,"no","no","tolerance: nearest passing 290 m, past the base rule, and no name-equal stream"
"WA-027","Black Mud Waste Pond C Dam","WA","Klamath largescale sucker","(none)",NA,NA,"",NA,NA,NA,NA,NA,"n/a","n/a","NO WA SOURCE, by design: not native to Washington"
"WA-027","Black Mud Waste Pond C Dam","WA","Largescale sucker","(none)",NA,NA,"",NA,NA,NA,NA,NA,"n/a","n/a","NO WA SOURCE, by design: NAMED GAP: WDFW's layer is modelled occupancy, regional and undocumented, so it fails principle 1"
"WA-027","Black Mud Waste Pond C Dam","WA","Lost River sucker","(none)",NA,NA,"",NA,NA,NA,NA,NA,"n/a","n/a","NO WA SOURCE, by design: not native to Washington"
"WA-027","Black Mud Waste Pond C Dam","WA","Mountain whitefish","WDFW SWIFD Mountain Whitefish",290,TRUE,"DISTTYPE_DESC=Presumed; USETYPE_DESC=Presence; LIFEHIST_DESC=Resident; RUNTIME_DESC=Unknown or not Applicable","Columbia River",290,"Columbia River",NA,FALSE,"no","no","tolerance: nearest passing 290 m, past the base rule, and no name-equal stream"
"WA-027","Black Mud Waste Pond C Dam","WA","Pacific lamprey","USFWS NW lamprey 2022 (federal)",316,TRUE,"Basis=DownstreamDocObsFish; Use_Type=Unknown; Origin=Native","Columbia River",316,"Columbia River",NA,FALSE,"no","no","tolerance: nearest passing 316 m, past the base rule, and no name-equal stream"
"WA-027","Black Mud Waste Pond C Dam","WA","Pacific lamprey","USFWS ds2673 lamprey (federal)",NA,NA,"",NA,NA,NA,NA,NA,"no","no","nothing within 1 km"
"WA-027","Black Mud Waste Pond C Dam","WA","Pink salmon","WDFW SWIFD Pink Salmon",290,TRUE,"DISTTYPE_DESC=Documented; USETYPE_DESC=Presence; LIFEHIST_DESC=Anadromous; RUNTIME_DESC=Unknown or not Applicable","Columbia River",290,"Columbia River",NA,FALSE,"no","no","tolerance: nearest passing 290 m, past the base rule, and no name-equal stream"
"WA-027","Black Mud Waste Pond C Dam","WA","Redband trout","WDFW SWIFD Rainbow Trout",NA,NA,"",NA,NA,NA,NA,NA,"no","no","nothing within 1 km"
"WA-027","Black Mud Waste Pond C Dam","WA","Shortnose sucker","(none)",NA,NA,"",NA,NA,NA,NA,NA,"n/a","n/a","NO WA SOURCE, by design: not native to Washington"
"WA-027","Black Mud Waste Pond C Dam","WA","Sockeye salmon","WDFW SWIFD Sockeye Salmon",290,TRUE,"DISTTYPE_DESC=Documented; USETYPE_DESC=Presence; LIFEHIST_DESC=Anadromous; RUNTIME_DESC=Unknown or not Applicable","Columbia River",290,"Columbia River",NA,FALSE,"no","no","tolerance: nearest passing 290 m, past the base rule, and no name-equal stream"
"WA-027","Black Mud Waste Pond C Dam","WA","Steelhead","WDFW SWIFD Steelhead Trout",290,TRUE,"DISTTYPE_DESC=Documented; USETYPE_DESC=Presence; LIFEHIST_DESC=Anadromous; RUNTIME_DESC=Summer","Columbia River",290,"Columbia River",NA,FALSE,"no","no","tolerance: nearest passing 290 m, past the base rule, and no name-equal stream"
"WA-027","Black Mud Waste Pond C Dam","WA","Western river lamprey","(none)",NA,NA,"",NA,NA,NA,NA,NA,"n/a","n/a","NO WA SOURCE, by design: NAMED GAP: data-poor everywhere, no WDFW layer"
"WA-027","Black Mud Waste Pond C Dam","WA","Westslope cutthroat trout","WDFW SWIFD Westslope Cutthroat Trout",NA,NA,"",NA,NA,NA,NA,NA,"no","no","nothing within 1 km"
"WA-027","Black Mud Waste Pond C Dam","WA","White sturgeon","WDFW SWIFD White Sturgeon",290,TRUE,"DISTTYPE_DESC=Presumed; USETYPE_DESC=Presence; LIFEHIST_DESC=Adfluvial; RUNTIME_DESC=Unknown or not Applicable","Columbia River",290,"Columbia River",NA,FALSE,"no","no","tolerance: nearest passing 290 m, past the base rule, and no name-equal stream"
"WA-030","Growden Dam","WA","Bridgelip sucker","(none)",NA,NA,"",NA,NA,NA,NA,NA,"n/a","n/a","NO WA SOURCE, by design: NAMED GAP: WDFW's layer is modelled occupancy, regional and undocumented, so it fails principle 1"
"WA-030","Growden Dam","WA","Bull trout","WDFW SWIFD Bull Trout",NA,NA,"",NA,NA,NA,NA,NA,"no","no","nothing within 1 km"
"WA-030","Growden Dam","WA","Chinook salmon","WDFW SWIFD Chinook Salmon",NA,NA,"",NA,NA,NA,NA,NA,"no","no","nothing within 1 km"
"WA-030","Growden Dam","WA","Chum salmon","WDFW SWIFD Chum Salmon",NA,NA,"",NA,NA,NA,NA,NA,"no","no","nothing within 1 km"
"WA-030","Growden Dam","WA","Coastal cutthroat trout","WDFW SWIFD Cutthroat Trout",NA,NA,"",NA,NA,NA,NA,NA,"no","no","nothing within 1 km"
"WA-030","Growden Dam","WA","Coho salmon","WDFW SWIFD Coho Salmon",NA,NA,"",NA,NA,NA,NA,NA,"no","no","nothing within 1 km"
"WA-030","Growden Dam","WA","Eulachon","(none)",NA,NA,"",NA,NA,NA,NA,NA,"n/a","n/a","NO WA SOURCE, by design: NAMED GAP, decided 2026-09-12: not a proxy built from its own ESA critical habitat, which would make presence a restatement of the designation and collapse rule 17. Eulachon still reaches WA dams through the ESA tier"
"WA-030","Growden Dam","WA","Green sturgeon","WDFW SWIFD Green Sturgeon",NA,NA,"",NA,NA,NA,NA,NA,"no","no","nothing within 1 km"
"WA-030","Growden Dam","WA","Klamath largescale sucker","(none)",NA,NA,"",NA,NA,NA,NA,NA,"n/a","n/a","NO WA SOURCE, by design: not native to Washington"
"WA-030","Growden Dam","WA","Largescale sucker","(none)",NA,NA,"",NA,NA,NA,NA,NA,"n/a","n/a","NO WA SOURCE, by design: NAMED GAP: WDFW's layer is modelled occupancy, regional and undocumented, so it fails principle 1"
"WA-030","Growden Dam","WA","Lost River sucker","(none)",NA,NA,"",NA,NA,NA,NA,NA,"n/a","n/a","NO WA SOURCE, by design: not native to Washington"
"WA-030","Growden Dam","WA","Mountain whitefish","WDFW SWIFD Mountain Whitefish",NA,NA,"",NA,NA,NA,NA,NA,"no","no","nothing within 1 km"
"WA-030","Growden Dam","WA","Pacific lamprey","USFWS NW lamprey 2022 (federal)",NA,NA,"",NA,NA,NA,NA,NA,"no","no","nothing within 1 km"
"WA-030","Growden Dam","WA","Pacific lamprey","USFWS ds2673 lamprey (federal)",NA,NA,"",NA,NA,NA,NA,NA,"no","no","nothing within 1 km"
"WA-030","Growden Dam","WA","Pink salmon","WDFW SWIFD Pink Salmon",NA,NA,"",NA,NA,NA,NA,NA,"no","no","nothing within 1 km"
"WA-030","Growden Dam","WA","Redband trout","WDFW SWIFD Rainbow Trout",22,FALSE,"DISTTYPE_DESC=Documented; USETYPE_DESC=Presence; LIFEHIST_DESC=Unknown; RUNTIME_DESC=Unknown or not Applicable","Sherman Creek",NA,NA,NA,FALSE,"no","no","excluded by the filter rule"
"WA-030","Growden Dam","WA","Shortnose sucker","(none)",NA,NA,"",NA,NA,NA,NA,NA,"n/a","n/a","NO WA SOURCE, by design: not native to Washington"
"WA-030","Growden Dam","WA","Sockeye salmon","WDFW SWIFD Sockeye Salmon",NA,NA,"",NA,NA,NA,NA,NA,"no","no","nothing within 1 km"
"WA-030","Growden Dam","WA","Steelhead","WDFW SWIFD Steelhead Trout",NA,NA,"",NA,NA,NA,NA,NA,"no","no","nothing within 1 km"
"WA-030","Growden Dam","WA","Western river lamprey","(none)",NA,NA,"",NA,NA,NA,NA,NA,"n/a","n/a","NO WA SOURCE, by design: NAMED GAP: data-poor everywhere, no WDFW layer"
"WA-030","Growden Dam","WA","Westslope cutthroat trout","WDFW SWIFD Westslope Cutthroat Trout",NA,NA,"",NA,NA,NA,NA,NA,"no","no","nothing within 1 km"
"WA-030","Growden Dam","WA","White sturgeon","WDFW SWIFD White Sturgeon",NA,NA,"",NA,NA,NA,NA,NA,"no","no","nothing within 1 km"
"WA-039","Beaver Creek Dam No. 1","WA","Bridgelip sucker","(none)",NA,NA,"",NA,NA,NA,NA,NA,"n/a","n/a","NO WA SOURCE, by design: NAMED GAP: WDFW's layer is modelled occupancy, regional and undocumented, so it fails principle 1"
"WA-039","Beaver Creek Dam No. 1","WA","Bull trout","WDFW SWIFD Bull Trout",NA,NA,"",NA,NA,NA,NA,NA,"no","no","nothing within 1 km"
"WA-039","Beaver Creek Dam No. 1","WA","Chinook salmon","WDFW SWIFD Chinook Salmon",NA,NA,"",NA,NA,NA,NA,NA,"no","no","nothing within 1 km"
"WA-039","Beaver Creek Dam No. 1","WA","Chum salmon","WDFW SWIFD Chum Salmon",NA,NA,"",NA,NA,NA,NA,NA,"no","no","nothing within 1 km"
"WA-039","Beaver Creek Dam No. 1","WA","Coastal cutthroat trout","WDFW SWIFD Cutthroat Trout",NA,NA,"",NA,NA,NA,NA,NA,"no","no","nothing within 1 km"
"WA-039","Beaver Creek Dam No. 1","WA","Coho salmon","WDFW SWIFD Coho Salmon",NA,NA,"",NA,NA,NA,NA,NA,"no","no","nothing within 1 km"
"WA-039","Beaver Creek Dam No. 1","WA","Eulachon","(none)",NA,NA,"",NA,NA,NA,NA,NA,"n/a","n/a","NO WA SOURCE, by design: NAMED GAP, decided 2026-09-12: not a proxy built from its own ESA critical habitat, which would make presence a restatement of the designation and collapse rule 17. Eulachon still reaches WA dams through the ESA tier"
"WA-039","Beaver Creek Dam No. 1","WA","Green sturgeon","WDFW SWIFD Green Sturgeon",NA,NA,"",NA,NA,NA,NA,NA,"no","no","nothing within 1 km"
"WA-039","Beaver Creek Dam No. 1","WA","Klamath largescale sucker","(none)",NA,NA,"",NA,NA,NA,NA,NA,"n/a","n/a","NO WA SOURCE, by design: not native to Washington"
"WA-039","Beaver Creek Dam No. 1","WA","Largescale sucker","(none)",NA,NA,"",NA,NA,NA,NA,NA,"n/a","n/a","NO WA SOURCE, by design: NAMED GAP: WDFW's layer is modelled occupancy, regional and undocumented, so it fails principle 1"
"WA-039","Beaver Creek Dam No. 1","WA","Lost River sucker","(none)",NA,NA,"",NA,NA,NA,NA,NA,"n/a","n/a","NO WA SOURCE, by design: not native to Washington"
"WA-039","Beaver Creek Dam No. 1","WA","Mountain whitefish","WDFW SWIFD Mountain Whitefish",NA,NA,"",NA,NA,NA,NA,NA,"no","no","nothing within 1 km"
"WA-039","Beaver Creek Dam No. 1","WA","Pacific lamprey","USFWS NW lamprey 2022 (federal)",NA,NA,"",NA,NA,NA,NA,NA,"no","no","nothing within 1 km"
"WA-039","Beaver Creek Dam No. 1","WA","Pacific lamprey","USFWS ds2673 lamprey (federal)",NA,NA,"",NA,NA,NA,NA,NA,"no","no","nothing within 1 km"
"WA-039","Beaver Creek Dam No. 1","WA","Pink salmon","WDFW SWIFD Pink Salmon",NA,NA,"",NA,NA,NA,NA,NA,"no","no","nothing within 1 km"
"WA-039","Beaver Creek Dam No. 1","WA","Redband trout","WDFW SWIFD Rainbow Trout",15,FALSE,"DISTTYPE_DESC=Documented; USETYPE_DESC=Presence; LIFEHIST_DESC=Resident; RUNTIME_DESC=Unknown or not Applicable","Beaver Creek",NA,NA,NA,FALSE,"no","no","excluded by the filter rule"
"WA-039","Beaver Creek Dam No. 1","WA","Shortnose sucker","(none)",NA,NA,"",NA,NA,NA,NA,NA,"n/a","n/a","NO WA SOURCE, by design: not native to Washington"
"WA-039","Beaver Creek Dam No. 1","WA","Sockeye salmon","WDFW SWIFD Sockeye Salmon",NA,NA,"",NA,NA,NA,NA,NA,"no","no","nothing within 1 km"
"WA-039","Beaver Creek Dam No. 1","WA","Steelhead","WDFW SWIFD Steelhead Trout",NA,NA,"",NA,NA,NA,NA,NA,"no","no","nothing within 1 km"
"WA-039","Beaver Creek Dam No. 1","WA","Western river lamprey","(none)",NA,NA,"",NA,NA,NA,NA,NA,"n/a","n/a","NO WA SOURCE, by design: NAMED GAP: data-poor everywhere, no WDFW layer"
"WA-039","Beaver Creek Dam No. 1","WA","Westslope cutthroat trout","WDFW SWIFD Westslope Cutthroat Trout",NA,NA,"",NA,NA,NA,NA,NA,"no","no","nothing within 1 km"
"WA-039","Beaver Creek Dam No. 1","WA","White sturgeon","WDFW SWIFD White Sturgeon",NA,NA,"",NA,NA,NA,NA,NA,"no","no","nothing within 1 km"
"WA-040","Beaver Creek Dam No. 2","WA","Bridgelip sucker","(none)",NA,NA,"",NA,NA,NA,NA,NA,"n/a","n/a","NO WA SOURCE, by design: NAMED GAP: WDFW's layer is modelled occupancy, regional and undocumented, so it fails principle 1"
"WA-040","Beaver Creek Dam No. 2","WA","Bull trout","WDFW SWIFD Bull Trout",NA,NA,"",NA,NA,NA,NA,NA,"no","no","nothing within 1 km"
"WA-040","Beaver Creek Dam No. 2","WA","Chinook salmon","WDFW SWIFD Chinook Salmon",852,FALSE,"DISTTYPE_DESC=Potential; USETYPE_DESC=Rearing; LIFEHIST_DESC=Anadromous; RUNTIME_DESC=Spring","Beaver Creek",NA,NA,NA,FALSE,"no","no","nothing passing, nothing near"
"WA-040","Beaver Creek Dam No. 2","WA","Chum salmon","WDFW SWIFD Chum Salmon",NA,NA,"",NA,NA,NA,NA,NA,"no","no","nothing within 1 km"
"WA-040","Beaver Creek Dam No. 2","WA","Coastal cutthroat trout","WDFW SWIFD Cutthroat Trout",NA,NA,"",NA,NA,NA,NA,NA,"no","no","nothing within 1 km"
"WA-040","Beaver Creek Dam No. 2","WA","Coho salmon","WDFW SWIFD Coho Salmon",NA,NA,"",NA,NA,NA,NA,NA,"no","no","nothing within 1 km"
"WA-040","Beaver Creek Dam No. 2","WA","Eulachon","(none)",NA,NA,"",NA,NA,NA,NA,NA,"n/a","n/a","NO WA SOURCE, by design: NAMED GAP, decided 2026-09-12: not a proxy built from its own ESA critical habitat, which would make presence a restatement of the designation and collapse rule 17. Eulachon still reaches WA dams through the ESA tier"
"WA-040","Beaver Creek Dam No. 2","WA","Green sturgeon","WDFW SWIFD Green Sturgeon",NA,NA,"",NA,NA,NA,NA,NA,"no","no","nothing within 1 km"
"WA-040","Beaver Creek Dam No. 2","WA","Klamath largescale sucker","(none)",NA,NA,"",NA,NA,NA,NA,NA,"n/a","n/a","NO WA SOURCE, by design: not native to Washington"
"WA-040","Beaver Creek Dam No. 2","WA","Largescale sucker","(none)",NA,NA,"",NA,NA,NA,NA,NA,"n/a","n/a","NO WA SOURCE, by design: NAMED GAP: WDFW's layer is modelled occupancy, regional and undocumented, so it fails principle 1"
"WA-040","Beaver Creek Dam No. 2","WA","Lost River sucker","(none)",NA,NA,"",NA,NA,NA,NA,NA,"n/a","n/a","NO WA SOURCE, by design: not native to Washington"
"WA-040","Beaver Creek Dam No. 2","WA","Mountain whitefish","WDFW SWIFD Mountain Whitefish",NA,NA,"",NA,NA,NA,NA,NA,"no","no","nothing within 1 km"
"WA-040","Beaver Creek Dam No. 2","WA","Pacific lamprey","USFWS NW lamprey 2022 (federal)",NA,NA,"",NA,NA,NA,NA,NA,"no","no","nothing within 1 km"
"WA-040","Beaver Creek Dam No. 2","WA","Pacific lamprey","USFWS ds2673 lamprey (federal)",NA,NA,"",NA,NA,NA,NA,NA,"no","no","nothing within 1 km"
"WA-040","Beaver Creek Dam No. 2","WA","Pink salmon","WDFW SWIFD Pink Salmon",NA,NA,"",NA,NA,NA,NA,NA,"no","no","nothing within 1 km"
"WA-040","Beaver Creek Dam No. 2","WA","Redband trout","WDFW SWIFD Rainbow Trout",8,FALSE,"DISTTYPE_DESC=Documented; USETYPE_DESC=Presence; LIFEHIST_DESC=Resident; RUNTIME_DESC=Unknown or not Applicable","Beaver Creek",NA,NA,NA,FALSE,"no","no","excluded by the filter rule"
"WA-040","Beaver Creek Dam No. 2","WA","Shortnose sucker","(none)",NA,NA,"",NA,NA,NA,NA,NA,"n/a","n/a","NO WA SOURCE, by design: not native to Washington"
"WA-040","Beaver Creek Dam No. 2","WA","Sockeye salmon","WDFW SWIFD Sockeye Salmon",NA,NA,"",NA,NA,NA,NA,NA,"no","no","nothing within 1 km"
"WA-040","Beaver Creek Dam No. 2","WA","Steelhead","WDFW SWIFD Steelhead Trout",NA,NA,"",NA,NA,NA,NA,NA,"no","no","nothing within 1 km"
"WA-040","Beaver Creek Dam No. 2","WA","Western river lamprey","(none)",NA,NA,"",NA,NA,NA,NA,NA,"n/a","n/a","NO WA SOURCE, by design: NAMED GAP: data-poor everywhere, no WDFW layer"
"WA-040","Beaver Creek Dam No. 2","WA","Westslope cutthroat trout","WDFW SWIFD Westslope Cutthroat Trout",NA,NA,"",NA,NA,NA,NA,NA,"no","no","nothing within 1 km"
"WA-040","Beaver Creek Dam No. 2","WA","White sturgeon","WDFW SWIFD White Sturgeon",NA,NA,"",NA,NA,NA,NA,NA,"no","no","nothing within 1 km"
"WA-041","Spore Dam (Barrel Springs Dam)","WA","Bridgelip sucker","(none)",NA,NA,"",NA,NA,NA,NA,NA,"n/a","n/a","NO WA SOURCE, by design: NAMED GAP: WDFW's layer is modelled occupancy, regional and undocumented, so it fails principle 1"
"WA-041","Spore Dam (Barrel Springs Dam)","WA","Bull trout","WDFW SWIFD Bull Trout",NA,NA,"",NA,NA,NA,NA,NA,"no","no","nothing within 1 km"
"WA-041","Spore Dam (Barrel Springs Dam)","WA","Chinook salmon","WDFW SWIFD Chinook Salmon",795,FALSE,"DISTTYPE_DESC=Gradient Accessible; USETYPE_DESC=Presence; LIFEHIST_DESC=Anadromous; RUNTIME_DESC=Fall","Bear Creek",NA,NA,NA,FALSE,"no","no","nothing passing, nothing near"
"WA-041","Spore Dam (Barrel Springs Dam)","WA","Chum salmon","WDFW SWIFD Chum Salmon",795,FALSE,"DISTTYPE_DESC=Gradient Accessible; USETYPE_DESC=Presence; LIFEHIST_DESC=Anadromous; RUNTIME_DESC=Fall","Bear Creek",800,"Bear Creek",NA,FALSE,"no","no","tolerance: nearest passing 800 m, past the base rule, and no name-equal stream"
"WA-041","Spore Dam (Barrel Springs Dam)","WA","Coastal cutthroat trout","WDFW SWIFD Cutthroat Trout",166,TRUE,"DISTTYPE_DESC=Documented; USETYPE_DESC=Presence; LIFEHIST_DESC=Unknown; RUNTIME_DESC=Unknown or not Applicable","Unnamed stream [1223755486375]",166,"Unnamed stream [1223755486375]",NA,FALSE,"no","no","tolerance: nearest passing 166 m, past the base rule, and no name-equal stream"
"WA-041","Spore Dam (Barrel Springs Dam)","WA","Coho salmon","WDFW SWIFD Coho Salmon",166,TRUE,"DISTTYPE_DESC=Documented; USETYPE_DESC=Presence; LIFEHIST_DESC=Anadromous; RUNTIME_DESC=Unknown or not Applicable","Unnamed stream [1223755486375]",166,"Unnamed stream [1223755486375]",NA,FALSE,"no","no","tolerance: nearest passing 166 m, past the base rule, and no name-equal stream"
"WA-041","Spore Dam (Barrel Springs Dam)","WA","Eulachon","(none)",NA,NA,"",NA,NA,NA,NA,NA,"n/a","n/a","NO WA SOURCE, by design: NAMED GAP, decided 2026-09-12: not a proxy built from its own ESA critical habitat, which would make presence a restatement of the designation and collapse rule 17. Eulachon still reaches WA dams through the ESA tier"
"WA-041","Spore Dam (Barrel Springs Dam)","WA","Green sturgeon","WDFW SWIFD Green Sturgeon",NA,NA,"",NA,NA,NA,NA,NA,"no","no","nothing within 1 km"
"WA-041","Spore Dam (Barrel Springs Dam)","WA","Klamath largescale sucker","(none)",NA,NA,"",NA,NA,NA,NA,NA,"n/a","n/a","NO WA SOURCE, by design: not native to Washington"
"WA-041","Spore Dam (Barrel Springs Dam)","WA","Largescale sucker","(none)",NA,NA,"",NA,NA,NA,NA,NA,"n/a","n/a","NO WA SOURCE, by design: NAMED GAP: WDFW's layer is modelled occupancy, regional and undocumented, so it fails principle 1"
"WA-041","Spore Dam (Barrel Springs Dam)","WA","Lost River sucker","(none)",NA,NA,"",NA,NA,NA,NA,NA,"n/a","n/a","NO WA SOURCE, by design: not native to Washington"
"WA-041","Spore Dam (Barrel Springs Dam)","WA","Mountain whitefish","WDFW SWIFD Mountain Whitefish",NA,NA,"",NA,NA,NA,NA,NA,"no","no","nothing within 1 km"
"WA-041","Spore Dam (Barrel Springs Dam)","WA","Pacific lamprey","USFWS NW lamprey 2022 (federal)",NA,NA,"",NA,NA,NA,NA,NA,"no","no","nothing within 1 km"
"WA-041","Spore Dam (Barrel Springs Dam)","WA","Pacific lamprey","USFWS ds2673 lamprey (federal)",NA,NA,"",NA,NA,NA,NA,NA,"no","no","nothing within 1 km"
"WA-041","Spore Dam (Barrel Springs Dam)","WA","Pink salmon","WDFW SWIFD Pink Salmon",795,FALSE,"DISTTYPE_DESC=Gradient Accessible; USETYPE_DESC=Presence; LIFEHIST_DESC=Anadromous; RUNTIME_DESC=Odd Year","Bear Creek",NA,NA,NA,FALSE,"no","no","nothing passing, nothing near"
"WA-041","Spore Dam (Barrel Springs Dam)","WA","Redband trout","WDFW SWIFD Rainbow Trout",NA,NA,"",NA,NA,NA,NA,NA,"no","no","nothing within 1 km"
"WA-041","Spore Dam (Barrel Springs Dam)","WA","Shortnose sucker","(none)",NA,NA,"",NA,NA,NA,NA,NA,"n/a","n/a","NO WA SOURCE, by design: not native to Washington"
"WA-041","Spore Dam (Barrel Springs Dam)","WA","Sockeye salmon","WDFW SWIFD Sockeye Salmon",NA,NA,"",NA,NA,NA,NA,NA,"no","no","nothing within 1 km"
"WA-041","Spore Dam (Barrel Springs Dam)","WA","Steelhead","WDFW SWIFD Steelhead Trout",709,TRUE,"DISTTYPE_DESC=Documented; USETYPE_DESC=Spawning; LIFEHIST_DESC=Anadromous; RUNTIME_DESC=Winter","Unnamed stream [1223755486375]",709,"Unnamed stream [1223755486375]",NA,FALSE,"no","no","tolerance: nearest passing 709 m, past the base rule, and no name-equal stream"
"WA-041","Spore Dam (Barrel Springs Dam)","WA","Western river lamprey","(none)",NA,NA,"",NA,NA,NA,NA,NA,"n/a","n/a","NO WA SOURCE, by design: NAMED GAP: data-poor everywhere, no WDFW layer"
"WA-041","Spore Dam (Barrel Springs Dam)","WA","Westslope cutthroat trout","WDFW SWIFD Westslope Cutthroat Trout",NA,NA,"",NA,NA,NA,NA,NA,"no","no","nothing within 1 km"
"WA-041","Spore Dam (Barrel Springs Dam)","WA","White sturgeon","WDFW SWIFD White Sturgeon",NA,NA,"",NA,NA,NA,NA,NA,"no","no","nothing within 1 km"
