AR_ID,dam,state,species,nacc,nacc_where,ours,nacc_upstream_mi,nacc_downstream_mi,nacc_sarpid
CA-002,Minnie Reeves Dam,CA,Chinook salmon,absent,,present,0.0,0.0,CA98012
CA-002,Minnie Reeves Dam,CA,Coho salmon,absent,,present,0.0,0.0,CA98012
CA-002,Minnie Reeves Dam,CA,Steelhead,absent,,present,0.0,0.0,CA98012
CA-002,Minnie Reeves Dam,CA,Pacific lamprey,absent,,absent,0.0,0.0,CA98012
CA-002,Minnie Reeves Dam,CA,Coastal cutthroat trout,absent,,absent,0.0,0.0,CA98012
CA-002,Minnie Reeves Dam,CA,Chum salmon,absent,,absent,,,CA98012
CA-002,Minnie Reeves Dam,CA,Sockeye salmon,absent,,absent,,,CA98012
CA-002,Minnie Reeves Dam,CA,Pink salmon,absent,,absent,,,CA98012
CA-002,Minnie Reeves Dam,CA,Bull trout,absent,,absent,,,CA98012
CA-002,Minnie Reeves Dam,CA,Redband trout,absent,,absent,0.0,0.0,CA98012
CA-005,Trout Haven Dam,CA,Chinook salmon,present,downstream only,present,0.0,22.542,CA103153
CA-005,Trout Haven Dam,CA,Coho salmon,present,downstream only,present,0.0,30.263,CA103153
CA-005,Trout Haven Dam,CA,Steelhead,present,downstream only,present,0.0,56.789,CA103153
CA-005,Trout Haven Dam,CA,Pacific lamprey,absent,,absent,0.0,0.0,CA103153
CA-005,Trout Haven Dam,CA,Coastal cutthroat trout,present,upstream,present,2.619,189.67,CA103153
CA-005,Trout Haven Dam,CA,Chum salmon,absent,,absent,,,CA103153
CA-005,Trout Haven Dam,CA,Sockeye salmon,absent,,absent,,,CA103153
CA-005,Trout Haven Dam,CA,Pink salmon,absent,,absent,,,CA103153
CA-005,Trout Haven Dam,CA,Bull trout,absent,,absent,,,CA103153
CA-005,Trout Haven Dam,CA,Redband trout,absent,,absent,0.0,0.0,CA103153
CA-006,Salt Creek Dam,CA,Chinook salmon,absent,,absent,0.0,0.0,CA625815
CA-006,Salt Creek Dam,CA,Coho salmon,absent,,absent,0.0,0.0,CA625815
CA-006,Salt Creek Dam,CA,Steelhead,absent,,absent,0.0,0.0,CA625815
CA-006,Salt Creek Dam,CA,Pacific lamprey,absent,,absent,0.0,0.0,CA625815
CA-006,Salt Creek Dam,CA,Coastal cutthroat trout,absent,,absent,0.0,0.0,CA625815
CA-006,Salt Creek Dam,CA,Chum salmon,absent,,absent,,,CA625815
CA-006,Salt Creek Dam,CA,Sockeye salmon,absent,,absent,,,CA625815
CA-006,Salt Creek Dam,CA,Pink salmon,absent,,absent,,,CA625815
CA-006,Salt Creek Dam,CA,Bull trout,absent,,absent,,,CA625815
CA-006,Salt Creek Dam,CA,Redband trout,absent,,absent,0.0,0.0,CA625815
CA-007,Lower Murphy Dam,CA,Chinook salmon,absent,,absent,0.0,0.0,CA102763
CA-007,Lower Murphy Dam,CA,Coho salmon,absent,,absent,0.0,0.0,CA102763
CA-007,Lower Murphy Dam,CA,Steelhead,absent,,present,0.0,0.0,CA102763
CA-007,Lower Murphy Dam,CA,Pacific lamprey,absent,,absent,0.0,0.0,CA102763
CA-007,Lower Murphy Dam,CA,Coastal cutthroat trout,absent,,absent,0.0,0.0,CA102763
CA-007,Lower Murphy Dam,CA,Chum salmon,absent,,absent,,,CA102763
CA-007,Lower Murphy Dam,CA,Sockeye salmon,absent,,absent,,,CA102763
CA-007,Lower Murphy Dam,CA,Pink salmon,absent,,absent,,,CA102763
CA-007,Lower Murphy Dam,CA,Bull trout,absent,,absent,,,CA102763
CA-007,Lower Murphy Dam,CA,Redband trout,absent,,absent,0.0,0.0,CA102763
CA-008,Upper Murphy Dam,CA,Chinook salmon,absent,,absent,0.0,0.0,CA102836
CA-008,Upper Murphy Dam,CA,Coho salmon,absent,,absent,0.0,0.0,CA102836
CA-008,Upper Murphy Dam,CA,Steelhead,absent,,absent,0.0,0.0,CA102836
CA-008,Upper Murphy Dam,CA,Pacific lamprey,absent,,absent,0.0,0.0,CA102836
CA-008,Upper Murphy Dam,CA,Coastal cutthroat trout,absent,,absent,0.0,0.0,CA102836
CA-008,Upper Murphy Dam,CA,Chum salmon,absent,,absent,,,CA102836
CA-008,Upper Murphy Dam,CA,Sockeye salmon,absent,,absent,,,CA102836
CA-008,Upper Murphy Dam,CA,Pink salmon,absent,,absent,,,CA102836
CA-008,Upper Murphy Dam,CA,Bull trout,absent,,absent,,,CA102836
CA-008,Upper Murphy Dam,CA,Redband trout,absent,,absent,0.0,0.0,CA102836
CA-009,Russell Dam (Hinkley Dam),CA,Chinook salmon,absent,,present,0.0,0.0,CA969296
CA-009,Russell Dam (Hinkley Dam),CA,Coho salmon,absent,,present,0.0,0.0,CA969296
CA-009,Russell Dam (Hinkley Dam),CA,Steelhead,absent,,present,0.0,0.0,CA969296
CA-009,Russell Dam (Hinkley Dam),CA,Pacific lamprey,absent,,present,0.0,0.0,CA969296
CA-009,Russell Dam (Hinkley Dam),CA,Coastal cutthroat trout,present,downstream only,absent,0.0,68.388,CA969296
CA-009,Russell Dam (Hinkley Dam),CA,Chum salmon,absent,,absent,,,CA969296
CA-009,Russell Dam (Hinkley Dam),CA,Sockeye salmon,absent,,absent,,,CA969296
CA-009,Russell Dam (Hinkley Dam),CA,Pink salmon,absent,,absent,,,CA969296
CA-009,Russell Dam (Hinkley Dam),CA,Bull trout,absent,,absent,,,CA969296
CA-009,Russell Dam (Hinkley Dam),CA,Redband trout,absent,,absent,0.0,0.0,CA969296
CA-013,D.B. Fields/Johnson Dam,CA,Chinook salmon,absent,,absent,0.0,0.0,CA102743
CA-013,D.B. Fields/Johnson Dam,CA,Coho salmon,absent,,present,0.0,0.0,CA102743
CA-013,D.B. Fields/Johnson Dam,CA,Steelhead,absent,,present,0.0,0.0,CA102743
CA-013,D.B. Fields/Johnson Dam,CA,Pacific lamprey,absent,,absent,0.0,0.0,CA102743
CA-013,D.B. Fields/Johnson Dam,CA,Coastal cutthroat trout,absent,,absent,0.0,0.0,CA102743
CA-013,D.B. Fields/Johnson Dam,CA,Chum salmon,absent,,absent,,,CA102743
CA-013,D.B. Fields/Johnson Dam,CA,Sockeye salmon,absent,,absent,,,CA102743
CA-013,D.B. Fields/Johnson Dam,CA,Pink salmon,absent,,absent,,,CA102743
CA-013,D.B. Fields/Johnson Dam,CA,Bull trout,absent,,absent,,,CA102743
CA-013,D.B. Fields/Johnson Dam,CA,Redband trout,absent,,absent,0.0,0.0,CA102743
CA-029,Sweasey Dam,CA,Chinook salmon,absent,,present,0.0,0.0,CA102347
CA-029,Sweasey Dam,CA,Coho salmon,absent,,present,0.0,0.0,CA102347
CA-029,Sweasey Dam,CA,Steelhead,absent,,present,0.0,0.0,CA102347
CA-029,Sweasey Dam,CA,Pacific lamprey,absent,,present,0.0,0.0,CA102347
CA-029,Sweasey Dam,CA,Coastal cutthroat trout,present,upstream,present,2.615,5.929,CA102347
CA-029,Sweasey Dam,CA,Chum salmon,absent,,absent,,,CA102347
CA-029,Sweasey Dam,CA,Sockeye salmon,absent,,absent,,,CA102347
CA-029,Sweasey Dam,CA,Pink salmon,absent,,absent,,,CA102347
CA-029,Sweasey Dam,CA,Bull trout,absent,,absent,,,CA102347
CA-029,Sweasey Dam,CA,Redband trout,absent,,absent,0.0,0.0,CA102347
CA-030,Bear Valley Dam,CA,Chinook salmon,absent,,absent,0.0,0.0,CA102668
CA-030,Bear Valley Dam,CA,Coho salmon,absent,,absent,0.0,0.0,CA102668
CA-030,Bear Valley Dam,CA,Steelhead,absent,,absent,0.0,0.0,CA102668
CA-030,Bear Valley Dam,CA,Pacific lamprey,absent,,absent,0.0,0.0,CA102668
CA-030,Bear Valley Dam,CA,Coastal cutthroat trout,absent,,absent,0.0,0.0,CA102668
CA-030,Bear Valley Dam,CA,Chum salmon,absent,,absent,,,CA102668
CA-030,Bear Valley Dam,CA,Sockeye salmon,absent,,absent,,,CA102668
CA-030,Bear Valley Dam,CA,Pink salmon,absent,,absent,,,CA102668
CA-030,Bear Valley Dam,CA,Bull trout,absent,,absent,,,CA102668
CA-030,Bear Valley Dam,CA,Redband trout,absent,,absent,0.0,0.0,CA102668
CA-031,Rogers Dam,CA,Chinook salmon,absent,,absent,0.0,0.0,CA102811
CA-031,Rogers Dam,CA,Coho salmon,absent,,absent,0.0,0.0,CA102811
CA-031,Rogers Dam,CA,Steelhead,absent,,absent,0.0,0.0,CA102811
CA-031,Rogers Dam,CA,Pacific lamprey,absent,,absent,0.0,0.0,CA102811
CA-031,Rogers Dam,CA,Coastal cutthroat trout,absent,,absent,0.0,0.0,CA102811
CA-031,Rogers Dam,CA,Chum salmon,absent,,absent,,,CA102811
CA-031,Rogers Dam,CA,Sockeye salmon,absent,,absent,,,CA102811
CA-031,Rogers Dam,CA,Pink salmon,absent,,absent,,,CA102811
CA-031,Rogers Dam,CA,Bull trout,absent,,absent,,,CA102811
CA-031,Rogers Dam,CA,Redband trout,absent,,absent,0.0,0.0,CA102811
CA-033,Upper Dam (Lost Man Dam),CA,Chinook salmon,absent,,present,0.0,0.0,CA625816
CA-033,Upper Dam (Lost Man Dam),CA,Coho salmon,absent,,present,0.0,0.0,CA625816
CA-033,Upper Dam (Lost Man Dam),CA,Steelhead,absent,,present,0.0,0.0,CA625816
CA-033,Upper Dam (Lost Man Dam),CA,Pacific lamprey,absent,,absent,0.0,0.0,CA625816
CA-033,Upper Dam (Lost Man Dam),CA,Coastal cutthroat trout,present,upstream,present,4.41,84.559,CA625816
CA-033,Upper Dam (Lost Man Dam),CA,Chum salmon,absent,,absent,,,CA625816
CA-033,Upper Dam (Lost Man Dam),CA,Sockeye salmon,absent,,absent,,,CA625816
CA-033,Upper Dam (Lost Man Dam),CA,Pink salmon,absent,,absent,,,CA625816
CA-033,Upper Dam (Lost Man Dam),CA,Bull trout,absent,,absent,,,CA625816
CA-033,Upper Dam (Lost Man Dam),CA,Redband trout,absent,,absent,0.0,0.0,CA625816
CA-038,Lake Christopher Dam,CA,Chinook salmon,absent,,absent,0.0,0.0,CA969297
CA-038,Lake Christopher Dam,CA,Coho salmon,absent,,absent,0.0,0.0,CA969297
CA-038,Lake Christopher Dam,CA,Steelhead,absent,,absent,0.0,0.0,CA969297
CA-038,Lake Christopher Dam,CA,Pacific lamprey,absent,,absent,0.0,0.0,CA969297
CA-038,Lake Christopher Dam,CA,Coastal cutthroat trout,absent,,absent,0.0,0.0,CA969297
CA-038,Lake Christopher Dam,CA,Chum salmon,absent,,absent,,,CA969297
CA-038,Lake Christopher Dam,CA,Sockeye salmon,absent,,absent,,,CA969297
CA-038,Lake Christopher Dam,CA,Pink salmon,absent,,absent,,,CA969297
CA-038,Lake Christopher Dam,CA,Bull trout,absent,,absent,,,CA969297
CA-038,Lake Christopher Dam,CA,Redband trout,absent,,absent,0.0,0.0,CA969297
CA-039,McPherrin Dam,CA,Chinook salmon,absent,,present,0.0,0.0,CA91936
CA-039,McPherrin Dam,CA,Coho salmon,absent,,absent,0.0,0.0,CA91936
CA-039,McPherrin Dam,CA,Steelhead,absent,,present,0.0,0.0,CA91936
CA-039,McPherrin Dam,CA,Pacific lamprey,absent,,present,0.0,0.0,CA91936
CA-039,McPherrin Dam,CA,Coastal cutthroat trout,absent,,absent,0.0,0.0,CA91936
CA-039,McPherrin Dam,CA,Chum salmon,absent,,absent,,,CA91936
CA-039,McPherrin Dam,CA,Sockeye salmon,absent,,absent,,,CA91936
CA-039,McPherrin Dam,CA,Pink salmon,absent,,absent,,,CA91936
CA-039,McPherrin Dam,CA,Bull trout,absent,,absent,,,CA91936
CA-039,McPherrin Dam,CA,Redband trout,absent,,absent,0.0,0.0,CA91936
CA-042,Unnamed Small Dam #1,CA,Chinook salmon,absent,,absent,0.0,0.0,CA969298
CA-042,Unnamed Small Dam #1,CA,Coho salmon,absent,,absent,0.0,0.0,CA969298
CA-042,Unnamed Small Dam #1,CA,Steelhead,absent,,present,0.0,0.0,CA969298
CA-042,Unnamed Small Dam #1,CA,Pacific lamprey,absent,,present,0.0,0.0,CA969298
CA-042,Unnamed Small Dam #1,CA,Coastal cutthroat trout,absent,,absent,0.0,0.0,CA969298
CA-042,Unnamed Small Dam #1,CA,Chum salmon,absent,,absent,,,CA969298
CA-042,Unnamed Small Dam #1,CA,Sockeye salmon,absent,,absent,,,CA969298
CA-042,Unnamed Small Dam #1,CA,Pink salmon,absent,,absent,,,CA969298
CA-042,Unnamed Small Dam #1,CA,Bull trout,absent,,absent,,,CA969298
CA-042,Unnamed Small Dam #1,CA,Redband trout,absent,,absent,0.0,0.0,CA969298
CA-043,Unnamed Small Dam #2,CA,Chinook salmon,absent,,absent,0.0,0.0,CA969299
CA-043,Unnamed Small Dam #2,CA,Coho salmon,absent,,absent,0.0,0.0,CA969299
CA-043,Unnamed Small Dam #2,CA,Steelhead,absent,,present,0.0,0.0,CA969299
CA-043,Unnamed Small Dam #2,CA,Pacific lamprey,absent,,present,0.0,0.0,CA969299
CA-043,Unnamed Small Dam #2,CA,Coastal cutthroat trout,absent,,absent,0.0,0.0,CA969299
CA-043,Unnamed Small Dam #2,CA,Chum salmon,absent,,absent,,,CA969299
CA-043,Unnamed Small Dam #2,CA,Sockeye salmon,absent,,absent,,,CA969299
CA-043,Unnamed Small Dam #2,CA,Pink salmon,absent,,absent,,,CA969299
CA-043,Unnamed Small Dam #2,CA,Bull trout,absent,,absent,,,CA969299
CA-043,Unnamed Small Dam #2,CA,Redband trout,absent,,absent,0.0,0.0,CA969299
CA-044,McCormick-Saeltzer Dam,CA,Chinook salmon,absent,,present,0.0,0.0,CA102817
CA-044,McCormick-Saeltzer Dam,CA,Coho salmon,absent,,absent,0.0,0.0,CA102817
CA-044,McCormick-Saeltzer Dam,CA,Steelhead,absent,,present,0.0,0.0,CA102817
CA-044,McCormick-Saeltzer Dam,CA,Pacific lamprey,absent,,present,0.0,0.0,CA102817
CA-044,McCormick-Saeltzer Dam,CA,Coastal cutthroat trout,absent,,absent,0.0,0.0,CA102817
CA-044,McCormick-Saeltzer Dam,CA,Chum salmon,absent,,absent,,,CA102817
CA-044,McCormick-Saeltzer Dam,CA,Sockeye salmon,absent,,absent,,,CA102817
CA-044,McCormick-Saeltzer Dam,CA,Pink salmon,absent,,absent,,,CA102817
CA-044,McCormick-Saeltzer Dam,CA,Bull trout,absent,,absent,,,CA102817
CA-044,McCormick-Saeltzer Dam,CA,Redband trout,absent,,absent,0.0,0.0,CA102817
CA-045,Swim Dam #1,CA,Chinook salmon,absent,,absent,0.0,0.0,CA91689
CA-045,Swim Dam #1,CA,Coho salmon,absent,,absent,0.0,0.0,CA91689
CA-045,Swim Dam #1,CA,Steelhead,absent,,present,0.0,0.0,CA91689
CA-045,Swim Dam #1,CA,Pacific lamprey,absent,,present,0.0,0.0,CA91689
CA-045,Swim Dam #1,CA,Coastal cutthroat trout,absent,,absent,0.0,0.0,CA91689
CA-045,Swim Dam #1,CA,Chum salmon,absent,,absent,,,CA91689
CA-045,Swim Dam #1,CA,Sockeye salmon,absent,,absent,,,CA91689
CA-045,Swim Dam #1,CA,Pink salmon,absent,,absent,,,CA91689
CA-045,Swim Dam #1,CA,Bull trout,absent,,absent,,,CA91689
CA-045,Swim Dam #1,CA,Redband trout,absent,,absent,0.0,0.0,CA91689
CA-046,Swim Dam #2,CA,Chinook salmon,absent,,absent,0.0,0.0,CA91690
CA-046,Swim Dam #2,CA,Coho salmon,absent,,absent,0.0,0.0,CA91690
CA-046,Swim Dam #2,CA,Steelhead,absent,,present,0.0,0.0,CA91690
CA-046,Swim Dam #2,CA,Pacific lamprey,absent,,present,0.0,0.0,CA91690
CA-046,Swim Dam #2,CA,Coastal cutthroat trout,absent,,absent,0.0,0.0,CA91690
CA-046,Swim Dam #2,CA,Chum salmon,absent,,absent,,,CA91690
CA-046,Swim Dam #2,CA,Sockeye salmon,absent,,absent,,,CA91690
CA-046,Swim Dam #2,CA,Pink salmon,absent,,absent,,,CA91690
CA-046,Swim Dam #2,CA,Bull trout,absent,,absent,,,CA91690
CA-046,Swim Dam #2,CA,Redband trout,absent,,absent,0.0,0.0,CA91690
CA-047,Crocker Creek Dam,CA,Chinook salmon,absent,,absent,0.0,0.0,CA96612
CA-047,Crocker Creek Dam,CA,Coho salmon,absent,,absent,0.0,0.0,CA96612
CA-047,Crocker Creek Dam,CA,Steelhead,absent,,present,0.0,0.0,CA96612
CA-047,Crocker Creek Dam,CA,Pacific lamprey,absent,,absent,0.0,0.0,CA96612
CA-047,Crocker Creek Dam,CA,Coastal cutthroat trout,absent,,absent,0.0,0.0,CA96612
CA-047,Crocker Creek Dam,CA,Chum salmon,absent,,absent,,,CA96612
CA-047,Crocker Creek Dam,CA,Sockeye salmon,absent,,absent,,,CA96612
CA-047,Crocker Creek Dam,CA,Pink salmon,absent,,absent,,,CA96612
CA-047,Crocker Creek Dam,CA,Bull trout,absent,,absent,,,CA96612
CA-047,Crocker Creek Dam,CA,Redband trout,absent,,absent,0.0,0.0,CA96612
CA-049,Unnamed Arizona Crossing,CA,Chinook salmon,absent,,absent,0.0,0.0,CA969301
CA-049,Unnamed Arizona Crossing,CA,Coho salmon,absent,,absent,0.0,0.0,CA969301
CA-049,Unnamed Arizona Crossing,CA,Steelhead,absent,,absent,0.0,0.0,CA969301
CA-049,Unnamed Arizona Crossing,CA,Pacific lamprey,absent,,absent,0.0,0.0,CA969301
CA-049,Unnamed Arizona Crossing,CA,Coastal cutthroat trout,absent,,absent,0.0,0.0,CA969301
CA-049,Unnamed Arizona Crossing,CA,Chum salmon,absent,,absent,,,CA969301
CA-049,Unnamed Arizona Crossing,CA,Sockeye salmon,absent,,absent,,,CA969301
CA-049,Unnamed Arizona Crossing,CA,Pink salmon,absent,,absent,,,CA969301
CA-049,Unnamed Arizona Crossing,CA,Bull trout,absent,,absent,,,CA969301
CA-049,Unnamed Arizona Crossing,CA,Redband trout,absent,,absent,0.0,0.0,CA969301
CA-051,Trancas Debris Dam,CA,Chinook salmon,absent,,absent,0.0,0.0,CA969302
CA-051,Trancas Debris Dam,CA,Coho salmon,absent,,absent,0.0,0.0,CA969302
CA-051,Trancas Debris Dam,CA,Steelhead,absent,,absent,0.0,0.0,CA969302
CA-051,Trancas Debris Dam,CA,Pacific lamprey,absent,,absent,0.0,0.0,CA969302
CA-051,Trancas Debris Dam,CA,Coastal cutthroat trout,absent,,absent,0.0,0.0,CA969302
CA-051,Trancas Debris Dam,CA,Chum salmon,absent,,absent,,,CA969302
CA-051,Trancas Debris Dam,CA,Sockeye salmon,absent,,absent,,,CA969302
CA-051,Trancas Debris Dam,CA,Pink salmon,absent,,absent,,,CA969302
CA-051,Trancas Debris Dam,CA,Bull trout,absent,,absent,,,CA969302
CA-051,Trancas Debris Dam,CA,Redband trout,absent,,absent,0.0,0.0,CA969302
CA-052,A-Frame Dam,CA,Chinook salmon,absent,,absent,0.0,0.0,CA969303
CA-052,A-Frame Dam,CA,Coho salmon,absent,,absent,0.0,0.0,CA969303
CA-052,A-Frame Dam,CA,Steelhead,absent,,absent,0.0,0.0,CA969303
CA-052,A-Frame Dam,CA,Pacific lamprey,absent,,absent,0.0,0.0,CA969303
CA-052,A-Frame Dam,CA,Coastal cutthroat trout,absent,,absent,0.0,0.0,CA969303
CA-052,A-Frame Dam,CA,Chum salmon,absent,,absent,,,CA969303
CA-052,A-Frame Dam,CA,Sockeye salmon,absent,,absent,,,CA969303
CA-052,A-Frame Dam,CA,Pink salmon,absent,,absent,,,CA969303
CA-052,A-Frame Dam,CA,Bull trout,absent,,absent,,,CA969303
CA-052,A-Frame Dam,CA,Redband trout,absent,,absent,0.0,0.0,CA969303
CA-053,East Panther Creek Dam,CA,Chinook salmon,absent,,absent,0.0,0.0,CA625817
CA-053,East Panther Creek Dam,CA,Coho salmon,absent,,absent,0.0,0.0,CA625817
CA-053,East Panther Creek Dam,CA,Steelhead,absent,,absent,0.0,0.0,CA625817
CA-053,East Panther Creek Dam,CA,Pacific lamprey,absent,,absent,0.0,0.0,CA625817
CA-053,East Panther Creek Dam,CA,Coastal cutthroat trout,absent,,absent,0.0,0.0,CA625817
CA-053,East Panther Creek Dam,CA,Chum salmon,absent,,absent,,,CA625817
CA-053,East Panther Creek Dam,CA,Sockeye salmon,absent,,absent,,,CA625817
CA-053,East Panther Creek Dam,CA,Pink salmon,absent,,absent,,,CA625817
CA-053,East Panther Creek Dam,CA,Bull trout,absent,,absent,,,CA625817
CA-053,East Panther Creek Dam,CA,Redband trout,absent,,absent,0.0,0.0,CA625817
CA-054,Cascade Diversion Dam,CA,Chinook salmon,absent,,absent,0.0,0.0,CA625818
CA-054,Cascade Diversion Dam,CA,Coho salmon,absent,,absent,0.0,0.0,CA625818
CA-054,Cascade Diversion Dam,CA,Steelhead,absent,,absent,0.0,0.0,CA625818
CA-054,Cascade Diversion Dam,CA,Pacific lamprey,absent,,absent,0.0,0.0,CA625818
CA-054,Cascade Diversion Dam,CA,Coastal cutthroat trout,absent,,absent,0.0,0.0,CA625818
CA-054,Cascade Diversion Dam,CA,Chum salmon,absent,,absent,,,CA625818
CA-054,Cascade Diversion Dam,CA,Sockeye salmon,absent,,absent,,,CA625818
CA-054,Cascade Diversion Dam,CA,Pink salmon,absent,,absent,,,CA625818
CA-054,Cascade Diversion Dam,CA,Bull trout,absent,,absent,,,CA625818
CA-054,Cascade Diversion Dam,CA,Redband trout,absent,,absent,0.0,0.0,CA625818
CA-055,Murphy Creek Dam (Sparrow Dam),CA,Chinook salmon,absent,,present,0.0,0.0,CA625819
CA-055,Murphy Creek Dam (Sparrow Dam),CA,Coho salmon,absent,,absent,0.0,0.0,CA625819
CA-055,Murphy Creek Dam (Sparrow Dam),CA,Steelhead,absent,,present,0.0,0.0,CA625819
CA-055,Murphy Creek Dam (Sparrow Dam),CA,Pacific lamprey,absent,,absent,0.0,0.0,CA625819
CA-055,Murphy Creek Dam (Sparrow Dam),CA,Coastal cutthroat trout,absent,,absent,0.0,0.0,CA625819
CA-055,Murphy Creek Dam (Sparrow Dam),CA,Chum salmon,absent,,absent,,,CA625819
CA-055,Murphy Creek Dam (Sparrow Dam),CA,Sockeye salmon,absent,,absent,,,CA625819
CA-055,Murphy Creek Dam (Sparrow Dam),CA,Pink salmon,absent,,absent,,,CA625819
CA-055,Murphy Creek Dam (Sparrow Dam),CA,Bull trout,absent,,absent,,,CA625819
CA-055,Murphy Creek Dam (Sparrow Dam),CA,Redband trout,absent,,absent,0.0,0.0,CA625819
CA-056,Mumford Dam,CA,Chinook salmon,absent,,present,0.0,0.0,CA97269
CA-056,Mumford Dam,CA,Coho salmon,absent,,absent,0.0,0.0,CA97269
CA-056,Mumford Dam,CA,Steelhead,absent,,present,0.0,0.0,CA97269
CA-056,Mumford Dam,CA,Pacific lamprey,absent,,absent,0.0,0.0,CA97269
CA-056,Mumford Dam,CA,Coastal cutthroat trout,absent,,absent,0.0,0.0,CA97269
CA-056,Mumford Dam,CA,Chum salmon,absent,,absent,,,CA97269
CA-056,Mumford Dam,CA,Sockeye salmon,absent,,absent,,,CA97269
CA-056,Mumford Dam,CA,Pink salmon,absent,,absent,,,CA97269
CA-056,Mumford Dam,CA,Bull trout,absent,,absent,,,CA97269
CA-056,Mumford Dam,CA,Redband trout,absent,,absent,0.0,0.0,CA97269
CA-057,Haypress Pond Dam,CA,Chinook salmon,absent,,absent,0.0,0.0,CA625820
CA-057,Haypress Pond Dam,CA,Coho salmon,absent,,absent,0.0,0.0,CA625820
CA-057,Haypress Pond Dam,CA,Steelhead,absent,,absent,0.0,0.0,CA625820
CA-057,Haypress Pond Dam,CA,Pacific lamprey,absent,,absent,0.0,0.0,CA625820
CA-057,Haypress Pond Dam,CA,Coastal cutthroat trout,absent,,absent,0.0,0.0,CA625820
CA-057,Haypress Pond Dam,CA,Chum salmon,absent,,absent,,,CA625820
CA-057,Haypress Pond Dam,CA,Sockeye salmon,absent,,absent,,,CA625820
CA-057,Haypress Pond Dam,CA,Pink salmon,absent,,absent,,,CA625820
CA-057,Haypress Pond Dam,CA,Bull trout,absent,,absent,,,CA625820
CA-057,Haypress Pond Dam,CA,Redband trout,absent,,absent,0.0,0.0,CA625820
CA-058,West Panther Creek Dam,CA,Chinook salmon,absent,,absent,0.0,0.0,CA625821
CA-058,West Panther Creek Dam,CA,Coho salmon,absent,,absent,0.0,0.0,CA625821
CA-058,West Panther Creek Dam,CA,Steelhead,absent,,absent,0.0,0.0,CA625821
CA-058,West Panther Creek Dam,CA,Pacific lamprey,absent,,absent,0.0,0.0,CA625821
CA-058,West Panther Creek Dam,CA,Coastal cutthroat trout,absent,,absent,0.0,0.0,CA625821
CA-058,West Panther Creek Dam,CA,Chum salmon,absent,,absent,,,CA625821
CA-058,West Panther Creek Dam,CA,Sockeye salmon,absent,,absent,,,CA625821
CA-058,West Panther Creek Dam,CA,Pink salmon,absent,,absent,,,CA625821
CA-058,West Panther Creek Dam,CA,Bull trout,absent,,absent,,,CA625821
CA-058,West Panther Creek Dam,CA,Redband trout,absent,,absent,0.0,0.0,CA625821
CA-059,York Creek Diversion Structure,CA,Chinook salmon,absent,,absent,0.0,0.0,CA91693
CA-059,York Creek Diversion Structure,CA,Coho salmon,absent,,absent,0.0,0.0,CA91693
CA-059,York Creek Diversion Structure,CA,Steelhead,absent,,present,0.0,0.0,CA91693
CA-059,York Creek Diversion Structure,CA,Pacific lamprey,absent,,absent,0.0,0.0,CA91693
CA-059,York Creek Diversion Structure,CA,Coastal cutthroat trout,absent,,absent,0.0,0.0,CA91693
CA-059,York Creek Diversion Structure,CA,Chum salmon,absent,,absent,,,CA91693
CA-059,York Creek Diversion Structure,CA,Sockeye salmon,absent,,absent,,,CA91693
CA-059,York Creek Diversion Structure,CA,Pink salmon,absent,,absent,,,CA91693
CA-059,York Creek Diversion Structure,CA,Bull trout,absent,,absent,,,CA91693
CA-059,York Creek Diversion Structure,CA,Redband trout,absent,,absent,0.0,0.0,CA91693
CA-060,Niles Dam,CA,Chinook salmon,absent,,absent,0.0,0.0,CA91683
CA-060,Niles Dam,CA,Coho salmon,absent,,absent,0.0,0.0,CA91683
CA-060,Niles Dam,CA,Steelhead,absent,,present,0.0,0.0,CA91683
CA-060,Niles Dam,CA,Pacific lamprey,absent,,present,0.0,0.0,CA91683
CA-060,Niles Dam,CA,Coastal cutthroat trout,absent,,absent,0.0,0.0,CA91683
CA-060,Niles Dam,CA,Chum salmon,absent,,absent,,,CA91683
CA-060,Niles Dam,CA,Sockeye salmon,absent,,absent,,,CA91683
CA-060,Niles Dam,CA,Pink salmon,absent,,absent,,,CA91683
CA-060,Niles Dam,CA,Bull trout,absent,,absent,,,CA91683
CA-060,Niles Dam,CA,Redband trout,absent,,absent,0.0,0.0,CA91683
CA-061,Sunol Dam,CA,Chinook salmon,absent,,absent,0.0,0.0,CA91685
CA-061,Sunol Dam,CA,Coho salmon,absent,,absent,0.0,0.0,CA91685
CA-061,Sunol Dam,CA,Steelhead,absent,,present,0.0,0.0,CA91685
CA-061,Sunol Dam,CA,Pacific lamprey,absent,,present,0.0,0.0,CA91685
CA-061,Sunol Dam,CA,Coastal cutthroat trout,absent,,absent,0.0,0.0,CA91685
CA-061,Sunol Dam,CA,Chum salmon,absent,,absent,,,CA91685
CA-061,Sunol Dam,CA,Sockeye salmon,absent,,absent,,,CA91685
CA-061,Sunol Dam,CA,Pink salmon,absent,,absent,,,CA91685
CA-061,Sunol Dam,CA,Bull trout,absent,,absent,,,CA91685
CA-061,Sunol Dam,CA,Redband trout,absent,,absent,0.0,0.0,CA91685
CA-062,Horse Creek Dam,CA,Chinook salmon,absent,,absent,0.0,0.0,CA103828
CA-062,Horse Creek Dam,CA,Coho salmon,absent,,absent,0.0,0.0,CA103828
CA-062,Horse Creek Dam,CA,Steelhead,absent,,present,0.0,0.0,CA103828
CA-062,Horse Creek Dam,CA,Pacific lamprey,absent,,absent,0.0,0.0,CA103828
CA-062,Horse Creek Dam,CA,Coastal cutthroat trout,absent,,absent,0.0,0.0,CA103828
CA-062,Horse Creek Dam,CA,Chum salmon,absent,,absent,,,CA103828
CA-062,Horse Creek Dam,CA,Sockeye salmon,absent,,absent,,,CA103828
CA-062,Horse Creek Dam,CA,Pink salmon,absent,,absent,,,CA103828
CA-062,Horse Creek Dam,CA,Bull trout,absent,,absent,,,CA103828
CA-062,Horse Creek Dam,CA,Redband trout,absent,,absent,0.0,0.0,CA103828
CA-063,Tucker Road Ford,CA,Chinook salmon,absent,,absent,0.0,0.0,CA625822
CA-063,Tucker Road Ford,CA,Coho salmon,absent,,absent,0.0,0.0,CA625822
CA-063,Tucker Road Ford,CA,Steelhead,absent,,present,0.0,0.0,CA625822
CA-063,Tucker Road Ford,CA,Pacific lamprey,absent,,absent,0.0,0.0,CA625822
CA-063,Tucker Road Ford,CA,Coastal cutthroat trout,absent,,absent,0.0,0.0,CA625822
CA-063,Tucker Road Ford,CA,Chum salmon,absent,,absent,,,CA625822
CA-063,Tucker Road Ford,CA,Sockeye salmon,absent,,absent,,,CA625822
CA-063,Tucker Road Ford,CA,Pink salmon,absent,,absent,,,CA625822
CA-063,Tucker Road Ford,CA,Bull trout,absent,,absent,,,CA625822
CA-063,Tucker Road Ford,CA,Redband trout,absent,,absent,0.0,0.0,CA625822
CA-064,Unnamed Dam,CA,Chinook salmon,absent,,absent,0.0,0.0,CA969304
CA-064,Unnamed Dam,CA,Coho salmon,absent,,absent,0.0,0.0,CA969304
CA-064,Unnamed Dam,CA,Steelhead,absent,,absent,0.0,0.0,CA969304
CA-064,Unnamed Dam,CA,Pacific lamprey,absent,,absent,0.0,0.0,CA969304
CA-064,Unnamed Dam,CA,Coastal cutthroat trout,absent,,absent,0.0,0.0,CA969304
CA-064,Unnamed Dam,CA,Chum salmon,absent,,absent,,,CA969304
CA-064,Unnamed Dam,CA,Sockeye salmon,absent,,absent,,,CA969304
CA-064,Unnamed Dam,CA,Pink salmon,absent,,absent,,,CA969304
CA-064,Unnamed Dam,CA,Bull trout,absent,,absent,,,CA969304
CA-064,Unnamed Dam,CA,Redband trout,absent,,absent,0.0,0.0,CA969304
CA-065,Araujo Dam,CA,Chinook salmon,absent,,present,0.0,0.0,CA625845
CA-065,Araujo Dam,CA,Coho salmon,absent,,present,0.0,0.0,CA625845
CA-065,Araujo Dam,CA,Steelhead,absent,,present,0.0,0.0,CA625845
CA-065,Araujo Dam,CA,Pacific lamprey,absent,,present,0.0,0.0,CA625845
CA-065,Araujo Dam,CA,Coastal cutthroat trout,absent,,absent,0.0,0.0,CA625845
CA-065,Araujo Dam,CA,Chum salmon,absent,,absent,,,CA625845
CA-065,Araujo Dam,CA,Sockeye salmon,absent,,absent,,,CA625845
CA-065,Araujo Dam,CA,Pink salmon,absent,,absent,,,CA625845
CA-065,Araujo Dam,CA,Bull trout,absent,,absent,,,CA625845
CA-065,Araujo Dam,CA,Redband trout,absent,,absent,0.0,0.0,CA625845
CA-066,Rooney Bros Dam,CA,Chinook salmon,unlinked,,present,,,
CA-066,Rooney Bros Dam,CA,Coho salmon,unlinked,,absent,,,
CA-066,Rooney Bros Dam,CA,Steelhead,unlinked,,present,,,
CA-066,Rooney Bros Dam,CA,Pacific lamprey,unlinked,,present,,,
CA-066,Rooney Bros Dam,CA,Coastal cutthroat trout,unlinked,,absent,,,
CA-066,Rooney Bros Dam,CA,Chum salmon,unlinked,,absent,,,
CA-066,Rooney Bros Dam,CA,Sockeye salmon,unlinked,,absent,,,
CA-066,Rooney Bros Dam,CA,Pink salmon,unlinked,,absent,,,
CA-066,Rooney Bros Dam,CA,Bull trout,unlinked,,absent,,,
CA-066,Rooney Bros Dam,CA,Redband trout,unlinked,,absent,,,
CA-067,Hall Wines Dam (Dry Creek Dam),CA,Chinook salmon,absent,,absent,0.0,0.0,CA100718
CA-067,Hall Wines Dam (Dry Creek Dam),CA,Coho salmon,absent,,absent,0.0,0.0,CA100718
CA-067,Hall Wines Dam (Dry Creek Dam),CA,Steelhead,absent,,present,0.0,0.0,CA100718
CA-067,Hall Wines Dam (Dry Creek Dam),CA,Pacific lamprey,absent,,absent,0.0,0.0,CA100718
CA-067,Hall Wines Dam (Dry Creek Dam),CA,Coastal cutthroat trout,absent,,absent,0.0,0.0,CA100718
CA-067,Hall Wines Dam (Dry Creek Dam),CA,Chum salmon,absent,,absent,,,CA100718
CA-067,Hall Wines Dam (Dry Creek Dam),CA,Sockeye salmon,absent,,absent,,,CA100718
CA-067,Hall Wines Dam (Dry Creek Dam),CA,Pink salmon,absent,,absent,,,CA100718
CA-067,Hall Wines Dam (Dry Creek Dam),CA,Bull trout,absent,,absent,,,CA100718
CA-067,Hall Wines Dam (Dry Creek Dam),CA,Redband trout,absent,,absent,0.0,0.0,CA100718
CA-068,East Mill Creek Dam,CA,Chinook salmon,absent,,absent,0.0,0.0,CA98210
CA-068,East Mill Creek Dam,CA,Coho salmon,absent,,absent,0.0,0.0,CA98210
CA-068,East Mill Creek Dam,CA,Steelhead,absent,,present,0.0,0.0,CA98210
CA-068,East Mill Creek Dam,CA,Pacific lamprey,absent,,absent,0.0,0.0,CA98210
CA-068,East Mill Creek Dam,CA,Coastal cutthroat trout,absent,,absent,0.0,0.0,CA98210
CA-068,East Mill Creek Dam,CA,Chum salmon,absent,,absent,,,CA98210
CA-068,East Mill Creek Dam,CA,Sockeye salmon,absent,,absent,,,CA98210
CA-068,East Mill Creek Dam,CA,Pink salmon,absent,,absent,,,CA98210
CA-068,East Mill Creek Dam,CA,Bull trout,absent,,absent,,,CA98210
CA-068,East Mill Creek Dam,CA,Redband trout,absent,,absent,0.0,0.0,CA98210
CA-069,White Gulch Dam #1 (Whites Gulch Lower Dam),CA,Chinook salmon,absent,,present,0.0,0.0,CA97540
CA-069,White Gulch Dam #1 (Whites Gulch Lower Dam),CA,Coho salmon,absent,,absent,0.0,0.0,CA97540
CA-069,White Gulch Dam #1 (Whites Gulch Lower Dam),CA,Steelhead,absent,,present,0.0,0.0,CA97540
CA-069,White Gulch Dam #1 (Whites Gulch Lower Dam),CA,Pacific lamprey,absent,,absent,0.0,0.0,CA97540
CA-069,White Gulch Dam #1 (Whites Gulch Lower Dam),CA,Coastal cutthroat trout,absent,,absent,0.0,0.0,CA97540
CA-069,White Gulch Dam #1 (Whites Gulch Lower Dam),CA,Chum salmon,absent,,absent,,,CA97540
CA-069,White Gulch Dam #1 (Whites Gulch Lower Dam),CA,Sockeye salmon,absent,,absent,,,CA97540
CA-069,White Gulch Dam #1 (Whites Gulch Lower Dam),CA,Pink salmon,absent,,absent,,,CA97540
CA-069,White Gulch Dam #1 (Whites Gulch Lower Dam),CA,Bull trout,absent,,absent,,,CA97540
CA-069,White Gulch Dam #1 (Whites Gulch Lower Dam),CA,Redband trout,absent,,absent,0.0,0.0,CA97540
CA-070,Wildcat Dam,CA,Chinook salmon,absent,,present,0.0,0.0,CA102849
CA-070,Wildcat Dam,CA,Coho salmon,absent,,absent,0.0,0.0,CA102849
CA-070,Wildcat Dam,CA,Steelhead,absent,,present,0.0,0.0,CA102849
CA-070,Wildcat Dam,CA,Pacific lamprey,absent,,present,0.0,0.0,CA102849
CA-070,Wildcat Dam,CA,Coastal cutthroat trout,absent,,absent,0.0,0.0,CA102849
CA-070,Wildcat Dam,CA,Chum salmon,absent,,absent,,,CA102849
CA-070,Wildcat Dam,CA,Sockeye salmon,absent,,absent,,,CA102849
CA-070,Wildcat Dam,CA,Pink salmon,absent,,absent,,,CA102849
CA-070,Wildcat Dam,CA,Bull trout,absent,,absent,,,CA102849
CA-070,Wildcat Dam,CA,Redband trout,absent,,absent,0.0,0.0,CA102849
CA-071,Percolation Dam,CA,Chinook salmon,absent,,present,0.0,0.0,CA96118
CA-071,Percolation Dam,CA,Coho salmon,absent,,absent,0.0,0.0,CA96118
CA-071,Percolation Dam,CA,Steelhead,absent,,present,0.0,0.0,CA96118
CA-071,Percolation Dam,CA,Pacific lamprey,absent,,present,0.0,0.0,CA96118
CA-071,Percolation Dam,CA,Coastal cutthroat trout,absent,,absent,0.0,0.0,CA96118
CA-071,Percolation Dam,CA,Chum salmon,absent,,absent,,,CA96118
CA-071,Percolation Dam,CA,Sockeye salmon,absent,,absent,,,CA96118
CA-071,Percolation Dam,CA,Pink salmon,absent,,absent,,,CA96118
CA-071,Percolation Dam,CA,Bull trout,absent,,absent,,,CA96118
CA-071,Percolation Dam,CA,Redband trout,absent,,absent,0.0,0.0,CA96118
CA-072,Shasta River Water Association Diversion Dam,CA,Chinook salmon,absent,,absent,0.0,0.0,CA625823
CA-072,Shasta River Water Association Diversion Dam,CA,Coho salmon,absent,,absent,0.0,0.0,CA625823
CA-072,Shasta River Water Association Diversion Dam,CA,Steelhead,absent,,absent,0.0,0.0,CA625823
CA-072,Shasta River Water Association Diversion Dam,CA,Pacific lamprey,absent,,absent,0.0,0.0,CA625823
CA-072,Shasta River Water Association Diversion Dam,CA,Coastal cutthroat trout,absent,,absent,0.0,0.0,CA625823
CA-072,Shasta River Water Association Diversion Dam,CA,Chum salmon,absent,,absent,,,CA625823
CA-072,Shasta River Water Association Diversion Dam,CA,Sockeye salmon,absent,,absent,,,CA625823
CA-072,Shasta River Water Association Diversion Dam,CA,Pink salmon,absent,,absent,,,CA625823
CA-072,Shasta River Water Association Diversion Dam,CA,Bull trout,absent,,absent,,,CA625823
CA-072,Shasta River Water Association Diversion Dam,CA,Redband trout,absent,,absent,0.0,0.0,CA625823
CA-073,Camp Meeker Dam,CA,Chinook salmon,absent,,absent,0.0,0.0,CA98182
CA-073,Camp Meeker Dam,CA,Coho salmon,absent,,present,0.0,0.0,CA98182
CA-073,Camp Meeker Dam,CA,Steelhead,absent,,present,0.0,0.0,CA98182
CA-073,Camp Meeker Dam,CA,Pacific lamprey,absent,,absent,0.0,0.0,CA98182
CA-073,Camp Meeker Dam,CA,Coastal cutthroat trout,absent,,absent,0.0,0.0,CA98182
CA-073,Camp Meeker Dam,CA,Chum salmon,absent,,absent,,,CA98182
CA-073,Camp Meeker Dam,CA,Sockeye salmon,absent,,absent,,,CA98182
CA-073,Camp Meeker Dam,CA,Pink salmon,absent,,absent,,,CA98182
CA-073,Camp Meeker Dam,CA,Bull trout,absent,,absent,,,CA98182
CA-073,Camp Meeker Dam,CA,Redband trout,absent,,absent,0.0,0.0,CA98182
CA-074,Waterman Dam,CA,Chinook salmon,absent,,absent,0.0,0.0,CA100209
CA-074,Waterman Dam,CA,Coho salmon,absent,,absent,0.0,0.0,CA100209
CA-074,Waterman Dam,CA,Steelhead,absent,,present,0.0,0.0,CA100209
CA-074,Waterman Dam,CA,Pacific lamprey,absent,,absent,0.0,0.0,CA100209
CA-074,Waterman Dam,CA,Coastal cutthroat trout,absent,,absent,0.0,0.0,CA100209
CA-074,Waterman Dam,CA,Chum salmon,absent,,absent,,,CA100209
CA-074,Waterman Dam,CA,Sockeye salmon,absent,,absent,,,CA100209
CA-074,Waterman Dam,CA,Pink salmon,absent,,absent,,,CA100209
CA-074,Waterman Dam,CA,Bull trout,absent,,absent,,,CA100209
CA-074,Waterman Dam,CA,Redband trout,absent,,absent,0.0,0.0,CA100209
CA-075,Glenbrook Gulch Dam,CA,Chinook salmon,absent,,absent,0.0,0.0,CA104084
CA-075,Glenbrook Gulch Dam,CA,Coho salmon,absent,,present,0.0,0.0,CA104084
CA-075,Glenbrook Gulch Dam,CA,Steelhead,absent,,absent,0.0,0.0,CA104084
CA-075,Glenbrook Gulch Dam,CA,Pacific lamprey,absent,,absent,0.0,0.0,CA104084
CA-075,Glenbrook Gulch Dam,CA,Coastal cutthroat trout,absent,,absent,0.0,0.0,CA104084
CA-075,Glenbrook Gulch Dam,CA,Chum salmon,absent,,absent,,,CA104084
CA-075,Glenbrook Gulch Dam,CA,Sockeye salmon,absent,,absent,,,CA104084
CA-075,Glenbrook Gulch Dam,CA,Pink salmon,absent,,absent,,,CA104084
CA-075,Glenbrook Gulch Dam,CA,Bull trout,absent,,absent,,,CA104084
CA-075,Glenbrook Gulch Dam,CA,Redband trout,absent,,absent,0.0,0.0,CA104084
CA-076,Fife Creek Check Dam ,CA,Chinook salmon,absent,,absent,0.0,0.0,CA103515
CA-076,Fife Creek Check Dam ,CA,Coho salmon,absent,,absent,0.0,0.0,CA103515
CA-076,Fife Creek Check Dam ,CA,Steelhead,absent,,present,0.0,0.0,CA103515
CA-076,Fife Creek Check Dam ,CA,Pacific lamprey,absent,,absent,0.0,0.0,CA103515
CA-076,Fife Creek Check Dam ,CA,Coastal cutthroat trout,absent,,absent,0.0,0.0,CA103515
CA-076,Fife Creek Check Dam ,CA,Chum salmon,absent,,absent,,,CA103515
CA-076,Fife Creek Check Dam ,CA,Sockeye salmon,absent,,absent,,,CA103515
CA-076,Fife Creek Check Dam ,CA,Pink salmon,absent,,absent,,,CA103515
CA-076,Fife Creek Check Dam ,CA,Bull trout,absent,,absent,,,CA103515
CA-076,Fife Creek Check Dam ,CA,Redband trout,absent,,absent,0.0,0.0,CA103515
CA-077,Ojai Valley Trail Ford,CA,Chinook salmon,absent,,absent,0.0,0.0,CA625827
CA-077,Ojai Valley Trail Ford,CA,Coho salmon,absent,,absent,0.0,0.0,CA625827
CA-077,Ojai Valley Trail Ford,CA,Steelhead,absent,,present,0.0,0.0,CA625827
CA-077,Ojai Valley Trail Ford,CA,Pacific lamprey,absent,,present,0.0,0.0,CA625827
CA-077,Ojai Valley Trail Ford,CA,Coastal cutthroat trout,absent,,absent,0.0,0.0,CA625827
CA-077,Ojai Valley Trail Ford,CA,Chum salmon,absent,,absent,,,CA625827
CA-077,Ojai Valley Trail Ford,CA,Sockeye salmon,absent,,absent,,,CA625827
CA-077,Ojai Valley Trail Ford,CA,Pink salmon,absent,,absent,,,CA625827
CA-077,Ojai Valley Trail Ford,CA,Bull trout,absent,,absent,,,CA625827
CA-077,Ojai Valley Trail Ford,CA,Redband trout,absent,,absent,0.0,0.0,CA625827
CA-078,Camp Nine Dam,CA,Chinook salmon,absent,,absent,0.0,0.0,CA102332
CA-078,Camp Nine Dam,CA,Coho salmon,absent,,absent,0.0,0.0,CA102332
CA-078,Camp Nine Dam,CA,Steelhead,absent,,absent,0.0,0.0,CA102332
CA-078,Camp Nine Dam,CA,Pacific lamprey,absent,,absent,0.0,0.0,CA102332
CA-078,Camp Nine Dam,CA,Coastal cutthroat trout,absent,,absent,0.0,0.0,CA102332
CA-078,Camp Nine Dam,CA,Chum salmon,absent,,absent,,,CA102332
CA-078,Camp Nine Dam,CA,Sockeye salmon,absent,,absent,,,CA102332
CA-078,Camp Nine Dam,CA,Pink salmon,absent,,absent,,,CA102332
CA-078,Camp Nine Dam,CA,Bull trout,absent,,absent,,,CA102332
CA-078,Camp Nine Dam,CA,Redband trout,absent,,absent,0.0,0.0,CA102332
CA-079,Hostler Creek Dam ,CA,Chinook salmon,absent,,present,0.0,0.0,CA99348
CA-079,Hostler Creek Dam ,CA,Coho salmon,absent,,absent,0.0,0.0,CA99348
CA-079,Hostler Creek Dam ,CA,Steelhead,absent,,absent,0.0,0.0,CA99348
CA-079,Hostler Creek Dam ,CA,Pacific lamprey,absent,,absent,0.0,0.0,CA99348
CA-079,Hostler Creek Dam ,CA,Coastal cutthroat trout,present,downstream only,absent,0.0,68.388,CA99348
CA-079,Hostler Creek Dam ,CA,Chum salmon,absent,,absent,,,CA99348
CA-079,Hostler Creek Dam ,CA,Sockeye salmon,absent,,absent,,,CA99348
CA-079,Hostler Creek Dam ,CA,Pink salmon,absent,,absent,,,CA99348
CA-079,Hostler Creek Dam ,CA,Bull trout,absent,,absent,,,CA99348
CA-079,Hostler Creek Dam ,CA,Redband trout,absent,,absent,0.0,0.0,CA99348
CA-080,Bear Creek Dam #3,CA,Chinook salmon,absent,,absent,0.0,0.0,CA96659
CA-080,Bear Creek Dam #3,CA,Coho salmon,absent,,absent,0.0,0.0,CA96659
CA-080,Bear Creek Dam #3,CA,Steelhead,absent,,present,0.0,0.0,CA96659
CA-080,Bear Creek Dam #3,CA,Pacific lamprey,absent,,absent,0.0,0.0,CA96659
CA-080,Bear Creek Dam #3,CA,Coastal cutthroat trout,absent,,absent,0.0,0.0,CA96659
CA-080,Bear Creek Dam #3,CA,Chum salmon,absent,,absent,,,CA96659
CA-080,Bear Creek Dam #3,CA,Sockeye salmon,absent,,absent,,,CA96659
CA-080,Bear Creek Dam #3,CA,Pink salmon,absent,,absent,,,CA96659
CA-080,Bear Creek Dam #3,CA,Bull trout,absent,,absent,,,CA96659
CA-080,Bear Creek Dam #3,CA,Redband trout,absent,,absent,0.0,0.0,CA96659
CA-081,Cahill Dam,CA,Chinook salmon,absent,,absent,0.0,0.0,CA97297
CA-081,Cahill Dam,CA,Coho salmon,absent,,absent,0.0,0.0,CA97297
CA-081,Cahill Dam,CA,Steelhead,absent,,present,0.0,0.0,CA97297
CA-081,Cahill Dam,CA,Pacific lamprey,absent,,absent,0.0,0.0,CA97297
CA-081,Cahill Dam,CA,Coastal cutthroat trout,absent,,absent,0.0,0.0,CA97297
CA-081,Cahill Dam,CA,Chum salmon,absent,,absent,,,CA97297
CA-081,Cahill Dam,CA,Sockeye salmon,absent,,absent,,,CA97297
CA-081,Cahill Dam,CA,Pink salmon,absent,,absent,,,CA97297
CA-081,Cahill Dam,CA,Bull trout,absent,,absent,,,CA97297
CA-081,Cahill Dam,CA,Redband trout,absent,,absent,0.0,0.0,CA97297
CA-082,Bonde Weir,CA,Chinook salmon,absent,,absent,0.0,0.0,CA96650
CA-082,Bonde Weir,CA,Coho salmon,absent,,absent,0.0,0.0,CA96650
CA-082,Bonde Weir,CA,Steelhead,absent,,present,0.0,0.0,CA96650
CA-082,Bonde Weir,CA,Pacific lamprey,absent,,present,0.0,0.0,CA96650
CA-082,Bonde Weir,CA,Coastal cutthroat trout,absent,,absent,0.0,0.0,CA96650
CA-082,Bonde Weir,CA,Chum salmon,absent,,absent,,,CA96650
CA-082,Bonde Weir,CA,Sockeye salmon,absent,,absent,,,CA96650
CA-082,Bonde Weir,CA,Pink salmon,absent,,absent,,,CA96650
CA-082,Bonde Weir,CA,Bull trout,absent,,absent,,,CA96650
CA-082,Bonde Weir,CA,Redband trout,absent,,absent,0.0,0.0,CA96650
CA-083,Hammer Diversion Dam,CA,Chinook salmon,absent,,present,0.0,0.0,CA104097
CA-083,Hammer Diversion Dam,CA,Coho salmon,absent,,absent,0.0,0.0,CA104097
CA-083,Hammer Diversion Dam,CA,Steelhead,absent,,present,0.0,0.0,CA104097
CA-083,Hammer Diversion Dam,CA,Pacific lamprey,absent,,present,0.0,0.0,CA104097
CA-083,Hammer Diversion Dam,CA,Coastal cutthroat trout,absent,,absent,0.0,0.0,CA104097
CA-083,Hammer Diversion Dam,CA,Chum salmon,absent,,absent,,,CA104097
CA-083,Hammer Diversion Dam,CA,Sockeye salmon,absent,,absent,,,CA104097
CA-083,Hammer Diversion Dam,CA,Pink salmon,absent,,absent,,,CA104097
CA-083,Hammer Diversion Dam,CA,Bull trout,absent,,absent,,,CA104097
CA-083,Hammer Diversion Dam,CA,Redband trout,absent,,absent,0.0,0.0,CA104097
CA-084,HJFD10,CA,Chinook salmon,absent,,absent,0.0,0.0,CA104167
CA-084,HJFD10,CA,Coho salmon,absent,,absent,0.0,0.0,CA104167
CA-084,HJFD10,CA,Steelhead,absent,,absent,0.0,0.0,CA104167
CA-084,HJFD10,CA,Pacific lamprey,absent,,absent,0.0,0.0,CA104167
CA-084,HJFD10,CA,Coastal cutthroat trout,absent,,absent,0.0,0.0,CA104167
CA-084,HJFD10,CA,Chum salmon,absent,,absent,,,CA104167
CA-084,HJFD10,CA,Sockeye salmon,absent,,absent,,,CA104167
CA-084,HJFD10,CA,Pink salmon,absent,,absent,,,CA104167
CA-084,HJFD10,CA,Bull trout,absent,,absent,,,CA104167
CA-084,HJFD10,CA,Redband trout,absent,,absent,0.0,0.0,CA104167
CA-085,HJFD6,CA,Chinook salmon,absent,,absent,0.0,0.0,CA104165
CA-085,HJFD6,CA,Coho salmon,absent,,absent,0.0,0.0,CA104165
CA-085,HJFD6,CA,Steelhead,absent,,absent,0.0,0.0,CA104165
CA-085,HJFD6,CA,Pacific lamprey,absent,,absent,0.0,0.0,CA104165
CA-085,HJFD6,CA,Coastal cutthroat trout,absent,,absent,0.0,0.0,CA104165
CA-085,HJFD6,CA,Chum salmon,absent,,absent,,,CA104165
CA-085,HJFD6,CA,Sockeye salmon,absent,,absent,,,CA104165
CA-085,HJFD6,CA,Pink salmon,absent,,absent,,,CA104165
CA-085,HJFD6,CA,Bull trout,absent,,absent,,,CA104165
CA-085,HJFD6,CA,Redband trout,absent,,absent,0.0,0.0,CA104165
CA-086,HJFD7,CA,Chinook salmon,absent,,absent,0.0,0.0,CA104165
CA-086,HJFD7,CA,Coho salmon,absent,,absent,0.0,0.0,CA104165
CA-086,HJFD7,CA,Steelhead,absent,,absent,0.0,0.0,CA104165
CA-086,HJFD7,CA,Pacific lamprey,absent,,absent,0.0,0.0,CA104165
CA-086,HJFD7,CA,Coastal cutthroat trout,absent,,absent,0.0,0.0,CA104165
CA-086,HJFD7,CA,Chum salmon,absent,,absent,,,CA104165
CA-086,HJFD7,CA,Sockeye salmon,absent,,absent,,,CA104165
CA-086,HJFD7,CA,Pink salmon,absent,,absent,,,CA104165
CA-086,HJFD7,CA,Bull trout,absent,,absent,,,CA104165
CA-086,HJFD7,CA,Redband trout,absent,,absent,0.0,0.0,CA104165
CA-087,HJFD8,CA,Chinook salmon,absent,,absent,0.0,0.0,CA104166
CA-087,HJFD8,CA,Coho salmon,absent,,absent,0.0,0.0,CA104166
CA-087,HJFD8,CA,Steelhead,absent,,absent,0.0,0.0,CA104166
CA-087,HJFD8,CA,Pacific lamprey,absent,,absent,0.0,0.0,CA104166
CA-087,HJFD8,CA,Coastal cutthroat trout,absent,,absent,0.0,0.0,CA104166
CA-087,HJFD8,CA,Chum salmon,absent,,absent,,,CA104166
CA-087,HJFD8,CA,Sockeye salmon,absent,,absent,,,CA104166
CA-087,HJFD8,CA,Pink salmon,absent,,absent,,,CA104166
CA-087,HJFD8,CA,Bull trout,absent,,absent,,,CA104166
CA-087,HJFD8,CA,Redband trout,absent,,absent,0.0,0.0,CA104166
CA-088,HJFD9,CA,Chinook salmon,absent,,absent,0.0,0.0,CA104167
CA-088,HJFD9,CA,Coho salmon,absent,,absent,0.0,0.0,CA104167
CA-088,HJFD9,CA,Steelhead,absent,,absent,0.0,0.0,CA104167
CA-088,HJFD9,CA,Pacific lamprey,absent,,absent,0.0,0.0,CA104167
CA-088,HJFD9,CA,Coastal cutthroat trout,absent,,absent,0.0,0.0,CA104167
CA-088,HJFD9,CA,Chum salmon,absent,,absent,,,CA104167
CA-088,HJFD9,CA,Sockeye salmon,absent,,absent,,,CA104167
CA-088,HJFD9,CA,Pink salmon,absent,,absent,,,CA104167
CA-088,HJFD9,CA,Bull trout,absent,,absent,,,CA104167
CA-088,HJFD9,CA,Redband trout,absent,,absent,0.0,0.0,CA104167
CA-089,Lion Creek Diversion Dam,CA,Chinook salmon,absent,,absent,0.0,0.0,CA98389
CA-089,Lion Creek Diversion Dam,CA,Coho salmon,absent,,absent,0.0,0.0,CA98389
CA-089,Lion Creek Diversion Dam,CA,Steelhead,absent,,present,0.0,0.0,CA98389
CA-089,Lion Creek Diversion Dam,CA,Pacific lamprey,absent,,absent,0.0,0.0,CA98389
CA-089,Lion Creek Diversion Dam,CA,Coastal cutthroat trout,absent,,absent,0.0,0.0,CA98389
CA-089,Lion Creek Diversion Dam,CA,Chum salmon,absent,,absent,,,CA98389
CA-089,Lion Creek Diversion Dam,CA,Sockeye salmon,absent,,absent,,,CA98389
CA-089,Lion Creek Diversion Dam,CA,Pink salmon,absent,,absent,,,CA98389
CA-089,Lion Creek Diversion Dam,CA,Bull trout,absent,,absent,,,CA98389
CA-089,Lion Creek Diversion Dam,CA,Redband trout,absent,,absent,0.0,0.0,CA98389
CA-090,TCFD10,CA,Chinook salmon,absent,,absent,0.0,0.0,CA104126
CA-090,TCFD10,CA,Coho salmon,absent,,absent,0.0,0.0,CA104126
CA-090,TCFD10,CA,Steelhead,absent,,absent,0.0,0.0,CA104126
CA-090,TCFD10,CA,Pacific lamprey,absent,,absent,0.0,0.0,CA104126
CA-090,TCFD10,CA,Coastal cutthroat trout,absent,,absent,0.0,0.0,CA104126
CA-090,TCFD10,CA,Chum salmon,absent,,absent,,,CA104126
CA-090,TCFD10,CA,Sockeye salmon,absent,,absent,,,CA104126
CA-090,TCFD10,CA,Pink salmon,absent,,absent,,,CA104126
CA-090,TCFD10,CA,Bull trout,absent,,absent,,,CA104126
CA-090,TCFD10,CA,Redband trout,absent,,absent,0.0,0.0,CA104126
CA-092,TCFD7,CA,Chinook salmon,absent,,absent,0.0,0.0,CA104051
CA-092,TCFD7,CA,Coho salmon,absent,,absent,0.0,0.0,CA104051
CA-092,TCFD7,CA,Steelhead,absent,,absent,0.0,0.0,CA104051
CA-092,TCFD7,CA,Pacific lamprey,absent,,absent,0.0,0.0,CA104051
CA-092,TCFD7,CA,Coastal cutthroat trout,absent,,absent,0.0,0.0,CA104051
CA-092,TCFD7,CA,Chum salmon,absent,,absent,,,CA104051
CA-092,TCFD7,CA,Sockeye salmon,absent,,absent,,,CA104051
CA-092,TCFD7,CA,Pink salmon,absent,,absent,,,CA104051
CA-092,TCFD7,CA,Bull trout,absent,,absent,,,CA104051
CA-092,TCFD7,CA,Redband trout,absent,,absent,0.0,0.0,CA104051
CA-093,TCFD9,CA,Chinook salmon,absent,,absent,0.0,0.0,CA104126
CA-093,TCFD9,CA,Coho salmon,absent,,absent,0.0,0.0,CA104126
CA-093,TCFD9,CA,Steelhead,absent,,absent,0.0,0.0,CA104126
CA-093,TCFD9,CA,Pacific lamprey,absent,,absent,0.0,0.0,CA104126
CA-093,TCFD9,CA,Coastal cutthroat trout,absent,,absent,0.0,0.0,CA104126
CA-093,TCFD9,CA,Chum salmon,absent,,absent,,,CA104126
CA-093,TCFD9,CA,Sockeye salmon,absent,,absent,,,CA104126
CA-093,TCFD9,CA,Pink salmon,absent,,absent,,,CA104126
CA-093,TCFD9,CA,Bull trout,absent,,absent,,,CA104126
CA-093,TCFD9,CA,Redband trout,absent,,absent,0.0,0.0,CA104126
CA-094,Unknown Dam,CA,Chinook salmon,absent,,absent,0.0,0.0,CA103985
CA-094,Unknown Dam,CA,Coho salmon,absent,,present,0.0,0.0,CA103985
CA-094,Unknown Dam,CA,Steelhead,absent,,present,0.0,0.0,CA103985
CA-094,Unknown Dam,CA,Pacific lamprey,absent,,absent,0.0,0.0,CA103985
CA-094,Unknown Dam,CA,Coastal cutthroat trout,absent,,absent,0.0,0.0,CA103985
CA-094,Unknown Dam,CA,Chum salmon,absent,,absent,,,CA103985
CA-094,Unknown Dam,CA,Sockeye salmon,absent,,absent,,,CA103985
CA-094,Unknown Dam,CA,Pink salmon,absent,,absent,,,CA103985
CA-094,Unknown Dam,CA,Bull trout,absent,,absent,,,CA103985
CA-094,Unknown Dam,CA,Redband trout,absent,,absent,0.0,0.0,CA103985
CA-095,Whites Gulch Upper Dam,CA,Chinook salmon,absent,,present,0.0,0.0,CA97541
CA-095,Whites Gulch Upper Dam,CA,Coho salmon,absent,,absent,0.0,0.0,CA97541
CA-095,Whites Gulch Upper Dam,CA,Steelhead,absent,,present,0.0,0.0,CA97541
CA-095,Whites Gulch Upper Dam,CA,Pacific lamprey,absent,,absent,0.0,0.0,CA97541
CA-095,Whites Gulch Upper Dam,CA,Coastal cutthroat trout,absent,,absent,0.0,0.0,CA97541
CA-095,Whites Gulch Upper Dam,CA,Chum salmon,absent,,absent,,,CA97541
CA-095,Whites Gulch Upper Dam,CA,Sockeye salmon,absent,,absent,,,CA97541
CA-095,Whites Gulch Upper Dam,CA,Pink salmon,absent,,absent,,,CA97541
CA-095,Whites Gulch Upper Dam,CA,Bull trout,absent,,absent,,,CA97541
CA-095,Whites Gulch Upper Dam,CA,Redband trout,absent,,absent,0.0,0.0,CA97541
CA-096,Memorial Park Dam,CA,Chinook salmon,absent,,absent,0.0,0.0,CA100200
CA-096,Memorial Park Dam,CA,Coho salmon,absent,,present,0.0,0.0,CA100200
CA-096,Memorial Park Dam,CA,Steelhead,absent,,present,0.0,0.0,CA100200
CA-096,Memorial Park Dam,CA,Pacific lamprey,absent,,present,0.0,0.0,CA100200
CA-096,Memorial Park Dam,CA,Coastal cutthroat trout,absent,,absent,0.0,0.0,CA100200
CA-096,Memorial Park Dam,CA,Chum salmon,absent,,absent,,,CA100200
CA-096,Memorial Park Dam,CA,Sockeye salmon,absent,,absent,,,CA100200
CA-096,Memorial Park Dam,CA,Pink salmon,absent,,absent,,,CA100200
CA-096,Memorial Park Dam,CA,Bull trout,absent,,absent,,,CA100200
CA-096,Memorial Park Dam,CA,Redband trout,absent,,absent,0.0,0.0,CA100200
CA-097,San Clemente Dam,CA,Chinook salmon,absent,,absent,0.0,0.0,CA101476
CA-097,San Clemente Dam,CA,Coho salmon,absent,,absent,0.0,0.0,CA101476
CA-097,San Clemente Dam,CA,Steelhead,absent,,present,0.0,0.0,CA101476
CA-097,San Clemente Dam,CA,Pacific lamprey,absent,,present,0.0,0.0,CA101476
CA-097,San Clemente Dam,CA,Coastal cutthroat trout,absent,,absent,0.0,0.0,CA101476
CA-097,San Clemente Dam,CA,Chum salmon,absent,,absent,,,CA101476
CA-097,San Clemente Dam,CA,Sockeye salmon,absent,,absent,,,CA101476
CA-097,San Clemente Dam,CA,Pink salmon,absent,,absent,,,CA101476
CA-097,San Clemente Dam,CA,Bull trout,absent,,absent,,,CA101476
CA-097,San Clemente Dam,CA,Redband trout,absent,,absent,0.0,0.0,CA101476
CA-098,Maria Ygnacio Aijian Barrier,CA,Chinook salmon,absent,,absent,0.0,0.0,CA625824
CA-098,Maria Ygnacio Aijian Barrier,CA,Coho salmon,absent,,absent,0.0,0.0,CA625824
CA-098,Maria Ygnacio Aijian Barrier,CA,Steelhead,absent,,present,0.0,0.0,CA625824
CA-098,Maria Ygnacio Aijian Barrier,CA,Pacific lamprey,absent,,absent,0.0,0.0,CA625824
CA-098,Maria Ygnacio Aijian Barrier,CA,Coastal cutthroat trout,absent,,absent,0.0,0.0,CA625824
CA-098,Maria Ygnacio Aijian Barrier,CA,Chum salmon,absent,,absent,,,CA625824
CA-098,Maria Ygnacio Aijian Barrier,CA,Sockeye salmon,absent,,absent,,,CA625824
CA-098,Maria Ygnacio Aijian Barrier,CA,Pink salmon,absent,,absent,,,CA625824
CA-098,Maria Ygnacio Aijian Barrier,CA,Bull trout,absent,,absent,,,CA625824
CA-098,Maria Ygnacio Aijian Barrier,CA,Redband trout,absent,,absent,0.0,0.0,CA625824
CA-099,Rodeo Grounds Berm,CA,Chinook salmon,absent,,absent,0.0,0.0,CA625825
CA-099,Rodeo Grounds Berm,CA,Coho salmon,absent,,absent,0.0,0.0,CA625825
CA-099,Rodeo Grounds Berm,CA,Steelhead,absent,,present,0.0,0.0,CA625825
CA-099,Rodeo Grounds Berm,CA,Pacific lamprey,absent,,absent,0.0,0.0,CA625825
CA-099,Rodeo Grounds Berm,CA,Coastal cutthroat trout,absent,,absent,0.0,0.0,CA625825
CA-099,Rodeo Grounds Berm,CA,Chum salmon,absent,,absent,,,CA625825
CA-099,Rodeo Grounds Berm,CA,Sockeye salmon,absent,,absent,,,CA625825
CA-099,Rodeo Grounds Berm,CA,Pink salmon,absent,,absent,,,CA625825
CA-099,Rodeo Grounds Berm,CA,Bull trout,absent,,absent,,,CA625825
CA-099,Rodeo Grounds Berm,CA,Redband trout,absent,,absent,0.0,0.0,CA625825
CA-100,Old Carmel River Dam,CA,Chinook salmon,absent,,absent,0.0,0.0,CA97295
CA-100,Old Carmel River Dam,CA,Coho salmon,absent,,absent,0.0,0.0,CA97295
CA-100,Old Carmel River Dam,CA,Steelhead,absent,,present,0.0,0.0,CA97295
CA-100,Old Carmel River Dam,CA,Pacific lamprey,absent,,present,0.0,0.0,CA97295
CA-100,Old Carmel River Dam,CA,Coastal cutthroat trout,absent,,absent,0.0,0.0,CA97295
CA-100,Old Carmel River Dam,CA,Chum salmon,absent,,absent,,,CA97295
CA-100,Old Carmel River Dam,CA,Sockeye salmon,absent,,absent,,,CA97295
CA-100,Old Carmel River Dam,CA,Pink salmon,absent,,absent,,,CA97295
CA-100,Old Carmel River Dam,CA,Bull trout,absent,,absent,,,CA97295
CA-100,Old Carmel River Dam,CA,Redband trout,absent,,absent,0.0,0.0,CA97295
CA-101,Benbow Dam,CA,Chinook salmon,absent,,present,0.0,0.0,CA99380
CA-101,Benbow Dam,CA,Coho salmon,absent,,present,0.0,0.0,CA99380
CA-101,Benbow Dam,CA,Steelhead,absent,,present,0.0,0.0,CA99380
CA-101,Benbow Dam,CA,Pacific lamprey,absent,,present,0.0,0.0,CA99380
CA-101,Benbow Dam,CA,Coastal cutthroat trout,present,downstream only,absent,0.0,78.335,CA99380
CA-101,Benbow Dam,CA,Chum salmon,absent,,absent,,,CA99380
CA-101,Benbow Dam,CA,Sockeye salmon,absent,,absent,,,CA99380
CA-101,Benbow Dam,CA,Pink salmon,absent,,absent,,,CA99380
CA-101,Benbow Dam,CA,Bull trout,absent,,absent,,,CA99380
CA-101,Benbow Dam,CA,Redband trout,absent,,absent,0.0,0.0,CA99380
CA-102,Dream Lake Dam,CA,Chinook salmon,absent,,absent,0.0,0.0,CA625826
CA-102,Dream Lake Dam,CA,Coho salmon,absent,,absent,0.0,0.0,CA625826
CA-102,Dream Lake Dam,CA,Steelhead,absent,,absent,0.0,0.0,CA625826
CA-102,Dream Lake Dam,CA,Pacific lamprey,absent,,absent,0.0,0.0,CA625826
CA-102,Dream Lake Dam,CA,Coastal cutthroat trout,absent,,absent,0.0,0.0,CA625826
CA-102,Dream Lake Dam,CA,Chum salmon,absent,,absent,,,CA625826
CA-102,Dream Lake Dam,CA,Sockeye salmon,absent,,absent,,,CA625826
CA-102,Dream Lake Dam,CA,Pink salmon,absent,,absent,,,CA625826
CA-102,Dream Lake Dam,CA,Bull trout,absent,,absent,,,CA625826
CA-102,Dream Lake Dam,CA,Redband trout,absent,,absent,0.0,0.0,CA625826
CA-103,McGowan Dam,CA,Chinook salmon,absent,,present,0.0,0.0,CA969305
CA-103,McGowan Dam,CA,Coho salmon,absent,,absent,0.0,0.0,CA969305
CA-103,McGowan Dam,CA,Steelhead,absent,,present,0.0,0.0,CA969305
CA-103,McGowan Dam,CA,Pacific lamprey,absent,,present,0.0,0.0,CA969305
CA-103,McGowan Dam,CA,Coastal cutthroat trout,absent,,absent,0.0,0.0,CA969305
CA-103,McGowan Dam,CA,Chum salmon,absent,,absent,,,CA969305
CA-103,McGowan Dam,CA,Sockeye salmon,absent,,absent,,,CA969305
CA-103,McGowan Dam,CA,Pink salmon,absent,,absent,,,CA969305
CA-103,McGowan Dam,CA,Bull trout,absent,,absent,,,CA969305
CA-103,McGowan Dam,CA,Redband trout,absent,,absent,0.0,0.0,CA969305
CA-104,HJFD15,CA,Chinook salmon,absent,,absent,0.0,0.0,CA104174
CA-104,HJFD15,CA,Coho salmon,absent,,absent,0.0,0.0,CA104174
CA-104,HJFD15,CA,Steelhead,absent,,absent,0.0,0.0,CA104174
CA-104,HJFD15,CA,Pacific lamprey,absent,,absent,0.0,0.0,CA104174
CA-104,HJFD15,CA,Coastal cutthroat trout,absent,,absent,0.0,0.0,CA104174
CA-104,HJFD15,CA,Chum salmon,absent,,absent,,,CA104174
CA-104,HJFD15,CA,Sockeye salmon,absent,,absent,,,CA104174
CA-104,HJFD15,CA,Pink salmon,absent,,absent,,,CA104174
CA-104,HJFD15,CA,Bull trout,absent,,absent,,,CA104174
CA-104,HJFD15,CA,Redband trout,absent,,absent,0.0,0.0,CA104174
CA-105,HJFD16,CA,Chinook salmon,absent,,absent,0.0,0.0,CA104175
CA-105,HJFD16,CA,Coho salmon,absent,,absent,0.0,0.0,CA104175
CA-105,HJFD16,CA,Steelhead,absent,,absent,0.0,0.0,CA104175
CA-105,HJFD16,CA,Pacific lamprey,absent,,absent,0.0,0.0,CA104175
CA-105,HJFD16,CA,Coastal cutthroat trout,absent,,absent,0.0,0.0,CA104175
CA-105,HJFD16,CA,Chum salmon,absent,,absent,,,CA104175
CA-105,HJFD16,CA,Sockeye salmon,absent,,absent,,,CA104175
CA-105,HJFD16,CA,Pink salmon,absent,,absent,,,CA104175
CA-105,HJFD16,CA,Bull trout,absent,,absent,,,CA104175
CA-105,HJFD16,CA,Redband trout,absent,,absent,0.0,0.0,CA104175
CA-106,HJFD17,CA,Chinook salmon,unlinked,,absent,,,
CA-106,HJFD17,CA,Coho salmon,unlinked,,absent,,,
CA-106,HJFD17,CA,Steelhead,unlinked,,absent,,,
CA-106,HJFD17,CA,Pacific lamprey,unlinked,,absent,,,
CA-106,HJFD17,CA,Coastal cutthroat trout,unlinked,,absent,,,
CA-106,HJFD17,CA,Chum salmon,unlinked,,absent,,,
CA-106,HJFD17,CA,Sockeye salmon,unlinked,,absent,,,
CA-106,HJFD17,CA,Pink salmon,unlinked,,absent,,,
CA-106,HJFD17,CA,Bull trout,unlinked,,absent,,,
CA-106,HJFD17,CA,Redband trout,unlinked,,absent,,,
CA-107,HJFD18,CA,Chinook salmon,absent,,absent,0.0,0.0,CA104177
CA-107,HJFD18,CA,Coho salmon,absent,,absent,0.0,0.0,CA104177
CA-107,HJFD18,CA,Steelhead,absent,,absent,0.0,0.0,CA104177
CA-107,HJFD18,CA,Pacific lamprey,absent,,absent,0.0,0.0,CA104177
CA-107,HJFD18,CA,Coastal cutthroat trout,absent,,absent,0.0,0.0,CA104177
CA-107,HJFD18,CA,Chum salmon,absent,,absent,,,CA104177
CA-107,HJFD18,CA,Sockeye salmon,absent,,absent,,,CA104177
CA-107,HJFD18,CA,Pink salmon,absent,,absent,,,CA104177
CA-107,HJFD18,CA,Bull trout,absent,,absent,,,CA104177
CA-107,HJFD18,CA,Redband trout,absent,,absent,0.0,0.0,CA104177
CA-108,HJFD19,CA,Chinook salmon,absent,,absent,0.0,0.0,CA104178
CA-108,HJFD19,CA,Coho salmon,absent,,absent,0.0,0.0,CA104178
CA-108,HJFD19,CA,Steelhead,absent,,absent,0.0,0.0,CA104178
CA-108,HJFD19,CA,Pacific lamprey,absent,,absent,0.0,0.0,CA104178
CA-108,HJFD19,CA,Coastal cutthroat trout,absent,,absent,0.0,0.0,CA104178
CA-108,HJFD19,CA,Chum salmon,absent,,absent,,,CA104178
CA-108,HJFD19,CA,Sockeye salmon,absent,,absent,,,CA104178
CA-108,HJFD19,CA,Pink salmon,absent,,absent,,,CA104178
CA-108,HJFD19,CA,Bull trout,absent,,absent,,,CA104178
CA-108,HJFD19,CA,Redband trout,absent,,absent,0.0,0.0,CA104178
CA-109,Milliken Creek Dam,CA,Chinook salmon,absent,,absent,0.0,0.0,CA99022
CA-109,Milliken Creek Dam,CA,Coho salmon,absent,,absent,0.0,0.0,CA99022
CA-109,Milliken Creek Dam,CA,Steelhead,absent,,present,0.0,0.0,CA99022
CA-109,Milliken Creek Dam,CA,Pacific lamprey,absent,,absent,0.0,0.0,CA99022
CA-109,Milliken Creek Dam,CA,Coastal cutthroat trout,absent,,absent,0.0,0.0,CA99022
CA-109,Milliken Creek Dam,CA,Chum salmon,absent,,absent,,,CA99022
CA-109,Milliken Creek Dam,CA,Sockeye salmon,absent,,absent,,,CA99022
CA-109,Milliken Creek Dam,CA,Pink salmon,absent,,absent,,,CA99022
CA-109,Milliken Creek Dam,CA,Bull trout,absent,,absent,,,CA99022
CA-109,Milliken Creek Dam,CA,Redband trout,absent,,absent,0.0,0.0,CA99022
CA-110,SCFD10,CA,Chinook salmon,absent,,absent,0.0,0.0,CA104201
CA-110,SCFD10,CA,Coho salmon,absent,,absent,0.0,0.0,CA104201
CA-110,SCFD10,CA,Steelhead,absent,,absent,0.0,0.0,CA104201
CA-110,SCFD10,CA,Pacific lamprey,absent,,absent,0.0,0.0,CA104201
CA-110,SCFD10,CA,Coastal cutthroat trout,absent,,absent,0.0,0.0,CA104201
CA-110,SCFD10,CA,Chum salmon,absent,,absent,,,CA104201
CA-110,SCFD10,CA,Sockeye salmon,absent,,absent,,,CA104201
CA-110,SCFD10,CA,Pink salmon,absent,,absent,,,CA104201
CA-110,SCFD10,CA,Bull trout,absent,,absent,,,CA104201
CA-110,SCFD10,CA,Redband trout,absent,,absent,0.0,0.0,CA104201
CA-111,SCFD12,CA,Chinook salmon,absent,,absent,0.0,0.0,CA104203
CA-111,SCFD12,CA,Coho salmon,absent,,absent,0.0,0.0,CA104203
CA-111,SCFD12,CA,Steelhead,absent,,absent,0.0,0.0,CA104203
CA-111,SCFD12,CA,Pacific lamprey,absent,,absent,0.0,0.0,CA104203
CA-111,SCFD12,CA,Coastal cutthroat trout,absent,,absent,0.0,0.0,CA104203
CA-111,SCFD12,CA,Chum salmon,absent,,absent,,,CA104203
CA-111,SCFD12,CA,Sockeye salmon,absent,,absent,,,CA104203
CA-111,SCFD12,CA,Pink salmon,absent,,absent,,,CA104203
CA-111,SCFD12,CA,Bull trout,absent,,absent,,,CA104203
CA-111,SCFD12,CA,Redband trout,absent,,absent,0.0,0.0,CA104203
CA-112,SCFD7,CA,Chinook salmon,absent,,absent,0.0,0.0,CA104198
CA-112,SCFD7,CA,Coho salmon,absent,,absent,0.0,0.0,CA104198
CA-112,SCFD7,CA,Steelhead,absent,,absent,0.0,0.0,CA104198
CA-112,SCFD7,CA,Pacific lamprey,absent,,absent,0.0,0.0,CA104198
CA-112,SCFD7,CA,Coastal cutthroat trout,absent,,absent,0.0,0.0,CA104198
CA-112,SCFD7,CA,Chum salmon,absent,,absent,,,CA104198
CA-112,SCFD7,CA,Sockeye salmon,absent,,absent,,,CA104198
CA-112,SCFD7,CA,Pink salmon,absent,,absent,,,CA104198
CA-112,SCFD7,CA,Bull trout,absent,,absent,,,CA104198
CA-112,SCFD7,CA,Redband trout,absent,,absent,0.0,0.0,CA104198
CA-113,SCFD8,CA,Chinook salmon,absent,,absent,0.0,0.0,CA104199
CA-113,SCFD8,CA,Coho salmon,absent,,absent,0.0,0.0,CA104199
CA-113,SCFD8,CA,Steelhead,absent,,absent,0.0,0.0,CA104199
CA-113,SCFD8,CA,Pacific lamprey,absent,,absent,0.0,0.0,CA104199
CA-113,SCFD8,CA,Coastal cutthroat trout,absent,,absent,0.0,0.0,CA104199
CA-113,SCFD8,CA,Chum salmon,absent,,absent,,,CA104199
CA-113,SCFD8,CA,Sockeye salmon,absent,,absent,,,CA104199
CA-113,SCFD8,CA,Pink salmon,absent,,absent,,,CA104199
CA-113,SCFD8,CA,Bull trout,absent,,absent,,,CA104199
CA-113,SCFD8,CA,Redband trout,absent,,absent,0.0,0.0,CA104199
CA-114,Dennett Dam,CA,Chinook salmon,absent,,present,0.0,0.0,CA101213
CA-114,Dennett Dam,CA,Coho salmon,absent,,absent,0.0,0.0,CA101213
CA-114,Dennett Dam,CA,Steelhead,absent,,present,0.0,0.0,CA101213
CA-114,Dennett Dam,CA,Pacific lamprey,absent,,present,0.0,0.0,CA101213
CA-114,Dennett Dam,CA,Coastal cutthroat trout,absent,,absent,0.0,0.0,CA101213
CA-114,Dennett Dam,CA,Chum salmon,absent,,absent,,,CA101213
CA-114,Dennett Dam,CA,Sockeye salmon,absent,,absent,,,CA101213
CA-114,Dennett Dam,CA,Pink salmon,absent,,absent,,,CA101213
CA-114,Dennett Dam,CA,Bull trout,absent,,absent,,,CA101213
CA-114,Dennett Dam,CA,Redband trout,absent,,absent,0.0,0.0,CA101213
CA-115,HJFD1,CA,Chinook salmon,absent,,absent,0.0,0.0,CA104160
CA-115,HJFD1,CA,Coho salmon,absent,,absent,0.0,0.0,CA104160
CA-115,HJFD1,CA,Steelhead,absent,,absent,0.0,0.0,CA104160
CA-115,HJFD1,CA,Pacific lamprey,absent,,absent,0.0,0.0,CA104160
CA-115,HJFD1,CA,Coastal cutthroat trout,absent,,absent,0.0,0.0,CA104160
CA-115,HJFD1,CA,Chum salmon,absent,,absent,,,CA104160
CA-115,HJFD1,CA,Sockeye salmon,absent,,absent,,,CA104160
CA-115,HJFD1,CA,Pink salmon,absent,,absent,,,CA104160
CA-115,HJFD1,CA,Bull trout,absent,,absent,,,CA104160
CA-115,HJFD1,CA,Redband trout,absent,,absent,0.0,0.0,CA104160
CA-116,HJFD11,CA,Chinook salmon,absent,,absent,0.0,0.0,CA104170
CA-116,HJFD11,CA,Coho salmon,absent,,absent,0.0,0.0,CA104170
CA-116,HJFD11,CA,Steelhead,absent,,absent,0.0,0.0,CA104170
CA-116,HJFD11,CA,Pacific lamprey,absent,,absent,0.0,0.0,CA104170
CA-116,HJFD11,CA,Coastal cutthroat trout,absent,,absent,0.0,0.0,CA104170
CA-116,HJFD11,CA,Chum salmon,absent,,absent,,,CA104170
CA-116,HJFD11,CA,Sockeye salmon,absent,,absent,,,CA104170
CA-116,HJFD11,CA,Pink salmon,absent,,absent,,,CA104170
CA-116,HJFD11,CA,Bull trout,absent,,absent,,,CA104170
CA-116,HJFD11,CA,Redband trout,absent,,absent,0.0,0.0,CA104170
CA-117,HJFD2,CA,Chinook salmon,absent,,absent,0.0,0.0,CA104161
CA-117,HJFD2,CA,Coho salmon,absent,,absent,0.0,0.0,CA104161
CA-117,HJFD2,CA,Steelhead,absent,,absent,0.0,0.0,CA104161
CA-117,HJFD2,CA,Pacific lamprey,absent,,absent,0.0,0.0,CA104161
CA-117,HJFD2,CA,Coastal cutthroat trout,absent,,absent,0.0,0.0,CA104161
CA-117,HJFD2,CA,Chum salmon,absent,,absent,,,CA104161
CA-117,HJFD2,CA,Sockeye salmon,absent,,absent,,,CA104161
CA-117,HJFD2,CA,Pink salmon,absent,,absent,,,CA104161
CA-117,HJFD2,CA,Bull trout,absent,,absent,,,CA104161
CA-117,HJFD2,CA,Redband trout,absent,,absent,0.0,0.0,CA104161
CA-118,HJFD21,CA,Chinook salmon,absent,,absent,0.0,0.0,CA104180
CA-118,HJFD21,CA,Coho salmon,absent,,absent,0.0,0.0,CA104180
CA-118,HJFD21,CA,Steelhead,absent,,absent,0.0,0.0,CA104180
CA-118,HJFD21,CA,Pacific lamprey,absent,,absent,0.0,0.0,CA104180
CA-118,HJFD21,CA,Coastal cutthroat trout,absent,,absent,0.0,0.0,CA104180
CA-118,HJFD21,CA,Chum salmon,absent,,absent,,,CA104180
CA-118,HJFD21,CA,Sockeye salmon,absent,,absent,,,CA104180
CA-118,HJFD21,CA,Pink salmon,absent,,absent,,,CA104180
CA-118,HJFD21,CA,Bull trout,absent,,absent,,,CA104180
CA-118,HJFD21,CA,Redband trout,absent,,absent,0.0,0.0,CA104180
CA-119,HJFD22,CA,Chinook salmon,absent,,absent,0.0,0.0,CA104181
CA-119,HJFD22,CA,Coho salmon,absent,,absent,0.0,0.0,CA104181
CA-119,HJFD22,CA,Steelhead,absent,,absent,0.0,0.0,CA104181
CA-119,HJFD22,CA,Pacific lamprey,absent,,absent,0.0,0.0,CA104181
CA-119,HJFD22,CA,Coastal cutthroat trout,absent,,absent,0.0,0.0,CA104181
CA-119,HJFD22,CA,Chum salmon,absent,,absent,,,CA104181
CA-119,HJFD22,CA,Sockeye salmon,absent,,absent,,,CA104181
CA-119,HJFD22,CA,Pink salmon,absent,,absent,,,CA104181
CA-119,HJFD22,CA,Bull trout,absent,,absent,,,CA104181
CA-119,HJFD22,CA,Redband trout,absent,,absent,0.0,0.0,CA104181
CA-120,HJFD23,CA,Chinook salmon,absent,,absent,0.0,0.0,CA104182
CA-120,HJFD23,CA,Coho salmon,absent,,absent,0.0,0.0,CA104182
CA-120,HJFD23,CA,Steelhead,absent,,absent,0.0,0.0,CA104182
CA-120,HJFD23,CA,Pacific lamprey,absent,,absent,0.0,0.0,CA104182
CA-120,HJFD23,CA,Coastal cutthroat trout,absent,,absent,0.0,0.0,CA104182
CA-120,HJFD23,CA,Chum salmon,absent,,absent,,,CA104182
CA-120,HJFD23,CA,Sockeye salmon,absent,,absent,,,CA104182
CA-120,HJFD23,CA,Pink salmon,absent,,absent,,,CA104182
CA-120,HJFD23,CA,Bull trout,absent,,absent,,,CA104182
CA-120,HJFD23,CA,Redband trout,absent,,absent,0.0,0.0,CA104182
CA-121,HJFD25,CA,Chinook salmon,absent,,absent,0.0,0.0,CA104184
CA-121,HJFD25,CA,Coho salmon,absent,,absent,0.0,0.0,CA104184
CA-121,HJFD25,CA,Steelhead,absent,,absent,0.0,0.0,CA104184
CA-121,HJFD25,CA,Pacific lamprey,absent,,absent,0.0,0.0,CA104184
CA-121,HJFD25,CA,Coastal cutthroat trout,absent,,absent,0.0,0.0,CA104184
CA-121,HJFD25,CA,Chum salmon,absent,,absent,,,CA104184
CA-121,HJFD25,CA,Sockeye salmon,absent,,absent,,,CA104184
CA-121,HJFD25,CA,Pink salmon,absent,,absent,,,CA104184
CA-121,HJFD25,CA,Bull trout,absent,,absent,,,CA104184
CA-121,HJFD25,CA,Redband trout,absent,,absent,0.0,0.0,CA104184
CA-122,HJFD26,CA,Chinook salmon,absent,,absent,0.0,0.0,CA104185
CA-122,HJFD26,CA,Coho salmon,absent,,absent,0.0,0.0,CA104185
CA-122,HJFD26,CA,Steelhead,absent,,absent,0.0,0.0,CA104185
CA-122,HJFD26,CA,Pacific lamprey,absent,,absent,0.0,0.0,CA104185
CA-122,HJFD26,CA,Coastal cutthroat trout,absent,,absent,0.0,0.0,CA104185
CA-122,HJFD26,CA,Chum salmon,absent,,absent,,,CA104185
CA-122,HJFD26,CA,Sockeye salmon,absent,,absent,,,CA104185
CA-122,HJFD26,CA,Pink salmon,absent,,absent,,,CA104185
CA-122,HJFD26,CA,Bull trout,absent,,absent,,,CA104185
CA-122,HJFD26,CA,Redband trout,absent,,absent,0.0,0.0,CA104185
CA-123,HJFD29,CA,Chinook salmon,absent,,absent,0.0,0.0,CA104188
CA-123,HJFD29,CA,Coho salmon,absent,,absent,0.0,0.0,CA104188
CA-123,HJFD29,CA,Steelhead,absent,,absent,0.0,0.0,CA104188
CA-123,HJFD29,CA,Pacific lamprey,absent,,absent,0.0,0.0,CA104188
CA-123,HJFD29,CA,Coastal cutthroat trout,absent,,absent,0.0,0.0,CA104188
CA-123,HJFD29,CA,Chum salmon,absent,,absent,,,CA104188
CA-123,HJFD29,CA,Sockeye salmon,absent,,absent,,,CA104188
CA-123,HJFD29,CA,Pink salmon,absent,,absent,,,CA104188
CA-123,HJFD29,CA,Bull trout,absent,,absent,,,CA104188
CA-123,HJFD29,CA,Redband trout,absent,,absent,0.0,0.0,CA104188
CA-124,HJFD30,CA,Chinook salmon,absent,,absent,0.0,0.0,CA104188
CA-124,HJFD30,CA,Coho salmon,absent,,absent,0.0,0.0,CA104188
CA-124,HJFD30,CA,Steelhead,absent,,absent,0.0,0.0,CA104188
CA-124,HJFD30,CA,Pacific lamprey,absent,,absent,0.0,0.0,CA104188
CA-124,HJFD30,CA,Coastal cutthroat trout,absent,,absent,0.0,0.0,CA104188
CA-124,HJFD30,CA,Chum salmon,absent,,absent,,,CA104188
CA-124,HJFD30,CA,Sockeye salmon,absent,,absent,,,CA104188
CA-124,HJFD30,CA,Pink salmon,absent,,absent,,,CA104188
CA-124,HJFD30,CA,Bull trout,absent,,absent,,,CA104188
CA-124,HJFD30,CA,Redband trout,absent,,absent,0.0,0.0,CA104188
CA-125,HJFD31,CA,Chinook salmon,absent,,absent,0.0,0.0,CA104190
CA-125,HJFD31,CA,Coho salmon,absent,,absent,0.0,0.0,CA104190
CA-125,HJFD31,CA,Steelhead,absent,,absent,0.0,0.0,CA104190
CA-125,HJFD31,CA,Pacific lamprey,absent,,absent,0.0,0.0,CA104190
CA-125,HJFD31,CA,Coastal cutthroat trout,absent,,absent,0.0,0.0,CA104190
CA-125,HJFD31,CA,Chum salmon,absent,,absent,,,CA104190
CA-125,HJFD31,CA,Sockeye salmon,absent,,absent,,,CA104190
CA-125,HJFD31,CA,Pink salmon,absent,,absent,,,CA104190
CA-125,HJFD31,CA,Bull trout,absent,,absent,,,CA104190
CA-125,HJFD31,CA,Redband trout,absent,,absent,0.0,0.0,CA104190
CA-126,HJFD32,CA,Chinook salmon,absent,,absent,0.0,0.0,CA104191
CA-126,HJFD32,CA,Coho salmon,absent,,absent,0.0,0.0,CA104191
CA-126,HJFD32,CA,Steelhead,absent,,absent,0.0,0.0,CA104191
CA-126,HJFD32,CA,Pacific lamprey,absent,,absent,0.0,0.0,CA104191
CA-126,HJFD32,CA,Coastal cutthroat trout,absent,,absent,0.0,0.0,CA104191
CA-126,HJFD32,CA,Chum salmon,absent,,absent,,,CA104191
CA-126,HJFD32,CA,Sockeye salmon,absent,,absent,,,CA104191
CA-126,HJFD32,CA,Pink salmon,absent,,absent,,,CA104191
CA-126,HJFD32,CA,Bull trout,absent,,absent,,,CA104191
CA-126,HJFD32,CA,Redband trout,absent,,absent,0.0,0.0,CA104191
CA-127,HJFD33,CA,Chinook salmon,absent,,absent,0.0,0.0,CA104192
CA-127,HJFD33,CA,Coho salmon,absent,,absent,0.0,0.0,CA104192
CA-127,HJFD33,CA,Steelhead,absent,,absent,0.0,0.0,CA104192
CA-127,HJFD33,CA,Pacific lamprey,absent,,absent,0.0,0.0,CA104192
CA-127,HJFD33,CA,Coastal cutthroat trout,absent,,absent,0.0,0.0,CA104192
CA-127,HJFD33,CA,Chum salmon,absent,,absent,,,CA104192
CA-127,HJFD33,CA,Sockeye salmon,absent,,absent,,,CA104192
CA-127,HJFD33,CA,Pink salmon,absent,,absent,,,CA104192
CA-127,HJFD33,CA,Bull trout,absent,,absent,,,CA104192
CA-127,HJFD33,CA,Redband trout,absent,,absent,0.0,0.0,CA104192
CA-128,HJFD34,CA,Chinook salmon,absent,,absent,0.0,0.0,CA104193
CA-128,HJFD34,CA,Coho salmon,absent,,absent,0.0,0.0,CA104193
CA-128,HJFD34,CA,Steelhead,absent,,absent,0.0,0.0,CA104193
CA-128,HJFD34,CA,Pacific lamprey,absent,,absent,0.0,0.0,CA104193
CA-128,HJFD34,CA,Coastal cutthroat trout,absent,,absent,0.0,0.0,CA104193
CA-128,HJFD34,CA,Chum salmon,absent,,absent,,,CA104193
CA-128,HJFD34,CA,Sockeye salmon,absent,,absent,,,CA104193
CA-128,HJFD34,CA,Pink salmon,absent,,absent,,,CA104193
CA-128,HJFD34,CA,Bull trout,absent,,absent,,,CA104193
CA-128,HJFD34,CA,Redband trout,absent,,absent,0.0,0.0,CA104193
CA-129,HJFD34.1/35,CA,Chinook salmon,absent,,absent,0.0,0.0,CA104193
CA-129,HJFD34.1/35,CA,Coho salmon,absent,,absent,0.0,0.0,CA104193
CA-129,HJFD34.1/35,CA,Steelhead,absent,,absent,0.0,0.0,CA104193
CA-129,HJFD34.1/35,CA,Pacific lamprey,absent,,absent,0.0,0.0,CA104193
CA-129,HJFD34.1/35,CA,Coastal cutthroat trout,absent,,absent,0.0,0.0,CA104193
CA-129,HJFD34.1/35,CA,Chum salmon,absent,,absent,,,CA104193
CA-129,HJFD34.1/35,CA,Sockeye salmon,absent,,absent,,,CA104193
CA-129,HJFD34.1/35,CA,Pink salmon,absent,,absent,,,CA104193
CA-129,HJFD34.1/35,CA,Bull trout,absent,,absent,,,CA104193
CA-129,HJFD34.1/35,CA,Redband trout,absent,,absent,0.0,0.0,CA104193
CA-130,HJFD37,CA,Chinook salmon,absent,,absent,0.0,0.0,CA104056
CA-130,HJFD37,CA,Coho salmon,absent,,absent,0.0,0.0,CA104056
CA-130,HJFD37,CA,Steelhead,absent,,absent,0.0,0.0,CA104056
CA-130,HJFD37,CA,Pacific lamprey,absent,,absent,0.0,0.0,CA104056
CA-130,HJFD37,CA,Coastal cutthroat trout,absent,,absent,0.0,0.0,CA104056
CA-130,HJFD37,CA,Chum salmon,absent,,absent,,,CA104056
CA-130,HJFD37,CA,Sockeye salmon,absent,,absent,,,CA104056
CA-130,HJFD37,CA,Pink salmon,absent,,absent,,,CA104056
CA-130,HJFD37,CA,Bull trout,absent,,absent,,,CA104056
CA-130,HJFD37,CA,Redband trout,absent,,absent,0.0,0.0,CA104056
CA-131,HJFD40,CA,Chinook salmon,unlinked,,absent,,,
CA-131,HJFD40,CA,Coho salmon,unlinked,,absent,,,
CA-131,HJFD40,CA,Steelhead,unlinked,,absent,,,
CA-131,HJFD40,CA,Pacific lamprey,unlinked,,absent,,,
CA-131,HJFD40,CA,Coastal cutthroat trout,unlinked,,absent,,,
CA-131,HJFD40,CA,Chum salmon,unlinked,,absent,,,
CA-131,HJFD40,CA,Sockeye salmon,unlinked,,absent,,,
CA-131,HJFD40,CA,Pink salmon,unlinked,,absent,,,
CA-131,HJFD40,CA,Bull trout,unlinked,,absent,,,
CA-131,HJFD40,CA,Redband trout,unlinked,,absent,,,
CA-132,HJFD41,CA,Chinook salmon,unlinked,,absent,,,
CA-132,HJFD41,CA,Coho salmon,unlinked,,absent,,,
CA-132,HJFD41,CA,Steelhead,unlinked,,absent,,,
CA-132,HJFD41,CA,Pacific lamprey,unlinked,,absent,,,
CA-132,HJFD41,CA,Coastal cutthroat trout,unlinked,,absent,,,
CA-132,HJFD41,CA,Chum salmon,unlinked,,absent,,,
CA-132,HJFD41,CA,Sockeye salmon,unlinked,,absent,,,
CA-132,HJFD41,CA,Pink salmon,unlinked,,absent,,,
CA-132,HJFD41,CA,Bull trout,unlinked,,absent,,,
CA-132,HJFD41,CA,Redband trout,unlinked,,absent,,,
CA-133,Lagunita Diversion Dam,CA,Chinook salmon,no network,,absent,-1.0,-1.0,CA33454
CA-133,Lagunita Diversion Dam,CA,Coho salmon,no network,,absent,-1.0,-1.0,CA33454
CA-133,Lagunita Diversion Dam,CA,Steelhead,no network,,present,-1.0,-1.0,CA33454
CA-133,Lagunita Diversion Dam,CA,Pacific lamprey,no network,,present,-1.0,-1.0,CA33454
CA-133,Lagunita Diversion Dam,CA,Coastal cutthroat trout,no network,,absent,-1.0,-1.0,CA33454
CA-133,Lagunita Diversion Dam,CA,Chum salmon,absent,,absent,,,CA33454
CA-133,Lagunita Diversion Dam,CA,Sockeye salmon,absent,,absent,,,CA33454
CA-133,Lagunita Diversion Dam,CA,Pink salmon,absent,,absent,,,CA33454
CA-133,Lagunita Diversion Dam,CA,Bull trout,absent,,absent,,,CA33454
CA-133,Lagunita Diversion Dam,CA,Redband trout,no network,,absent,-1.0,-1.0,CA33454
CA-134,SJFD1,CA,Chinook salmon,unlinked,,absent,,,
CA-134,SJFD1,CA,Coho salmon,unlinked,,absent,,,
CA-134,SJFD1,CA,Steelhead,unlinked,,absent,,,
CA-134,SJFD1,CA,Pacific lamprey,unlinked,,absent,,,
CA-134,SJFD1,CA,Coastal cutthroat trout,unlinked,,absent,,,
CA-134,SJFD1,CA,Chum salmon,unlinked,,absent,,,
CA-134,SJFD1,CA,Sockeye salmon,unlinked,,absent,,,
CA-134,SJFD1,CA,Pink salmon,unlinked,,absent,,,
CA-134,SJFD1,CA,Bull trout,unlinked,,absent,,,
CA-134,SJFD1,CA,Redband trout,unlinked,,absent,,,
CA-135,SJFD10,CA,Chinook salmon,absent,,absent,0.0,0.0,CA104135
CA-135,SJFD10,CA,Coho salmon,absent,,absent,0.0,0.0,CA104135
CA-135,SJFD10,CA,Steelhead,absent,,absent,0.0,0.0,CA104135
CA-135,SJFD10,CA,Pacific lamprey,absent,,absent,0.0,0.0,CA104135
CA-135,SJFD10,CA,Coastal cutthroat trout,absent,,absent,0.0,0.0,CA104135
CA-135,SJFD10,CA,Chum salmon,absent,,absent,,,CA104135
CA-135,SJFD10,CA,Sockeye salmon,absent,,absent,,,CA104135
CA-135,SJFD10,CA,Pink salmon,absent,,absent,,,CA104135
CA-135,SJFD10,CA,Bull trout,absent,,absent,,,CA104135
CA-135,SJFD10,CA,Redband trout,absent,,absent,0.0,0.0,CA104135
CA-136,SJFD11,CA,Chinook salmon,unlinked,,absent,,,
CA-136,SJFD11,CA,Coho salmon,unlinked,,absent,,,
CA-136,SJFD11,CA,Steelhead,unlinked,,absent,,,
CA-136,SJFD11,CA,Pacific lamprey,unlinked,,absent,,,
CA-136,SJFD11,CA,Coastal cutthroat trout,unlinked,,absent,,,
CA-136,SJFD11,CA,Chum salmon,unlinked,,absent,,,
CA-136,SJFD11,CA,Sockeye salmon,unlinked,,absent,,,
CA-136,SJFD11,CA,Pink salmon,unlinked,,absent,,,
CA-136,SJFD11,CA,Bull trout,unlinked,,absent,,,
CA-136,SJFD11,CA,Redband trout,unlinked,,absent,,,
CA-137,SJFD2,CA,Chinook salmon,absent,,absent,0.0,0.0,CA104128
CA-137,SJFD2,CA,Coho salmon,absent,,absent,0.0,0.0,CA104128
CA-137,SJFD2,CA,Steelhead,absent,,absent,0.0,0.0,CA104128
CA-137,SJFD2,CA,Pacific lamprey,absent,,absent,0.0,0.0,CA104128
CA-137,SJFD2,CA,Coastal cutthroat trout,absent,,absent,0.0,0.0,CA104128
CA-137,SJFD2,CA,Chum salmon,absent,,absent,,,CA104128
CA-137,SJFD2,CA,Sockeye salmon,absent,,absent,,,CA104128
CA-137,SJFD2,CA,Pink salmon,absent,,absent,,,CA104128
CA-137,SJFD2,CA,Bull trout,absent,,absent,,,CA104128
CA-137,SJFD2,CA,Redband trout,absent,,absent,0.0,0.0,CA104128
CA-138,SJFD28,CA,Chinook salmon,no network,,absent,-1.0,-1.0,CA104146
CA-138,SJFD28,CA,Coho salmon,no network,,absent,-1.0,-1.0,CA104146
CA-138,SJFD28,CA,Steelhead,no network,,absent,-1.0,-1.0,CA104146
CA-138,SJFD28,CA,Pacific lamprey,no network,,absent,-1.0,-1.0,CA104146
CA-138,SJFD28,CA,Coastal cutthroat trout,no network,,absent,-1.0,-1.0,CA104146
CA-138,SJFD28,CA,Chum salmon,absent,,absent,,,CA104146
CA-138,SJFD28,CA,Sockeye salmon,absent,,absent,,,CA104146
CA-138,SJFD28,CA,Pink salmon,absent,,absent,,,CA104146
CA-138,SJFD28,CA,Bull trout,absent,,absent,,,CA104146
CA-138,SJFD28,CA,Redband trout,no network,,absent,-1.0,-1.0,CA104146
CA-139,SJFD29,CA,Chinook salmon,no network,,absent,-1.0,-1.0,CA104147
CA-139,SJFD29,CA,Coho salmon,no network,,absent,-1.0,-1.0,CA104147
CA-139,SJFD29,CA,Steelhead,no network,,absent,-1.0,-1.0,CA104147
CA-139,SJFD29,CA,Pacific lamprey,no network,,absent,-1.0,-1.0,CA104147
CA-139,SJFD29,CA,Coastal cutthroat trout,no network,,absent,-1.0,-1.0,CA104147
CA-139,SJFD29,CA,Chum salmon,absent,,absent,,,CA104147
CA-139,SJFD29,CA,Sockeye salmon,absent,,absent,,,CA104147
CA-139,SJFD29,CA,Pink salmon,absent,,absent,,,CA104147
CA-139,SJFD29,CA,Bull trout,absent,,absent,,,CA104147
CA-139,SJFD29,CA,Redband trout,no network,,absent,-1.0,-1.0,CA104147
CA-140,SJFD3,CA,Chinook salmon,unlinked,,absent,,,
CA-140,SJFD3,CA,Coho salmon,unlinked,,absent,,,
CA-140,SJFD3,CA,Steelhead,unlinked,,absent,,,
CA-140,SJFD3,CA,Pacific lamprey,unlinked,,absent,,,
CA-140,SJFD3,CA,Coastal cutthroat trout,unlinked,,absent,,,
CA-140,SJFD3,CA,Chum salmon,unlinked,,absent,,,
CA-140,SJFD3,CA,Sockeye salmon,unlinked,,absent,,,
CA-140,SJFD3,CA,Pink salmon,unlinked,,absent,,,
CA-140,SJFD3,CA,Bull trout,unlinked,,absent,,,
CA-140,SJFD3,CA,Redband trout,unlinked,,absent,,,
CA-141,SJFD30,CA,Chinook salmon,no network,,absent,-1.0,-1.0,CA104148
CA-141,SJFD30,CA,Coho salmon,no network,,absent,-1.0,-1.0,CA104148
CA-141,SJFD30,CA,Steelhead,no network,,absent,-1.0,-1.0,CA104148
CA-141,SJFD30,CA,Pacific lamprey,no network,,absent,-1.0,-1.0,CA104148
CA-141,SJFD30,CA,Coastal cutthroat trout,no network,,absent,-1.0,-1.0,CA104148
CA-141,SJFD30,CA,Chum salmon,absent,,absent,,,CA104148
CA-141,SJFD30,CA,Sockeye salmon,absent,,absent,,,CA104148
CA-141,SJFD30,CA,Pink salmon,absent,,absent,,,CA104148
CA-141,SJFD30,CA,Bull trout,absent,,absent,,,CA104148
CA-141,SJFD30,CA,Redband trout,no network,,absent,-1.0,-1.0,CA104148
CA-142,SJFD31,CA,Chinook salmon,absent,,absent,0.0,0.0,CA104149
CA-142,SJFD31,CA,Coho salmon,absent,,absent,0.0,0.0,CA104149
CA-142,SJFD31,CA,Steelhead,absent,,absent,0.0,0.0,CA104149
CA-142,SJFD31,CA,Pacific lamprey,absent,,absent,0.0,0.0,CA104149
CA-142,SJFD31,CA,Coastal cutthroat trout,absent,,absent,0.0,0.0,CA104149
CA-142,SJFD31,CA,Chum salmon,absent,,absent,,,CA104149
CA-142,SJFD31,CA,Sockeye salmon,absent,,absent,,,CA104149
CA-142,SJFD31,CA,Pink salmon,absent,,absent,,,CA104149
CA-142,SJFD31,CA,Bull trout,absent,,absent,,,CA104149
CA-142,SJFD31,CA,Redband trout,absent,,absent,0.0,0.0,CA104149
CA-143,SJFD4,CA,Chinook salmon,absent,,absent,0.0,0.0,CA104129
CA-143,SJFD4,CA,Coho salmon,absent,,absent,0.0,0.0,CA104129
CA-143,SJFD4,CA,Steelhead,absent,,absent,0.0,0.0,CA104129
CA-143,SJFD4,CA,Pacific lamprey,absent,,absent,0.0,0.0,CA104129
CA-143,SJFD4,CA,Coastal cutthroat trout,absent,,absent,0.0,0.0,CA104129
CA-143,SJFD4,CA,Chum salmon,absent,,absent,,,CA104129
CA-143,SJFD4,CA,Sockeye salmon,absent,,absent,,,CA104129
CA-143,SJFD4,CA,Pink salmon,absent,,absent,,,CA104129
CA-143,SJFD4,CA,Bull trout,absent,,absent,,,CA104129
CA-143,SJFD4,CA,Redband trout,absent,,absent,0.0,0.0,CA104129
CA-144,SJFD5,CA,Chinook salmon,absent,,absent,0.0,0.0,CA104130
CA-144,SJFD5,CA,Coho salmon,absent,,absent,0.0,0.0,CA104130
CA-144,SJFD5,CA,Steelhead,absent,,absent,0.0,0.0,CA104130
CA-144,SJFD5,CA,Pacific lamprey,absent,,absent,0.0,0.0,CA104130
CA-144,SJFD5,CA,Coastal cutthroat trout,absent,,absent,0.0,0.0,CA104130
CA-144,SJFD5,CA,Chum salmon,absent,,absent,,,CA104130
CA-144,SJFD5,CA,Sockeye salmon,absent,,absent,,,CA104130
CA-144,SJFD5,CA,Pink salmon,absent,,absent,,,CA104130
CA-144,SJFD5,CA,Bull trout,absent,,absent,,,CA104130
CA-144,SJFD5,CA,Redband trout,absent,,absent,0.0,0.0,CA104130
CA-145,SJFD6,CA,Chinook salmon,unlinked,,absent,,,
CA-145,SJFD6,CA,Coho salmon,unlinked,,absent,,,
CA-145,SJFD6,CA,Steelhead,unlinked,,absent,,,
CA-145,SJFD6,CA,Pacific lamprey,unlinked,,absent,,,
CA-145,SJFD6,CA,Coastal cutthroat trout,unlinked,,absent,,,
CA-145,SJFD6,CA,Chum salmon,unlinked,,absent,,,
CA-145,SJFD6,CA,Sockeye salmon,unlinked,,absent,,,
CA-145,SJFD6,CA,Pink salmon,unlinked,,absent,,,
CA-145,SJFD6,CA,Bull trout,unlinked,,absent,,,
CA-145,SJFD6,CA,Redband trout,unlinked,,absent,,,
CA-146,SJFD7,CA,Chinook salmon,absent,,absent,0.0,0.0,CA104132
CA-146,SJFD7,CA,Coho salmon,absent,,absent,0.0,0.0,CA104132
CA-146,SJFD7,CA,Steelhead,absent,,absent,0.0,0.0,CA104132
CA-146,SJFD7,CA,Pacific lamprey,absent,,absent,0.0,0.0,CA104132
CA-146,SJFD7,CA,Coastal cutthroat trout,absent,,absent,0.0,0.0,CA104132
CA-146,SJFD7,CA,Chum salmon,absent,,absent,,,CA104132
CA-146,SJFD7,CA,Sockeye salmon,absent,,absent,,,CA104132
CA-146,SJFD7,CA,Pink salmon,absent,,absent,,,CA104132
CA-146,SJFD7,CA,Bull trout,absent,,absent,,,CA104132
CA-146,SJFD7,CA,Redband trout,absent,,absent,0.0,0.0,CA104132
CA-147,SJFD9,CA,Chinook salmon,absent,,absent,0.0,0.0,CA104134
CA-147,SJFD9,CA,Coho salmon,absent,,absent,0.0,0.0,CA104134
CA-147,SJFD9,CA,Steelhead,absent,,absent,0.0,0.0,CA104134
CA-147,SJFD9,CA,Pacific lamprey,absent,,absent,0.0,0.0,CA104134
CA-147,SJFD9,CA,Coastal cutthroat trout,absent,,absent,0.0,0.0,CA104134
CA-147,SJFD9,CA,Chum salmon,absent,,absent,,,CA104134
CA-147,SJFD9,CA,Sockeye salmon,absent,,absent,,,CA104134
CA-147,SJFD9,CA,Pink salmon,absent,,absent,,,CA104134
CA-147,SJFD9,CA,Bull trout,absent,,absent,,,CA104134
CA-147,SJFD9,CA,Redband trout,absent,,absent,0.0,0.0,CA104134
CA-148,TCFD11,CA,Chinook salmon,absent,,absent,0.0,0.0,CA104126
CA-148,TCFD11,CA,Coho salmon,absent,,absent,0.0,0.0,CA104126
CA-148,TCFD11,CA,Steelhead,absent,,absent,0.0,0.0,CA104126
CA-148,TCFD11,CA,Pacific lamprey,absent,,absent,0.0,0.0,CA104126
CA-148,TCFD11,CA,Coastal cutthroat trout,absent,,absent,0.0,0.0,CA104126
CA-148,TCFD11,CA,Chum salmon,absent,,absent,,,CA104126
CA-148,TCFD11,CA,Sockeye salmon,absent,,absent,,,CA104126
CA-148,TCFD11,CA,Pink salmon,absent,,absent,,,CA104126
CA-148,TCFD11,CA,Bull trout,absent,,absent,,,CA104126
CA-148,TCFD11,CA,Redband trout,absent,,absent,0.0,0.0,CA104126
CA-149,Dempster Vineyard Dam,CA,Chinook salmon,absent,,absent,0.0,0.0,CA97798
CA-149,Dempster Vineyard Dam,CA,Coho salmon,absent,,present,0.0,0.0,CA97798
CA-149,Dempster Vineyard Dam,CA,Steelhead,absent,,present,0.0,0.0,CA97798
CA-149,Dempster Vineyard Dam,CA,Pacific lamprey,absent,,absent,0.0,0.0,CA97798
CA-149,Dempster Vineyard Dam,CA,Coastal cutthroat trout,absent,,absent,0.0,0.0,CA97798
CA-149,Dempster Vineyard Dam,CA,Chum salmon,absent,,absent,,,CA97798
CA-149,Dempster Vineyard Dam,CA,Sockeye salmon,absent,,absent,,,CA97798
CA-149,Dempster Vineyard Dam,CA,Pink salmon,absent,,absent,,,CA97798
CA-149,Dempster Vineyard Dam,CA,Bull trout,absent,,absent,,,CA97798
CA-149,Dempster Vineyard Dam,CA,Redband trout,absent,,absent,0.0,0.0,CA97798
CA-150,Pennington Creek Dam,CA,Chinook salmon,absent,,absent,0.0,0.0,CA91742
CA-150,Pennington Creek Dam,CA,Coho salmon,absent,,absent,0.0,0.0,CA91742
CA-150,Pennington Creek Dam,CA,Steelhead,absent,,present,0.0,0.0,CA91742
CA-150,Pennington Creek Dam,CA,Pacific lamprey,absent,,absent,0.0,0.0,CA91742
CA-150,Pennington Creek Dam,CA,Coastal cutthroat trout,absent,,absent,0.0,0.0,CA91742
CA-150,Pennington Creek Dam,CA,Chum salmon,absent,,absent,,,CA91742
CA-150,Pennington Creek Dam,CA,Sockeye salmon,absent,,absent,,,CA91742
CA-150,Pennington Creek Dam,CA,Pink salmon,absent,,absent,,,CA91742
CA-150,Pennington Creek Dam,CA,Bull trout,absent,,absent,,,CA91742
CA-150,Pennington Creek Dam,CA,Redband trout,absent,,absent,0.0,0.0,CA91742
CA-151,HJFD3,CA,Chinook salmon,absent,,absent,0.0,0.0,CA104162
CA-151,HJFD3,CA,Coho salmon,absent,,absent,0.0,0.0,CA104162
CA-151,HJFD3,CA,Steelhead,absent,,absent,0.0,0.0,CA104162
CA-151,HJFD3,CA,Pacific lamprey,absent,,absent,0.0,0.0,CA104162
CA-151,HJFD3,CA,Coastal cutthroat trout,absent,,absent,0.0,0.0,CA104162
CA-151,HJFD3,CA,Chum salmon,absent,,absent,,,CA104162
CA-151,HJFD3,CA,Sockeye salmon,absent,,absent,,,CA104162
CA-151,HJFD3,CA,Pink salmon,absent,,absent,,,CA104162
CA-151,HJFD3,CA,Bull trout,absent,,absent,,,CA104162
CA-151,HJFD3,CA,Redband trout,absent,,absent,0.0,0.0,CA104162
CA-152,HJFD4,CA,Chinook salmon,absent,,absent,0.0,0.0,CA104163
CA-152,HJFD4,CA,Coho salmon,absent,,absent,0.0,0.0,CA104163
CA-152,HJFD4,CA,Steelhead,absent,,absent,0.0,0.0,CA104163
CA-152,HJFD4,CA,Pacific lamprey,absent,,absent,0.0,0.0,CA104163
CA-152,HJFD4,CA,Coastal cutthroat trout,absent,,absent,0.0,0.0,CA104163
CA-152,HJFD4,CA,Chum salmon,absent,,absent,,,CA104163
CA-152,HJFD4,CA,Sockeye salmon,absent,,absent,,,CA104163
CA-152,HJFD4,CA,Pink salmon,absent,,absent,,,CA104163
CA-152,HJFD4,CA,Bull trout,absent,,absent,,,CA104163
CA-152,HJFD4,CA,Redband trout,absent,,absent,0.0,0.0,CA104163
CA-153,HJFD5,CA,Chinook salmon,absent,,absent,0.0,0.0,CA104164
CA-153,HJFD5,CA,Coho salmon,absent,,absent,0.0,0.0,CA104164
CA-153,HJFD5,CA,Steelhead,absent,,absent,0.0,0.0,CA104164
CA-153,HJFD5,CA,Pacific lamprey,absent,,absent,0.0,0.0,CA104164
CA-153,HJFD5,CA,Coastal cutthroat trout,absent,,absent,0.0,0.0,CA104164
CA-153,HJFD5,CA,Chum salmon,absent,,absent,,,CA104164
CA-153,HJFD5,CA,Sockeye salmon,absent,,absent,,,CA104164
CA-153,HJFD5,CA,Pink salmon,absent,,absent,,,CA104164
CA-153,HJFD5,CA,Bull trout,absent,,absent,,,CA104164
CA-153,HJFD5,CA,Redband trout,absent,,absent,0.0,0.0,CA104164
CA-154,Iron Horse Dam,CA,Chinook salmon,absent,,absent,0.0,0.0,CA98464
CA-154,Iron Horse Dam,CA,Coho salmon,absent,,present,0.0,0.0,CA98464
CA-154,Iron Horse Dam,CA,Steelhead,absent,,present,0.0,0.0,CA98464
CA-154,Iron Horse Dam,CA,Pacific lamprey,absent,,absent,0.0,0.0,CA98464
CA-154,Iron Horse Dam,CA,Coastal cutthroat trout,absent,,absent,0.0,0.0,CA98464
CA-154,Iron Horse Dam,CA,Chum salmon,absent,,absent,,,CA98464
CA-154,Iron Horse Dam,CA,Sockeye salmon,absent,,absent,,,CA98464
CA-154,Iron Horse Dam,CA,Pink salmon,absent,,absent,,,CA98464
CA-154,Iron Horse Dam,CA,Bull trout,absent,,absent,,,CA98464
CA-154,Iron Horse Dam,CA,Redband trout,absent,,absent,0.0,0.0,CA98464
CA-155,Maria Ygnacio Debris Basin Dam East Branch,CA,Chinook salmon,absent,,absent,0.0,0.0,CA96831
CA-155,Maria Ygnacio Debris Basin Dam East Branch,CA,Coho salmon,absent,,absent,0.0,0.0,CA96831
CA-155,Maria Ygnacio Debris Basin Dam East Branch,CA,Steelhead,absent,,absent,0.0,0.0,CA96831
CA-155,Maria Ygnacio Debris Basin Dam East Branch,CA,Pacific lamprey,absent,,absent,0.0,0.0,CA96831
CA-155,Maria Ygnacio Debris Basin Dam East Branch,CA,Coastal cutthroat trout,absent,,absent,0.0,0.0,CA96831
CA-155,Maria Ygnacio Debris Basin Dam East Branch,CA,Chum salmon,absent,,absent,,,CA96831
CA-155,Maria Ygnacio Debris Basin Dam East Branch,CA,Sockeye salmon,absent,,absent,,,CA96831
CA-155,Maria Ygnacio Debris Basin Dam East Branch,CA,Pink salmon,absent,,absent,,,CA96831
CA-155,Maria Ygnacio Debris Basin Dam East Branch,CA,Bull trout,absent,,absent,,,CA96831
CA-155,Maria Ygnacio Debris Basin Dam East Branch,CA,Redband trout,absent,,absent,0.0,0.0,CA96831
CA-156,Maria Ygnacio Debris Basin Dam Main Branch,CA,Chinook salmon,absent,,absent,0.0,0.0,CA96829
CA-156,Maria Ygnacio Debris Basin Dam Main Branch,CA,Coho salmon,absent,,absent,0.0,0.0,CA96829
CA-156,Maria Ygnacio Debris Basin Dam Main Branch,CA,Steelhead,absent,,present,0.0,0.0,CA96829
CA-156,Maria Ygnacio Debris Basin Dam Main Branch,CA,Pacific lamprey,absent,,absent,0.0,0.0,CA96829
CA-156,Maria Ygnacio Debris Basin Dam Main Branch,CA,Coastal cutthroat trout,absent,,absent,0.0,0.0,CA96829
CA-156,Maria Ygnacio Debris Basin Dam Main Branch,CA,Chum salmon,absent,,absent,,,CA96829
CA-156,Maria Ygnacio Debris Basin Dam Main Branch,CA,Sockeye salmon,absent,,absent,,,CA96829
CA-156,Maria Ygnacio Debris Basin Dam Main Branch,CA,Pink salmon,absent,,absent,,,CA96829
CA-156,Maria Ygnacio Debris Basin Dam Main Branch,CA,Bull trout,absent,,absent,,,CA96829
CA-156,Maria Ygnacio Debris Basin Dam Main Branch,CA,Redband trout,absent,,absent,0.0,0.0,CA96829
CA-159,SJFD12,CA,Chinook salmon,absent,,absent,0.0,0.0,CA104137
CA-159,SJFD12,CA,Coho salmon,absent,,absent,0.0,0.0,CA104137
CA-159,SJFD12,CA,Steelhead,absent,,absent,0.0,0.0,CA104137
CA-159,SJFD12,CA,Pacific lamprey,absent,,absent,0.0,0.0,CA104137
CA-159,SJFD12,CA,Coastal cutthroat trout,absent,,absent,0.0,0.0,CA104137
CA-159,SJFD12,CA,Chum salmon,absent,,absent,,,CA104137
CA-159,SJFD12,CA,Sockeye salmon,absent,,absent,,,CA104137
CA-159,SJFD12,CA,Pink salmon,absent,,absent,,,CA104137
CA-159,SJFD12,CA,Bull trout,absent,,absent,,,CA104137
CA-159,SJFD12,CA,Redband trout,absent,,absent,0.0,0.0,CA104137
CA-160,SJFD13,CA,Chinook salmon,absent,,absent,0.0,0.0,CA104138
CA-160,SJFD13,CA,Coho salmon,absent,,absent,0.0,0.0,CA104138
CA-160,SJFD13,CA,Steelhead,absent,,absent,0.0,0.0,CA104138
CA-160,SJFD13,CA,Pacific lamprey,absent,,absent,0.0,0.0,CA104138
CA-160,SJFD13,CA,Coastal cutthroat trout,absent,,absent,0.0,0.0,CA104138
CA-160,SJFD13,CA,Chum salmon,absent,,absent,,,CA104138
CA-160,SJFD13,CA,Sockeye salmon,absent,,absent,,,CA104138
CA-160,SJFD13,CA,Pink salmon,absent,,absent,,,CA104138
CA-160,SJFD13,CA,Bull trout,absent,,absent,,,CA104138
CA-160,SJFD13,CA,Redband trout,absent,,absent,0.0,0.0,CA104138
CA-161,SJFD14,CA,Chinook salmon,absent,,absent,0.0,0.0,CA104139
CA-161,SJFD14,CA,Coho salmon,absent,,absent,0.0,0.0,CA104139
CA-161,SJFD14,CA,Steelhead,absent,,absent,0.0,0.0,CA104139
CA-161,SJFD14,CA,Pacific lamprey,absent,,absent,0.0,0.0,CA104139
CA-161,SJFD14,CA,Coastal cutthroat trout,absent,,absent,0.0,0.0,CA104139
CA-161,SJFD14,CA,Chum salmon,absent,,absent,,,CA104139
CA-161,SJFD14,CA,Sockeye salmon,absent,,absent,,,CA104139
CA-161,SJFD14,CA,Pink salmon,absent,,absent,,,CA104139
CA-161,SJFD14,CA,Bull trout,absent,,absent,,,CA104139
CA-161,SJFD14,CA,Redband trout,absent,,absent,0.0,0.0,CA104139
CA-162,SJFD15,CA,Chinook salmon,absent,,absent,0.0,0.0,CA104140
CA-162,SJFD15,CA,Coho salmon,absent,,absent,0.0,0.0,CA104140
CA-162,SJFD15,CA,Steelhead,absent,,absent,0.0,0.0,CA104140
CA-162,SJFD15,CA,Pacific lamprey,absent,,absent,0.0,0.0,CA104140
CA-162,SJFD15,CA,Coastal cutthroat trout,absent,,absent,0.0,0.0,CA104140
CA-162,SJFD15,CA,Chum salmon,absent,,absent,,,CA104140
CA-162,SJFD15,CA,Sockeye salmon,absent,,absent,,,CA104140
CA-162,SJFD15,CA,Pink salmon,absent,,absent,,,CA104140
CA-162,SJFD15,CA,Bull trout,absent,,absent,,,CA104140
CA-162,SJFD15,CA,Redband trout,absent,,absent,0.0,0.0,CA104140
CA-163,SJFD17,CA,Chinook salmon,absent,,absent,0.0,0.0,CA104150
CA-163,SJFD17,CA,Coho salmon,absent,,absent,0.0,0.0,CA104150
CA-163,SJFD17,CA,Steelhead,absent,,absent,0.0,0.0,CA104150
CA-163,SJFD17,CA,Pacific lamprey,absent,,absent,0.0,0.0,CA104150
CA-163,SJFD17,CA,Coastal cutthroat trout,absent,,absent,0.0,0.0,CA104150
CA-163,SJFD17,CA,Chum salmon,absent,,absent,,,CA104150
CA-163,SJFD17,CA,Sockeye salmon,absent,,absent,,,CA104150
CA-163,SJFD17,CA,Pink salmon,absent,,absent,,,CA104150
CA-163,SJFD17,CA,Bull trout,absent,,absent,,,CA104150
CA-163,SJFD17,CA,Redband trout,absent,,absent,0.0,0.0,CA104150
CA-164,SJFD18,CA,Chinook salmon,absent,,absent,0.0,0.0,CA104151
CA-164,SJFD18,CA,Coho salmon,absent,,absent,0.0,0.0,CA104151
CA-164,SJFD18,CA,Steelhead,absent,,absent,0.0,0.0,CA104151
CA-164,SJFD18,CA,Pacific lamprey,absent,,absent,0.0,0.0,CA104151
CA-164,SJFD18,CA,Coastal cutthroat trout,absent,,absent,0.0,0.0,CA104151
CA-164,SJFD18,CA,Chum salmon,absent,,absent,,,CA104151
CA-164,SJFD18,CA,Sockeye salmon,absent,,absent,,,CA104151
CA-164,SJFD18,CA,Pink salmon,absent,,absent,,,CA104151
CA-164,SJFD18,CA,Bull trout,absent,,absent,,,CA104151
CA-164,SJFD18,CA,Redband trout,absent,,absent,0.0,0.0,CA104151
CA-165,SJFD19,CA,Chinook salmon,absent,,absent,0.0,0.0,CA104152
CA-165,SJFD19,CA,Coho salmon,absent,,absent,0.0,0.0,CA104152
CA-165,SJFD19,CA,Steelhead,absent,,absent,0.0,0.0,CA104152
CA-165,SJFD19,CA,Pacific lamprey,absent,,absent,0.0,0.0,CA104152
CA-165,SJFD19,CA,Coastal cutthroat trout,absent,,absent,0.0,0.0,CA104152
CA-165,SJFD19,CA,Chum salmon,absent,,absent,,,CA104152
CA-165,SJFD19,CA,Sockeye salmon,absent,,absent,,,CA104152
CA-165,SJFD19,CA,Pink salmon,absent,,absent,,,CA104152
CA-165,SJFD19,CA,Bull trout,absent,,absent,,,CA104152
CA-165,SJFD19,CA,Redband trout,absent,,absent,0.0,0.0,CA104152
CA-166,SJFD20,CA,Chinook salmon,absent,,absent,0.0,0.0,CA104153
CA-166,SJFD20,CA,Coho salmon,absent,,absent,0.0,0.0,CA104153
CA-166,SJFD20,CA,Steelhead,absent,,absent,0.0,0.0,CA104153
CA-166,SJFD20,CA,Pacific lamprey,absent,,absent,0.0,0.0,CA104153
CA-166,SJFD20,CA,Coastal cutthroat trout,absent,,absent,0.0,0.0,CA104153
CA-166,SJFD20,CA,Chum salmon,absent,,absent,,,CA104153
CA-166,SJFD20,CA,Sockeye salmon,absent,,absent,,,CA104153
CA-166,SJFD20,CA,Pink salmon,absent,,absent,,,CA104153
CA-166,SJFD20,CA,Bull trout,absent,,absent,,,CA104153
CA-166,SJFD20,CA,Redband trout,absent,,absent,0.0,0.0,CA104153
CA-167,SJFD21,CA,Chinook salmon,absent,,absent,0.0,0.0,CA104141
CA-167,SJFD21,CA,Coho salmon,absent,,absent,0.0,0.0,CA104141
CA-167,SJFD21,CA,Steelhead,absent,,absent,0.0,0.0,CA104141
CA-167,SJFD21,CA,Pacific lamprey,absent,,absent,0.0,0.0,CA104141
CA-167,SJFD21,CA,Coastal cutthroat trout,absent,,absent,0.0,0.0,CA104141
CA-167,SJFD21,CA,Chum salmon,absent,,absent,,,CA104141
CA-167,SJFD21,CA,Sockeye salmon,absent,,absent,,,CA104141
CA-167,SJFD21,CA,Pink salmon,absent,,absent,,,CA104141
CA-167,SJFD21,CA,Bull trout,absent,,absent,,,CA104141
CA-167,SJFD21,CA,Redband trout,absent,,absent,0.0,0.0,CA104141
CA-168,SJFD22,CA,Chinook salmon,absent,,absent,0.0,0.0,CA104142
CA-168,SJFD22,CA,Coho salmon,absent,,absent,0.0,0.0,CA104142
CA-168,SJFD22,CA,Steelhead,absent,,absent,0.0,0.0,CA104142
CA-168,SJFD22,CA,Pacific lamprey,absent,,absent,0.0,0.0,CA104142
CA-168,SJFD22,CA,Coastal cutthroat trout,absent,,absent,0.0,0.0,CA104142
CA-168,SJFD22,CA,Chum salmon,absent,,absent,,,CA104142
CA-168,SJFD22,CA,Sockeye salmon,absent,,absent,,,CA104142
CA-168,SJFD22,CA,Pink salmon,absent,,absent,,,CA104142
CA-168,SJFD22,CA,Bull trout,absent,,absent,,,CA104142
CA-168,SJFD22,CA,Redband trout,absent,,absent,0.0,0.0,CA104142
CA-169,SJFD23,CA,Chinook salmon,absent,,absent,0.0,0.0,CA104143
CA-169,SJFD23,CA,Coho salmon,absent,,absent,0.0,0.0,CA104143
CA-169,SJFD23,CA,Steelhead,absent,,absent,0.0,0.0,CA104143
CA-169,SJFD23,CA,Pacific lamprey,absent,,absent,0.0,0.0,CA104143
CA-169,SJFD23,CA,Coastal cutthroat trout,absent,,absent,0.0,0.0,CA104143
CA-169,SJFD23,CA,Chum salmon,absent,,absent,,,CA104143
CA-169,SJFD23,CA,Sockeye salmon,absent,,absent,,,CA104143
CA-169,SJFD23,CA,Pink salmon,absent,,absent,,,CA104143
CA-169,SJFD23,CA,Bull trout,absent,,absent,,,CA104143
CA-169,SJFD23,CA,Redband trout,absent,,absent,0.0,0.0,CA104143
CA-170,SJFD24,CA,Chinook salmon,absent,,absent,0.0,0.0,CA104142
CA-170,SJFD24,CA,Coho salmon,absent,,absent,0.0,0.0,CA104142
CA-170,SJFD24,CA,Steelhead,absent,,absent,0.0,0.0,CA104142
CA-170,SJFD24,CA,Pacific lamprey,absent,,absent,0.0,0.0,CA104142
CA-170,SJFD24,CA,Coastal cutthroat trout,absent,,absent,0.0,0.0,CA104142
CA-170,SJFD24,CA,Chum salmon,absent,,absent,,,CA104142
CA-170,SJFD24,CA,Sockeye salmon,absent,,absent,,,CA104142
CA-170,SJFD24,CA,Pink salmon,absent,,absent,,,CA104142
CA-170,SJFD24,CA,Bull trout,absent,,absent,,,CA104142
CA-170,SJFD24,CA,Redband trout,absent,,absent,0.0,0.0,CA104142
CA-171,SJFD25,CA,Chinook salmon,absent,,absent,0.0,0.0,CA104143
CA-171,SJFD25,CA,Coho salmon,absent,,absent,0.0,0.0,CA104143
CA-171,SJFD25,CA,Steelhead,absent,,absent,0.0,0.0,CA104143
CA-171,SJFD25,CA,Pacific lamprey,absent,,absent,0.0,0.0,CA104143
CA-171,SJFD25,CA,Coastal cutthroat trout,absent,,absent,0.0,0.0,CA104143
CA-171,SJFD25,CA,Chum salmon,absent,,absent,,,CA104143
CA-171,SJFD25,CA,Sockeye salmon,absent,,absent,,,CA104143
CA-171,SJFD25,CA,Pink salmon,absent,,absent,,,CA104143
CA-171,SJFD25,CA,Bull trout,absent,,absent,,,CA104143
CA-171,SJFD25,CA,Redband trout,absent,,absent,0.0,0.0,CA104143
CA-172,SJFD26,CA,Chinook salmon,absent,,absent,0.0,0.0,CA104144
CA-172,SJFD26,CA,Coho salmon,absent,,absent,0.0,0.0,CA104144
CA-172,SJFD26,CA,Steelhead,absent,,absent,0.0,0.0,CA104144
CA-172,SJFD26,CA,Pacific lamprey,absent,,absent,0.0,0.0,CA104144
CA-172,SJFD26,CA,Coastal cutthroat trout,absent,,absent,0.0,0.0,CA104144
CA-172,SJFD26,CA,Chum salmon,absent,,absent,,,CA104144
CA-172,SJFD26,CA,Sockeye salmon,absent,,absent,,,CA104144
CA-172,SJFD26,CA,Pink salmon,absent,,absent,,,CA104144
CA-172,SJFD26,CA,Bull trout,absent,,absent,,,CA104144
CA-172,SJFD26,CA,Redband trout,absent,,absent,0.0,0.0,CA104144
CA-173,SJFD27,CA,Chinook salmon,absent,,absent,0.0,0.0,CA104145
CA-173,SJFD27,CA,Coho salmon,absent,,absent,0.0,0.0,CA104145
CA-173,SJFD27,CA,Steelhead,absent,,absent,0.0,0.0,CA104145
CA-173,SJFD27,CA,Pacific lamprey,absent,,absent,0.0,0.0,CA104145
CA-173,SJFD27,CA,Coastal cutthroat trout,absent,,absent,0.0,0.0,CA104145
CA-173,SJFD27,CA,Chum salmon,absent,,absent,,,CA104145
CA-173,SJFD27,CA,Sockeye salmon,absent,,absent,,,CA104145
CA-173,SJFD27,CA,Pink salmon,absent,,absent,,,CA104145
CA-173,SJFD27,CA,Bull trout,absent,,absent,,,CA104145
CA-173,SJFD27,CA,Redband trout,absent,,absent,0.0,0.0,CA104145
CA-174,Grenada Irrigation District Dam,CA,Chinook salmon,absent,,present,0.0,0.0,CA625828
CA-174,Grenada Irrigation District Dam,CA,Coho salmon,absent,,present,0.0,0.0,CA625828
CA-174,Grenada Irrigation District Dam,CA,Steelhead,absent,,present,0.0,0.0,CA625828
CA-174,Grenada Irrigation District Dam,CA,Pacific lamprey,absent,,present,0.0,0.0,CA625828
CA-174,Grenada Irrigation District Dam,CA,Coastal cutthroat trout,absent,,absent,0.0,0.0,CA625828
CA-174,Grenada Irrigation District Dam,CA,Chum salmon,absent,,absent,,,CA625828
CA-174,Grenada Irrigation District Dam,CA,Sockeye salmon,absent,,absent,,,CA625828
CA-174,Grenada Irrigation District Dam,CA,Pink salmon,absent,,absent,,,CA625828
CA-174,Grenada Irrigation District Dam,CA,Bull trout,absent,,absent,,,CA625828
CA-174,Grenada Irrigation District Dam,CA,Redband trout,absent,,absent,0.0,0.0,CA625828
CA-175,Little Shasta River Flashboard Dam,CA,Chinook salmon,unlinked,,absent,,,
CA-175,Little Shasta River Flashboard Dam,CA,Coho salmon,unlinked,,present,,,
CA-175,Little Shasta River Flashboard Dam,CA,Steelhead,unlinked,,present,,,
CA-175,Little Shasta River Flashboard Dam,CA,Pacific lamprey,unlinked,,absent,,,
CA-175,Little Shasta River Flashboard Dam,CA,Coastal cutthroat trout,unlinked,,absent,,,
CA-175,Little Shasta River Flashboard Dam,CA,Chum salmon,unlinked,,absent,,,
CA-175,Little Shasta River Flashboard Dam,CA,Sockeye salmon,unlinked,,absent,,,
CA-175,Little Shasta River Flashboard Dam,CA,Pink salmon,unlinked,,absent,,,
CA-175,Little Shasta River Flashboard Dam,CA,Bull trout,unlinked,,absent,,,
CA-175,Little Shasta River Flashboard Dam,CA,Redband trout,unlinked,,absent,,,
CA-176,Beale Dam,CA,Chinook salmon,unlinked,,absent,,,
CA-176,Beale Dam,CA,Coho salmon,unlinked,,absent,,,
CA-176,Beale Dam,CA,Steelhead,unlinked,,absent,,,
CA-176,Beale Dam,CA,Pacific lamprey,unlinked,,present,,,
CA-176,Beale Dam,CA,Coastal cutthroat trout,unlinked,,absent,,,
CA-176,Beale Dam,CA,Chum salmon,unlinked,,absent,,,
CA-176,Beale Dam,CA,Sockeye salmon,unlinked,,absent,,,
CA-176,Beale Dam,CA,Pink salmon,unlinked,,absent,,,
CA-176,Beale Dam,CA,Bull trout,unlinked,,absent,,,
CA-176,Beale Dam,CA,Redband trout,unlinked,,absent,,,
CA-177,Roy's Pools Dam,CA,Chinook salmon,unlinked,,absent,,,
CA-177,Roy's Pools Dam,CA,Coho salmon,unlinked,,present,,,
CA-177,Roy's Pools Dam,CA,Steelhead,unlinked,,present,,,
CA-177,Roy's Pools Dam,CA,Pacific lamprey,unlinked,,absent,,,
CA-177,Roy's Pools Dam,CA,Coastal cutthroat trout,unlinked,,absent,,,
CA-177,Roy's Pools Dam,CA,Chum salmon,unlinked,,absent,,,
CA-177,Roy's Pools Dam,CA,Sockeye salmon,unlinked,,absent,,,
CA-177,Roy's Pools Dam,CA,Pink salmon,unlinked,,absent,,,
CA-177,Roy's Pools Dam,CA,Bull trout,unlinked,,absent,,,
CA-177,Roy's Pools Dam,CA,Redband trout,unlinked,,absent,,,
CA-178,York Dam,CA,Chinook salmon,absent,,absent,0.0,0.0,CA91693
CA-178,York Dam,CA,Coho salmon,absent,,absent,0.0,0.0,CA91693
CA-178,York Dam,CA,Steelhead,absent,,present,0.0,0.0,CA91693
CA-178,York Dam,CA,Pacific lamprey,absent,,absent,0.0,0.0,CA91693
CA-178,York Dam,CA,Coastal cutthroat trout,absent,,absent,0.0,0.0,CA91693
CA-178,York Dam,CA,Chum salmon,absent,,absent,,,CA91693
CA-178,York Dam,CA,Sockeye salmon,absent,,absent,,,CA91693
CA-178,York Dam,CA,Pink salmon,absent,,absent,,,CA91693
CA-178,York Dam,CA,Bull trout,absent,,absent,,,CA91693
CA-178,York Dam,CA,Redband trout,absent,,absent,0.0,0.0,CA91693
CA-179,Columbine Dam,CA,Chinook salmon,no network,,absent,-1.0,-1.0,CA21563
CA-179,Columbine Dam,CA,Coho salmon,no network,,absent,-1.0,-1.0,CA21563
CA-179,Columbine Dam,CA,Steelhead,no network,,absent,-1.0,-1.0,CA21563
CA-179,Columbine Dam,CA,Pacific lamprey,no network,,absent,-1.0,-1.0,CA21563
CA-179,Columbine Dam,CA,Coastal cutthroat trout,no network,,absent,-1.0,-1.0,CA21563
CA-179,Columbine Dam,CA,Chum salmon,absent,,absent,,,CA21563
CA-179,Columbine Dam,CA,Sockeye salmon,absent,,absent,,,CA21563
CA-179,Columbine Dam,CA,Pink salmon,absent,,absent,,,CA21563
CA-179,Columbine Dam,CA,Bull trout,absent,,absent,,,CA21563
CA-179,Columbine Dam,CA,Redband trout,no network,,absent,-1.0,-1.0,CA21563
CA-180,Lower Mill Creek Dam ,CA,Chinook salmon,absent,,absent,0.0,0.0,CA98347
CA-180,Lower Mill Creek Dam ,CA,Coho salmon,absent,,present,0.0,0.0,CA98347
CA-180,Lower Mill Creek Dam ,CA,Steelhead,absent,,present,0.0,0.0,CA98347
CA-180,Lower Mill Creek Dam ,CA,Pacific lamprey,absent,,absent,0.0,0.0,CA98347
CA-180,Lower Mill Creek Dam ,CA,Coastal cutthroat trout,absent,,absent,0.0,0.0,CA98347
CA-180,Lower Mill Creek Dam ,CA,Chum salmon,absent,,absent,,,CA98347
CA-180,Lower Mill Creek Dam ,CA,Sockeye salmon,absent,,absent,,,CA98347
CA-180,Lower Mill Creek Dam ,CA,Pink salmon,absent,,absent,,,CA98347
CA-180,Lower Mill Creek Dam ,CA,Bull trout,absent,,absent,,,CA98347
CA-180,Lower Mill Creek Dam ,CA,Redband trout,absent,,absent,0.0,0.0,CA98347
CA-181,Cedar Creek Hatchery Dam,CA,Chinook salmon,absent,,absent,0.0,0.0,CA101084
CA-181,Cedar Creek Hatchery Dam,CA,Coho salmon,absent,,present,0.0,0.0,CA101084
CA-181,Cedar Creek Hatchery Dam,CA,Steelhead,absent,,present,0.0,0.0,CA101084
CA-181,Cedar Creek Hatchery Dam,CA,Pacific lamprey,absent,,absent,0.0,0.0,CA101084
CA-181,Cedar Creek Hatchery Dam,CA,Coastal cutthroat trout,present,downstream only,absent,0.0,78.335,CA101084
CA-181,Cedar Creek Hatchery Dam,CA,Chum salmon,absent,,absent,,,CA101084
CA-181,Cedar Creek Hatchery Dam,CA,Sockeye salmon,absent,,absent,,,CA101084
CA-181,Cedar Creek Hatchery Dam,CA,Pink salmon,absent,,absent,,,CA101084
CA-181,Cedar Creek Hatchery Dam,CA,Bull trout,absent,,absent,,,CA101084
CA-181,Cedar Creek Hatchery Dam,CA,Redband trout,absent,,absent,0.0,0.0,CA101084
CA-182,Copco 2 Dam,CA,Chinook salmon,present,upstream,absent,0.365,7.855,CA70535
CA-182,Copco 2 Dam,CA,Coho salmon,present,upstream,absent,0.365,2.163,CA70535
CA-182,Copco 2 Dam,CA,Steelhead,present,upstream,absent,0.365,7.855,CA70535
CA-182,Copco 2 Dam,CA,Pacific lamprey,present,upstream,absent,0.365,3.875,CA70535
CA-182,Copco 2 Dam,CA,Coastal cutthroat trout,absent,,absent,0.0,0.0,CA70535
CA-182,Copco 2 Dam,CA,Chum salmon,absent,,absent,,,CA70535
CA-182,Copco 2 Dam,CA,Sockeye salmon,absent,,absent,,,CA70535
CA-182,Copco 2 Dam,CA,Pink salmon,absent,,absent,,,CA70535
CA-182,Copco 2 Dam,CA,Bull trout,absent,,absent,,,CA70535
CA-182,Copco 2 Dam,CA,Redband trout,present,downstream only,absent,0.0,1.295,CA70535
CA-183,Double U Fish Ranch Dam,CA,Chinook salmon,no network,,absent,-1.0,-1.0,CA23556
CA-183,Double U Fish Ranch Dam,CA,Coho salmon,no network,,absent,-1.0,-1.0,CA23556
CA-183,Double U Fish Ranch Dam,CA,Steelhead,no network,,absent,-1.0,-1.0,CA23556
CA-183,Double U Fish Ranch Dam,CA,Pacific lamprey,no network,,absent,-1.0,-1.0,CA23556
CA-183,Double U Fish Ranch Dam,CA,Coastal cutthroat trout,no network,,absent,-1.0,-1.0,CA23556
CA-183,Double U Fish Ranch Dam,CA,Chum salmon,absent,,absent,,,CA23556
CA-183,Double U Fish Ranch Dam,CA,Sockeye salmon,absent,,absent,,,CA23556
CA-183,Double U Fish Ranch Dam,CA,Pink salmon,absent,,absent,,,CA23556
CA-183,Double U Fish Ranch Dam,CA,Bull trout,absent,,absent,,,CA23556
CA-183,Double U Fish Ranch Dam,CA,Redband trout,no network,,absent,-1.0,-1.0,CA23556
CA-184,East Weaver Creek Dam,CA,Chinook salmon,absent,,present,0.0,0.0,CA100084
CA-184,East Weaver Creek Dam,CA,Coho salmon,absent,,absent,0.0,0.0,CA100084
CA-184,East Weaver Creek Dam,CA,Steelhead,absent,,present,0.0,0.0,CA100084
CA-184,East Weaver Creek Dam,CA,Pacific lamprey,absent,,absent,0.0,0.0,CA100084
CA-184,East Weaver Creek Dam,CA,Coastal cutthroat trout,absent,,absent,0.0,0.0,CA100084
CA-184,East Weaver Creek Dam,CA,Chum salmon,absent,,absent,,,CA100084
CA-184,East Weaver Creek Dam,CA,Sockeye salmon,absent,,absent,,,CA100084
CA-184,East Weaver Creek Dam,CA,Pink salmon,absent,,absent,,,CA100084
CA-184,East Weaver Creek Dam,CA,Bull trout,absent,,absent,,,CA100084
CA-184,East Weaver Creek Dam,CA,Redband trout,absent,,absent,0.0,0.0,CA100084
CA-185,Copco No. 1 Dam,CA,Chinook salmon,present,upstream,absent,12.827,7.855,CA80029
CA-185,Copco No. 1 Dam,CA,Coho salmon,present,upstream,absent,11.809,2.163,CA80029
CA-185,Copco No. 1 Dam,CA,Steelhead,present,upstream,absent,12.827,7.855,CA80029
CA-185,Copco No. 1 Dam,CA,Pacific lamprey,present,upstream,absent,11.809,3.875,CA80029
CA-185,Copco No. 1 Dam,CA,Coastal cutthroat trout,absent,,absent,0.0,0.0,CA80029
CA-185,Copco No. 1 Dam,CA,Chum salmon,absent,,absent,,,CA80029
CA-185,Copco No. 1 Dam,CA,Sockeye salmon,absent,,absent,,,CA80029
CA-185,Copco No. 1 Dam,CA,Pink salmon,absent,,absent,,,CA80029
CA-185,Copco No. 1 Dam,CA,Bull trout,absent,,absent,,,CA80029
CA-185,Copco No. 1 Dam,CA,Redband trout,present,upstream,absent,0.362,1.295,CA80029
CA-186,Iron Gate Dam,CA,Chinook salmon,present,upstream,present,35.547,3.268,CA56160
CA-186,Iron Gate Dam,CA,Coho salmon,present,upstream,present,26.602,8.653,CA56160
CA-186,Iron Gate Dam,CA,Steelhead,present,upstream,present,35.547,8.913,CA56160
CA-186,Iron Gate Dam,CA,Pacific lamprey,present,upstream,present,30.549,0.0,CA56160
CA-186,Iron Gate Dam,CA,Coastal cutthroat trout,absent,,absent,0.0,0.0,CA56160
CA-186,Iron Gate Dam,CA,Chum salmon,absent,,absent,,,CA56160
CA-186,Iron Gate Dam,CA,Sockeye salmon,absent,,absent,,,CA56160
CA-186,Iron Gate Dam,CA,Pink salmon,absent,,absent,,,CA56160
CA-186,Iron Gate Dam,CA,Bull trout,absent,,absent,,,CA56160
CA-186,Iron Gate Dam,CA,Redband trout,present,upstream,absent,2.57,9.832,CA56160
CA-187,Neefus Gulch Earthen Berm Dam,CA,Chinook salmon,absent,,absent,0.0,0.0,CA101330
CA-187,Neefus Gulch Earthen Berm Dam,CA,Coho salmon,absent,,absent,0.0,0.0,CA101330
CA-187,Neefus Gulch Earthen Berm Dam,CA,Steelhead,absent,,absent,0.0,0.0,CA101330
CA-187,Neefus Gulch Earthen Berm Dam,CA,Pacific lamprey,absent,,absent,0.0,0.0,CA101330
CA-187,Neefus Gulch Earthen Berm Dam,CA,Coastal cutthroat trout,absent,,absent,0.0,0.0,CA101330
CA-187,Neefus Gulch Earthen Berm Dam,CA,Chum salmon,absent,,absent,,,CA101330
CA-187,Neefus Gulch Earthen Berm Dam,CA,Sockeye salmon,absent,,absent,,,CA101330
CA-187,Neefus Gulch Earthen Berm Dam,CA,Pink salmon,absent,,absent,,,CA101330
CA-187,Neefus Gulch Earthen Berm Dam,CA,Bull trout,absent,,absent,,,CA101330
CA-187,Neefus Gulch Earthen Berm Dam,CA,Redband trout,absent,,absent,0.0,0.0,CA101330
CA-188,Pickell's Dam,CA,Chinook salmon,unlinked,,absent,,,
CA-188,Pickell's Dam,CA,Coho salmon,unlinked,,absent,,,
CA-188,Pickell's Dam,CA,Steelhead,unlinked,,present,,,
CA-188,Pickell's Dam,CA,Pacific lamprey,unlinked,,absent,,,
CA-188,Pickell's Dam,CA,Coastal cutthroat trout,unlinked,,absent,,,
CA-188,Pickell's Dam,CA,Chum salmon,unlinked,,absent,,,
CA-188,Pickell's Dam,CA,Sockeye salmon,unlinked,,absent,,,
CA-188,Pickell's Dam,CA,Pink salmon,unlinked,,absent,,,
CA-188,Pickell's Dam,CA,Bull trout,unlinked,,absent,,,
CA-188,Pickell's Dam,CA,Redband trout,unlinked,,absent,,,
CA-189,Jenny Creek Diversion Dam,CA,Chinook salmon,absent,,absent,0.0,0.0,CA104435
CA-189,Jenny Creek Diversion Dam,CA,Coho salmon,absent,,absent,0.0,0.0,CA104435
CA-189,Jenny Creek Diversion Dam,CA,Steelhead,absent,,absent,0.0,0.0,CA104435
CA-189,Jenny Creek Diversion Dam,CA,Pacific lamprey,absent,,absent,0.0,0.0,CA104435
CA-189,Jenny Creek Diversion Dam,CA,Coastal cutthroat trout,absent,,absent,0.0,0.0,CA104435
CA-189,Jenny Creek Diversion Dam,CA,Chum salmon,absent,,absent,,,CA104435
CA-189,Jenny Creek Diversion Dam,CA,Sockeye salmon,absent,,absent,,,CA104435
CA-189,Jenny Creek Diversion Dam,CA,Pink salmon,absent,,absent,,,CA104435
CA-189,Jenny Creek Diversion Dam,CA,Bull trout,absent,,absent,,,CA104435
CA-189,Jenny Creek Diversion Dam,CA,Redband trout,present,upstream,absent,0.105,0.512,CA104435
CA-190,Inskip Dam,CA,Chinook salmon,absent,,present,0.0,0.0,CA102738
CA-190,Inskip Dam,CA,Coho salmon,absent,,absent,0.0,0.0,CA102738
CA-190,Inskip Dam,CA,Steelhead,absent,,absent,0.0,0.0,CA102738
CA-190,Inskip Dam,CA,Pacific lamprey,absent,,present,0.0,0.0,CA102738
CA-190,Inskip Dam,CA,Coastal cutthroat trout,absent,,absent,0.0,0.0,CA102738
CA-190,Inskip Dam,CA,Chum salmon,absent,,absent,,,CA102738
CA-190,Inskip Dam,CA,Sockeye salmon,absent,,absent,,,CA102738
CA-190,Inskip Dam,CA,Pink salmon,absent,,absent,,,CA102738
CA-190,Inskip Dam,CA,Bull trout,absent,,absent,,,CA102738
CA-190,Inskip Dam,CA,Redband trout,absent,,absent,0.0,0.0,CA102738
OR-001,Lafayette Locks Dam,OR,Chinook salmon,present,upstream,present,7.921,225.401,OR1312
OR-001,Lafayette Locks Dam,OR,Coho salmon,present,upstream,present,3.141,161.649,OR1312
OR-001,Lafayette Locks Dam,OR,Steelhead,present,upstream,present,7.921,239.191,OR1312
OR-001,Lafayette Locks Dam,OR,Pacific lamprey,present,upstream,present,3.141,163.366,OR1312
OR-001,Lafayette Locks Dam,OR,Coastal cutthroat trout,present,upstream,present,10.146,698.993,OR1312
OR-001,Lafayette Locks Dam,OR,Chum salmon,absent,,absent,0.0,0.0,OR1312
OR-001,Lafayette Locks Dam,OR,Sockeye salmon,absent,,absent,0.0,0.0,OR1312
OR-001,Lafayette Locks Dam,OR,Pink salmon,absent,,absent,0.0,0.0,OR1312
OR-001,Lafayette Locks Dam,OR,Bull trout,absent,,absent,0.0,0.0,OR1312
OR-001,Lafayette Locks Dam,OR,Redband trout,absent,,absent,0.0,0.0,OR1312
OR-002,Catching Dam,OR,Chinook salmon,present,upstream,present,38.118,46.695,OR6544
OR-002,Catching Dam,OR,Coho salmon,absent,,absent,0.0,0.0,OR6544
OR-002,Catching Dam,OR,Steelhead,absent,,absent,0.0,0.0,OR6544
OR-002,Catching Dam,OR,Pacific lamprey,present,downstream only,absent,0.0,15.761,OR6544
OR-002,Catching Dam,OR,Coastal cutthroat trout,present,upstream,present,105.072,140.733,OR6544
OR-002,Catching Dam,OR,Chum salmon,absent,,absent,0.0,0.0,OR6544
OR-002,Catching Dam,OR,Sockeye salmon,absent,,absent,0.0,0.0,OR6544
OR-002,Catching Dam,OR,Pink salmon,absent,,absent,0.0,0.0,OR6544
OR-002,Catching Dam,OR,Bull trout,present,upstream,absent,11.057,28.913,OR6544
OR-002,Catching Dam,OR,Redband trout,absent,,absent,0.0,0.0,OR6544
OR-003,Marie Dorian Dam,OR,Chinook salmon,present,upstream,absent,0.499,1.666,OR6545
OR-003,Marie Dorian Dam,OR,Coho salmon,absent,,absent,0.0,0.0,OR6545
OR-003,Marie Dorian Dam,OR,Steelhead,present,upstream,present,0.499,15.808,OR6545
OR-003,Marie Dorian Dam,OR,Pacific lamprey,present,upstream,absent,0.499,1.666,OR6545
OR-003,Marie Dorian Dam,OR,Coastal cutthroat trout,absent,,absent,0.0,0.0,OR6545
OR-003,Marie Dorian Dam,OR,Chum salmon,absent,,absent,0.0,0.0,OR6545
OR-003,Marie Dorian Dam,OR,Sockeye salmon,absent,,absent,0.0,0.0,OR6545
OR-003,Marie Dorian Dam,OR,Pink salmon,absent,,absent,0.0,0.0,OR6545
OR-003,Marie Dorian Dam,OR,Bull trout,present,upstream,present,0.499,7.807,OR6545
OR-003,Marie Dorian Dam,OR,Redband trout,present,upstream,present,0.499,15.808,OR6545
OR-004,Jackson Street Dam,OR,Chinook salmon,present,upstream,present,0.629,0.674,OR1131
OR-004,Jackson Street Dam,OR,Coho salmon,present,upstream,present,0.629,0.674,OR1131
OR-004,Jackson Street Dam,OR,Steelhead,present,upstream,present,0.629,2.206,OR1131
OR-004,Jackson Street Dam,OR,Pacific lamprey,present,upstream,present,0.629,0.674,OR1131
OR-004,Jackson Street Dam,OR,Coastal cutthroat trout,present,upstream,present,0.629,2.662,OR1131
OR-004,Jackson Street Dam,OR,Chum salmon,absent,,absent,0.0,0.0,OR1131
OR-004,Jackson Street Dam,OR,Sockeye salmon,absent,,absent,0.0,0.0,OR1131
OR-004,Jackson Street Dam,OR,Pink salmon,absent,,absent,0.0,0.0,OR1131
OR-004,Jackson Street Dam,OR,Bull trout,absent,,absent,0.0,0.0,OR1131
OR-004,Jackson Street Dam,OR,Redband trout,absent,,absent,0.0,0.0,OR1131
OR-005,Alphonso Dam,OR,Chinook salmon,absent,,absent,0.0,0.0,OR6546
OR-005,Alphonso Dam,OR,Coho salmon,present,upstream,present,0.75,0.552,OR6546
OR-005,Alphonso Dam,OR,Steelhead,present,upstream,present,1.526,0.552,OR6546
OR-005,Alphonso Dam,OR,Pacific lamprey,present,upstream,present,0.75,0.552,OR6546
OR-005,Alphonso Dam,OR,Coastal cutthroat trout,present,upstream,present,2.003,0.552,OR6546
OR-005,Alphonso Dam,OR,Chum salmon,absent,,absent,0.0,0.0,OR6546
OR-005,Alphonso Dam,OR,Sockeye salmon,absent,,absent,0.0,0.0,OR6546
OR-005,Alphonso Dam,OR,Pink salmon,absent,,absent,0.0,0.0,OR6546
OR-005,Alphonso Dam,OR,Bull trout,absent,,absent,0.0,0.0,OR6546
OR-005,Alphonso Dam,OR,Redband trout,absent,,absent,0.0,0.0,OR6546
OR-007,Lithia Park Dam 1,OR,Chinook salmon,absent,,absent,0.0,0.0,OR6547
OR-007,Lithia Park Dam 1,OR,Coho salmon,present,upstream,present,1.391,0.191,OR6547
OR-007,Lithia Park Dam 1,OR,Steelhead,present,upstream,present,1.391,0.191,OR6547
OR-007,Lithia Park Dam 1,OR,Pacific lamprey,absent,,absent,0.0,0.0,OR6547
OR-007,Lithia Park Dam 1,OR,Coastal cutthroat trout,present,upstream,present,1.391,0.191,OR6547
OR-007,Lithia Park Dam 1,OR,Chum salmon,absent,,absent,0.0,0.0,OR6547
OR-007,Lithia Park Dam 1,OR,Sockeye salmon,absent,,absent,0.0,0.0,OR6547
OR-007,Lithia Park Dam 1,OR,Pink salmon,absent,,absent,0.0,0.0,OR6547
OR-007,Lithia Park Dam 1,OR,Bull trout,absent,,absent,0.0,0.0,OR6547
OR-007,Lithia Park Dam 1,OR,Redband trout,absent,,absent,0.0,0.0,OR6547
OR-008,Lithia Park Dam 2,OR,Chinook salmon,absent,,absent,0.0,0.0,OR6547
OR-008,Lithia Park Dam 2,OR,Coho salmon,present,upstream,present,1.391,0.191,OR6547
OR-008,Lithia Park Dam 2,OR,Steelhead,present,upstream,present,1.391,0.191,OR6547
OR-008,Lithia Park Dam 2,OR,Pacific lamprey,absent,,absent,0.0,0.0,OR6547
OR-008,Lithia Park Dam 2,OR,Coastal cutthroat trout,present,upstream,present,1.391,0.191,OR6547
OR-008,Lithia Park Dam 2,OR,Chum salmon,absent,,absent,0.0,0.0,OR6547
OR-008,Lithia Park Dam 2,OR,Sockeye salmon,absent,,absent,0.0,0.0,OR6547
OR-008,Lithia Park Dam 2,OR,Pink salmon,absent,,absent,0.0,0.0,OR6547
OR-008,Lithia Park Dam 2,OR,Bull trout,absent,,absent,0.0,0.0,OR6547
OR-008,Lithia Park Dam 2,OR,Redband trout,absent,,absent,0.0,0.0,OR6547
OR-009,Lithia Park Dam 3,OR,Chinook salmon,absent,,absent,0.0,0.0,OR6548
OR-009,Lithia Park Dam 3,OR,Coho salmon,present,upstream,present,1.283,0.108,OR6548
OR-009,Lithia Park Dam 3,OR,Steelhead,present,upstream,present,1.283,0.108,OR6548
OR-009,Lithia Park Dam 3,OR,Pacific lamprey,absent,,absent,0.0,0.0,OR6548
OR-009,Lithia Park Dam 3,OR,Coastal cutthroat trout,present,upstream,present,1.283,0.108,OR6548
OR-009,Lithia Park Dam 3,OR,Chum salmon,absent,,absent,0.0,0.0,OR6548
OR-009,Lithia Park Dam 3,OR,Sockeye salmon,absent,,absent,0.0,0.0,OR6548
OR-009,Lithia Park Dam 3,OR,Pink salmon,absent,,absent,0.0,0.0,OR6548
OR-009,Lithia Park Dam 3,OR,Bull trout,absent,,absent,0.0,0.0,OR6548
OR-009,Lithia Park Dam 3,OR,Redband trout,absent,,absent,0.0,0.0,OR6548
OR-010,Krouse-Haggar Push-up Dam,OR,Chinook salmon,present,upstream,present,8.707,9.433,OR6549
OR-010,Krouse-Haggar Push-up Dam,OR,Coho salmon,present,upstream,present,8.972,9.838,OR6549
OR-010,Krouse-Haggar Push-up Dam,OR,Steelhead,present,upstream,present,9.665,12.798,OR6549
OR-010,Krouse-Haggar Push-up Dam,OR,Pacific lamprey,present,upstream,present,7.484,9.433,OR6549
OR-010,Krouse-Haggar Push-up Dam,OR,Coastal cutthroat trout,present,upstream,present,10.719,16.92,OR6549
OR-010,Krouse-Haggar Push-up Dam,OR,Chum salmon,absent,,absent,0.0,0.0,OR6549
OR-010,Krouse-Haggar Push-up Dam,OR,Sockeye salmon,absent,,absent,0.0,0.0,OR6549
OR-010,Krouse-Haggar Push-up Dam,OR,Pink salmon,absent,,absent,0.0,0.0,OR6549
OR-010,Krouse-Haggar Push-up Dam,OR,Bull trout,absent,,absent,0.0,0.0,OR6549
OR-010,Krouse-Haggar Push-up Dam,OR,Redband trout,absent,,absent,0.0,0.0,OR6549
OR-011,Byrne Diversion Dam,OR,Chinook salmon,absent,,absent,0.0,0.0,OR6550
OR-011,Byrne Diversion Dam,OR,Coho salmon,present,upstream,present,0.23,1.149,OR6550
OR-011,Byrne Diversion Dam,OR,Steelhead,present,upstream,present,0.23,1.149,OR6550
OR-011,Byrne Diversion Dam,OR,Pacific lamprey,absent,,absent,0.0,0.0,OR6550
OR-011,Byrne Diversion Dam,OR,Coastal cutthroat trout,present,upstream,present,0.23,1.149,OR6550
OR-011,Byrne Diversion Dam,OR,Chum salmon,absent,,absent,0.0,0.0,OR6550
OR-011,Byrne Diversion Dam,OR,Sockeye salmon,absent,,absent,0.0,0.0,OR6550
OR-011,Byrne Diversion Dam,OR,Pink salmon,absent,,absent,0.0,0.0,OR6550
OR-011,Byrne Diversion Dam,OR,Bull trout,absent,,absent,0.0,0.0,OR6550
OR-011,Byrne Diversion Dam,OR,Redband trout,absent,,absent,0.0,0.0,OR6550
OR-012,Maple Gulch Diversion Dam,OR,Chinook salmon,present,downstream only,present,0.0,6.155,OR6551
OR-012,Maple Gulch Diversion Dam,OR,Coho salmon,present,downstream only,present,0.0,6.155,OR6551
OR-012,Maple Gulch Diversion Dam,OR,Steelhead,present,upstream,present,0.098,6.952,OR6551
OR-012,Maple Gulch Diversion Dam,OR,Pacific lamprey,present,downstream only,present,0.0,6.155,OR6551
OR-012,Maple Gulch Diversion Dam,OR,Coastal cutthroat trout,present,upstream,present,0.098,8.829,OR6551
OR-012,Maple Gulch Diversion Dam,OR,Chum salmon,absent,,absent,0.0,0.0,OR6551
OR-012,Maple Gulch Diversion Dam,OR,Sockeye salmon,absent,,absent,0.0,0.0,OR6551
OR-012,Maple Gulch Diversion Dam,OR,Pink salmon,absent,,absent,0.0,0.0,OR6551
OR-012,Maple Gulch Diversion Dam,OR,Bull trout,absent,,absent,0.0,0.0,OR6551
OR-012,Maple Gulch Diversion Dam,OR,Redband trout,absent,,absent,0.0,0.0,OR6551
OR-013,Rock Creek Dam,OR,Chinook salmon,absent,,absent,0.0,0.0,OR6552
OR-013,Rock Creek Dam,OR,Coho salmon,absent,,absent,0.0,0.0,OR6552
OR-013,Rock Creek Dam,OR,Steelhead,absent,,absent,0.0,0.0,OR6552
OR-013,Rock Creek Dam,OR,Pacific lamprey,absent,,absent,0.0,0.0,OR6552
OR-013,Rock Creek Dam,OR,Coastal cutthroat trout,absent,,absent,0.0,0.0,OR6552
OR-013,Rock Creek Dam,OR,Chum salmon,absent,,absent,0.0,0.0,OR6552
OR-013,Rock Creek Dam,OR,Sockeye salmon,absent,,absent,0.0,0.0,OR6552
OR-013,Rock Creek Dam,OR,Pink salmon,absent,,absent,0.0,0.0,OR6552
OR-013,Rock Creek Dam,OR,Bull trout,present,downstream only,absent,0.0,4.96,OR6552
OR-013,Rock Creek Dam,OR,Redband trout,present,upstream,absent,5.731,85.018,OR6552
OR-015,Buck & Jones Diversion Dam,OR,Chinook salmon,present,downstream only,absent,0.0,0.048,OR6553
OR-015,Buck & Jones Diversion Dam,OR,Coho salmon,present,downstream only,absent,0.0,0.048,OR6553
OR-015,Buck & Jones Diversion Dam,OR,Steelhead,present,upstream,present,3.5,0.935,OR6553
OR-015,Buck & Jones Diversion Dam,OR,Pacific lamprey,present,upstream,present,3.416,0.935,OR6553
OR-015,Buck & Jones Diversion Dam,OR,Coastal cutthroat trout,present,upstream,present,4.093,1.039,OR6553
OR-015,Buck & Jones Diversion Dam,OR,Chum salmon,absent,,absent,0.0,0.0,OR6553
OR-015,Buck & Jones Diversion Dam,OR,Sockeye salmon,absent,,absent,0.0,0.0,OR6553
OR-015,Buck & Jones Diversion Dam,OR,Pink salmon,absent,,absent,0.0,0.0,OR6553
OR-015,Buck & Jones Diversion Dam,OR,Bull trout,absent,,absent,0.0,0.0,OR6553
OR-015,Buck & Jones Diversion Dam,OR,Redband trout,absent,,absent,0.0,0.0,OR6553
OR-017,Brownsville Dam,OR,Chinook salmon,present,upstream,present,15.875,11.967,OR6554
OR-017,Brownsville Dam,OR,Coho salmon,absent,,absent,0.0,0.0,OR6554
OR-017,Brownsville Dam,OR,Steelhead,present,upstream,present,15.875,11.967,OR6554
OR-017,Brownsville Dam,OR,Pacific lamprey,present,upstream,present,15.875,11.967,OR6554
OR-017,Brownsville Dam,OR,Coastal cutthroat trout,present,upstream,present,202.928,15.622,OR6554
OR-017,Brownsville Dam,OR,Chum salmon,absent,,absent,0.0,0.0,OR6554
OR-017,Brownsville Dam,OR,Sockeye salmon,absent,,absent,0.0,0.0,OR6554
OR-017,Brownsville Dam,OR,Pink salmon,absent,,absent,0.0,0.0,OR6554
OR-017,Brownsville Dam,OR,Bull trout,absent,,absent,0.0,0.0,OR6554
OR-017,Brownsville Dam,OR,Redband trout,absent,,absent,0.0,0.0,OR6554
OR-018,Marmot Dam,OR,Chinook salmon,present,upstream,present,61.087,1053.244,OR6555
OR-018,Marmot Dam,OR,Coho salmon,present,upstream,present,92.32,1675.065,OR6555
OR-018,Marmot Dam,OR,Steelhead,present,upstream,present,124.036,1606.989,OR6555
OR-018,Marmot Dam,OR,Pacific lamprey,present,upstream,present,64.805,519.643,OR6555
OR-018,Marmot Dam,OR,Coastal cutthroat trout,present,upstream,present,153.017,1529.202,OR6555
OR-018,Marmot Dam,OR,Chum salmon,present,downstream only,absent,0.0,856.686,OR6555
OR-018,Marmot Dam,OR,Sockeye salmon,present,downstream only,absent,0.0,341.292,OR6555
OR-018,Marmot Dam,OR,Pink salmon,present,downstream only,absent,0.0,291.895,OR6555
OR-018,Marmot Dam,OR,Bull trout,present,downstream only,absent,0.0,326.51,OR6555
OR-018,Marmot Dam,OR,Redband trout,absent,,absent,0.0,0.0,OR6555
OR-019,South Fork Klaskanine Dam,OR,Chinook salmon,present,upstream,present,1.238,1053.244,OR6556
OR-019,South Fork Klaskanine Dam,OR,Coho salmon,present,upstream,present,1.576,1675.065,OR6556
OR-019,South Fork Klaskanine Dam,OR,Steelhead,present,upstream,present,1.576,1606.989,OR6556
OR-019,South Fork Klaskanine Dam,OR,Pacific lamprey,present,upstream,present,1.238,519.643,OR6556
OR-019,South Fork Klaskanine Dam,OR,Coastal cutthroat trout,present,upstream,present,3.773,1529.202,OR6556
OR-019,South Fork Klaskanine Dam,OR,Chum salmon,present,downstream only,present,0.0,856.686,OR6556
OR-019,South Fork Klaskanine Dam,OR,Sockeye salmon,present,downstream only,absent,0.0,341.292,OR6556
OR-019,South Fork Klaskanine Dam,OR,Pink salmon,present,downstream only,absent,0.0,291.895,OR6556
OR-019,South Fork Klaskanine Dam,OR,Bull trout,present,downstream only,absent,0.0,326.51,OR6556
OR-019,South Fork Klaskanine Dam,OR,Redband trout,absent,,absent,0.0,0.0,OR6556
OR-020,Elk Creek Dam,OR,Chinook salmon,unlinked,,present,,,
OR-020,Elk Creek Dam,OR,Coho salmon,unlinked,,present,,,
OR-020,Elk Creek Dam,OR,Steelhead,unlinked,,present,,,
OR-020,Elk Creek Dam,OR,Pacific lamprey,unlinked,,present,,,
OR-020,Elk Creek Dam,OR,Coastal cutthroat trout,unlinked,,present,,,
OR-020,Elk Creek Dam,OR,Chum salmon,unlinked,,absent,,,
OR-020,Elk Creek Dam,OR,Sockeye salmon,unlinked,,absent,,,
OR-020,Elk Creek Dam,OR,Pink salmon,unlinked,,absent,,,
OR-020,Elk Creek Dam,OR,Bull trout,unlinked,,absent,,,
OR-020,Elk Creek Dam,OR,Redband trout,unlinked,,absent,,,
OR-021,Gold Hill Dam,OR,Chinook salmon,present,upstream,present,4.203,0.35,OR2581
OR-021,Gold Hill Dam,OR,Coho salmon,present,upstream,present,5.636,0.35,OR2581
OR-021,Gold Hill Dam,OR,Steelhead,present,upstream,present,8.184,0.35,OR2581
OR-021,Gold Hill Dam,OR,Pacific lamprey,present,upstream,present,5.457,0.35,OR2581
OR-021,Gold Hill Dam,OR,Coastal cutthroat trout,present,upstream,present,9.845,0.368,OR2581
OR-021,Gold Hill Dam,OR,Chum salmon,absent,,absent,0.0,0.0,OR2581
OR-021,Gold Hill Dam,OR,Sockeye salmon,absent,,absent,0.0,0.0,OR2581
OR-021,Gold Hill Dam,OR,Pink salmon,absent,,absent,0.0,0.0,OR2581
OR-021,Gold Hill Dam,OR,Bull trout,absent,,absent,0.0,0.0,OR2581
OR-021,Gold Hill Dam,OR,Redband trout,absent,,absent,0.0,0.0,OR2581
OR-022,Chiloquin Dam,OR,Chinook salmon,no network,,present,-1.0,-1.0,OR6557
OR-022,Chiloquin Dam,OR,Coho salmon,no network,,absent,-1.0,-1.0,OR6557
OR-022,Chiloquin Dam,OR,Steelhead,no network,,present,-1.0,-1.0,OR6557
OR-022,Chiloquin Dam,OR,Pacific lamprey,no network,,absent,-1.0,-1.0,OR6557
OR-022,Chiloquin Dam,OR,Coastal cutthroat trout,no network,,absent,-1.0,-1.0,OR6557
OR-022,Chiloquin Dam,OR,Chum salmon,no network,,absent,-1.0,-1.0,OR6557
OR-022,Chiloquin Dam,OR,Sockeye salmon,no network,,absent,-1.0,-1.0,OR6557
OR-022,Chiloquin Dam,OR,Pink salmon,no network,,absent,-1.0,-1.0,OR6557
OR-022,Chiloquin Dam,OR,Bull trout,no network,,absent,-1.0,-1.0,OR6557
OR-022,Chiloquin Dam,OR,Redband trout,no network,,present,-1.0,-1.0,OR6557
OR-023,Savage Rapids Dam,OR,Chinook salmon,no network,,present,-1.0,-1.0,OR6558
OR-023,Savage Rapids Dam,OR,Coho salmon,no network,,present,-1.0,-1.0,OR6558
OR-023,Savage Rapids Dam,OR,Steelhead,no network,,present,-1.0,-1.0,OR6558
OR-023,Savage Rapids Dam,OR,Pacific lamprey,no network,,present,-1.0,-1.0,OR6558
OR-023,Savage Rapids Dam,OR,Coastal cutthroat trout,no network,,present,-1.0,-1.0,OR6558
OR-023,Savage Rapids Dam,OR,Chum salmon,no network,,absent,-1.0,-1.0,OR6558
OR-023,Savage Rapids Dam,OR,Sockeye salmon,no network,,absent,-1.0,-1.0,OR6558
OR-023,Savage Rapids Dam,OR,Pink salmon,no network,,absent,-1.0,-1.0,OR6558
OR-023,Savage Rapids Dam,OR,Bull trout,no network,,absent,-1.0,-1.0,OR6558
OR-023,Savage Rapids Dam,OR,Redband trout,no network,,absent,-1.0,-1.0,OR6558
OR-024,Gold Ray Dam,OR,Chinook salmon,present,upstream,present,61.335,4.553,OR6559
OR-024,Gold Ray Dam,OR,Coho salmon,present,upstream,present,95.346,5.986,OR6559
OR-024,Gold Ray Dam,OR,Steelhead,present,upstream,present,148.77,8.535,OR6559
OR-024,Gold Ray Dam,OR,Pacific lamprey,present,upstream,present,58.769,5.808,OR6559
OR-024,Gold Ray Dam,OR,Coastal cutthroat trout,present,upstream,present,181.276,10.214,OR6559
OR-024,Gold Ray Dam,OR,Chum salmon,absent,,absent,0.0,0.0,OR6559
OR-024,Gold Ray Dam,OR,Sockeye salmon,absent,,absent,0.0,0.0,OR6559
OR-024,Gold Ray Dam,OR,Pink salmon,absent,,absent,0.0,0.0,OR6559
OR-024,Gold Ray Dam,OR,Bull trout,absent,,absent,0.0,0.0,OR6559
OR-024,Gold Ray Dam,OR,Redband trout,absent,,absent,0.0,0.0,OR6559
OR-025,Powerdale Dam,OR,Chinook salmon,present,upstream,present,9.819,51.416,OR6560
OR-025,Powerdale Dam,OR,Coho salmon,present,upstream,present,17.177,102.424,OR6560
OR-025,Powerdale Dam,OR,Steelhead,present,upstream,present,20.181,163.278,OR6560
OR-025,Powerdale Dam,OR,Pacific lamprey,present,upstream,present,9.773,4.623,OR6560
OR-025,Powerdale Dam,OR,Coastal cutthroat trout,present,upstream,present,36.706,61.161,OR6560
OR-025,Powerdale Dam,OR,Chum salmon,present,downstream only,absent,0.0,0.516,OR6560
OR-025,Powerdale Dam,OR,Sockeye salmon,present,downstream only,absent,0.0,0.052,OR6560
OR-025,Powerdale Dam,OR,Pink salmon,present,downstream only,absent,0.0,0.052,OR6560
OR-025,Powerdale Dam,OR,Bull trout,present,upstream,present,9.819,5.758,OR6560
OR-025,Powerdale Dam,OR,Redband trout,present,upstream,present,20.181,17.506,OR6560
OR-026,Sodom Dam,OR,Chinook salmon,no network,,present,-1.0,-1.0,OR6561
OR-026,Sodom Dam,OR,Coho salmon,no network,,absent,-1.0,-1.0,OR6561
OR-026,Sodom Dam,OR,Steelhead,no network,,present,-1.0,-1.0,OR6561
OR-026,Sodom Dam,OR,Pacific lamprey,no network,,present,-1.0,-1.0,OR6561
OR-026,Sodom Dam,OR,Coastal cutthroat trout,no network,,present,-1.0,-1.0,OR6561
OR-026,Sodom Dam,OR,Chum salmon,no network,,absent,-1.0,-1.0,OR6561
OR-026,Sodom Dam,OR,Sockeye salmon,no network,,absent,-1.0,-1.0,OR6561
OR-026,Sodom Dam,OR,Pink salmon,no network,,absent,-1.0,-1.0,OR6561
OR-026,Sodom Dam,OR,Bull trout,no network,,absent,-1.0,-1.0,OR6561
OR-026,Sodom Dam,OR,Redband trout,no network,,absent,-1.0,-1.0,OR6561
OR-027,Fivemile Creek Irrigation Diversion Dam,OR,Chinook salmon,present,upstream,absent,1.075,60.831,OR6562
OR-027,Fivemile Creek Irrigation Diversion Dam,OR,Coho salmon,absent,,absent,0.0,0.0,OR6562
OR-027,Fivemile Creek Irrigation Diversion Dam,OR,Steelhead,present,upstream,present,0.247,70.661,OR6562
OR-027,Fivemile Creek Irrigation Diversion Dam,OR,Pacific lamprey,present,downstream only,absent,0.0,33.461,OR6562
OR-027,Fivemile Creek Irrigation Diversion Dam,OR,Coastal cutthroat trout,absent,,absent,0.0,0.0,OR6562
OR-027,Fivemile Creek Irrigation Diversion Dam,OR,Chum salmon,absent,,absent,0.0,0.0,OR6562
OR-027,Fivemile Creek Irrigation Diversion Dam,OR,Sockeye salmon,absent,,absent,0.0,0.0,OR6562
OR-027,Fivemile Creek Irrigation Diversion Dam,OR,Pink salmon,absent,,absent,0.0,0.0,OR6562
OR-027,Fivemile Creek Irrigation Diversion Dam,OR,Bull trout,present,upstream,absent,0.247,34.261,OR6562
OR-027,Fivemile Creek Irrigation Diversion Dam,OR,Redband trout,present,upstream,present,0.247,76.567,OR6562
OR-028,South Fork Necanicum Diversion Dam,OR,Chinook salmon,no network,,absent,-1.0,-1.0,OR6563
OR-028,South Fork Necanicum Diversion Dam,OR,Coho salmon,no network,,absent,-1.0,-1.0,OR6563
OR-028,South Fork Necanicum Diversion Dam,OR,Steelhead,no network,,absent,-1.0,-1.0,OR6563
OR-028,South Fork Necanicum Diversion Dam,OR,Pacific lamprey,no network,,absent,-1.0,-1.0,OR6563
OR-028,South Fork Necanicum Diversion Dam,OR,Coastal cutthroat trout,no network,,absent,-1.0,-1.0,OR6563
OR-028,South Fork Necanicum Diversion Dam,OR,Chum salmon,no network,,absent,-1.0,-1.0,OR6563
OR-028,South Fork Necanicum Diversion Dam,OR,Sockeye salmon,no network,,absent,-1.0,-1.0,OR6563
OR-028,South Fork Necanicum Diversion Dam,OR,Pink salmon,no network,,absent,-1.0,-1.0,OR6563
OR-028,South Fork Necanicum Diversion Dam,OR,Bull trout,no network,,absent,-1.0,-1.0,OR6563
OR-028,South Fork Necanicum Diversion Dam,OR,Redband trout,no network,,absent,-1.0,-1.0,OR6563
OR-029,Campbell Road Diversion Dam,OR,Chinook salmon,present,upstream,absent,16.094,1.278,OR996
OR-029,Campbell Road Diversion Dam,OR,Coho salmon,absent,,absent,0.0,0.0,OR996
OR-029,Campbell Road Diversion Dam,OR,Steelhead,present,upstream,present,55.546,5.098,OR996
OR-029,Campbell Road Diversion Dam,OR,Pacific lamprey,present,upstream,absent,3.632,1.278,OR996
OR-029,Campbell Road Diversion Dam,OR,Coastal cutthroat trout,absent,,absent,0.0,0.0,OR996
OR-029,Campbell Road Diversion Dam,OR,Chum salmon,absent,,absent,0.0,0.0,OR996
OR-029,Campbell Road Diversion Dam,OR,Sockeye salmon,absent,,absent,0.0,0.0,OR996
OR-029,Campbell Road Diversion Dam,OR,Pink salmon,absent,,absent,0.0,0.0,OR996
OR-029,Campbell Road Diversion Dam,OR,Bull trout,present,upstream,absent,29.244,10.756,OR996
OR-029,Campbell Road Diversion Dam,OR,Redband trout,present,upstream,present,58.609,15.053,OR996
OR-030,Valsetz Dam ,OR,Chinook salmon,present,upstream,present,6.155,12.312,OR6564
OR-030,Valsetz Dam ,OR,Coho salmon,present,downstream only,absent,0.0,5.86,OR6564
OR-030,Valsetz Dam ,OR,Steelhead,present,upstream,present,15.822,17.122,OR6564
OR-030,Valsetz Dam ,OR,Pacific lamprey,present,downstream only,present,0.0,3.312,OR6564
OR-030,Valsetz Dam ,OR,Coastal cutthroat trout,present,upstream,present,46.269,42.239,OR6564
OR-030,Valsetz Dam ,OR,Chum salmon,absent,,absent,0.0,0.0,OR6564
OR-030,Valsetz Dam ,OR,Sockeye salmon,absent,,absent,0.0,0.0,OR6564
OR-030,Valsetz Dam ,OR,Pink salmon,absent,,absent,0.0,0.0,OR6564
OR-030,Valsetz Dam ,OR,Bull trout,absent,,absent,0.0,0.0,OR6564
OR-030,Valsetz Dam ,OR,Redband trout,absent,,absent,0.0,0.0,OR6564
OR-031,Sisters Dam Removal (Leithauser Dam),OR,Chinook salmon,present,upstream,present,1.555,2.225,OR1023
OR-031,Sisters Dam Removal (Leithauser Dam),OR,Coho salmon,absent,,absent,0.0,0.0,OR1023
OR-031,Sisters Dam Removal (Leithauser Dam),OR,Steelhead,present,upstream,present,1.555,2.225,OR1023
OR-031,Sisters Dam Removal (Leithauser Dam),OR,Pacific lamprey,absent,,absent,0.0,0.0,OR1023
OR-031,Sisters Dam Removal (Leithauser Dam),OR,Coastal cutthroat trout,absent,,absent,0.0,0.0,OR1023
OR-031,Sisters Dam Removal (Leithauser Dam),OR,Chum salmon,absent,,absent,0.0,0.0,OR1023
OR-031,Sisters Dam Removal (Leithauser Dam),OR,Sockeye salmon,absent,,absent,0.0,0.0,OR1023
OR-031,Sisters Dam Removal (Leithauser Dam),OR,Pink salmon,absent,,absent,0.0,0.0,OR1023
OR-031,Sisters Dam Removal (Leithauser Dam),OR,Bull trout,absent,,absent,0.0,0.0,OR1023
OR-031,Sisters Dam Removal (Leithauser Dam),OR,Redband trout,present,upstream,present,1.555,23.761,OR1023
OR-034,Taylor Dam ,OR,Chinook salmon,present,upstream,present,2.48,24.714,OR6565
OR-034,Taylor Dam ,OR,Coho salmon,present,upstream,present,2.545,24.714,OR6565
OR-034,Taylor Dam ,OR,Steelhead,present,upstream,present,2.545,27.459,OR6565
OR-034,Taylor Dam ,OR,Pacific lamprey,present,downstream only,absent,0.0,21.105,OR6565
OR-034,Taylor Dam ,OR,Coastal cutthroat trout,absent,,absent,0.0,0.0,OR6565
OR-034,Taylor Dam ,OR,Chum salmon,absent,,absent,0.0,0.0,OR6565
OR-034,Taylor Dam ,OR,Sockeye salmon,absent,,absent,0.0,0.0,OR6565
OR-034,Taylor Dam ,OR,Pink salmon,absent,,absent,0.0,0.0,OR6565
OR-034,Taylor Dam ,OR,Bull trout,present,downstream only,absent,0.0,21.105,OR6565
OR-034,Taylor Dam ,OR,Redband trout,present,upstream,present,2.545,27.459,OR6565
OR-035,Low Dam Removal,OR,Chinook salmon,present,downstream only,absent,0.0,46.076,OR6566
OR-035,Low Dam Removal,OR,Coho salmon,absent,,absent,0.0,0.0,OR6566
OR-035,Low Dam Removal,OR,Steelhead,present,downstream only,absent,0.0,315.84,OR6566
OR-035,Low Dam Removal,OR,Pacific lamprey,present,downstream only,absent,0.0,31.996,OR6566
OR-035,Low Dam Removal,OR,Coastal cutthroat trout,absent,,absent,0.0,0.0,OR6566
OR-035,Low Dam Removal,OR,Chum salmon,absent,,absent,0.0,0.0,OR6566
OR-035,Low Dam Removal,OR,Sockeye salmon,absent,,absent,0.0,0.0,OR6566
OR-035,Low Dam Removal,OR,Pink salmon,absent,,absent,0.0,0.0,OR6566
OR-035,Low Dam Removal,OR,Bull trout,present,downstream only,absent,0.0,55.552,OR6566
OR-035,Low Dam Removal,OR,Redband trout,present,downstream only,absent,0.0,317.145,OR6566
OR-036,Shear Dam,OR,Chinook salmon,no network,,absent,-1.0,-1.0,OR6567
OR-036,Shear Dam,OR,Coho salmon,no network,,absent,-1.0,-1.0,OR6567
OR-036,Shear Dam,OR,Steelhead,no network,,absent,-1.0,-1.0,OR6567
OR-036,Shear Dam,OR,Pacific lamprey,no network,,absent,-1.0,-1.0,OR6567
OR-036,Shear Dam,OR,Coastal cutthroat trout,no network,,present,-1.0,-1.0,OR6567
OR-036,Shear Dam,OR,Chum salmon,no network,,absent,-1.0,-1.0,OR6567
OR-036,Shear Dam,OR,Sockeye salmon,no network,,absent,-1.0,-1.0,OR6567
OR-036,Shear Dam,OR,Pink salmon,no network,,absent,-1.0,-1.0,OR6567
OR-036,Shear Dam,OR,Bull trout,no network,,absent,-1.0,-1.0,OR6567
OR-036,Shear Dam,OR,Redband trout,no network,,absent,-1.0,-1.0,OR6567
OR-037,Corral Creek Dam,OR,Chinook salmon,absent,,absent,0.0,0.0,OR7087
OR-037,Corral Creek Dam,OR,Coho salmon,absent,,absent,0.0,0.0,OR7087
OR-037,Corral Creek Dam,OR,Steelhead,absent,,absent,0.0,0.0,OR7087
OR-037,Corral Creek Dam,OR,Pacific lamprey,absent,,absent,0.0,0.0,OR7087
OR-037,Corral Creek Dam,OR,Coastal cutthroat trout,present,downstream only,absent,0.0,0.174,OR7087
OR-037,Corral Creek Dam,OR,Chum salmon,absent,,absent,0.0,0.0,OR7087
OR-037,Corral Creek Dam,OR,Sockeye salmon,absent,,absent,0.0,0.0,OR7087
OR-037,Corral Creek Dam,OR,Pink salmon,absent,,absent,0.0,0.0,OR7087
OR-037,Corral Creek Dam,OR,Bull trout,absent,,absent,0.0,0.0,OR7087
OR-037,Corral Creek Dam,OR,Redband trout,absent,,absent,0.0,0.0,OR7087
OR-038,Cox Creek Dam ,OR,Chinook salmon,present,upstream,present,0.218,543.202,OR6568
OR-038,Cox Creek Dam ,OR,Coho salmon,present,downstream only,absent,0.0,272.972,OR6568
OR-038,Cox Creek Dam ,OR,Steelhead,present,upstream,present,0.218,560.424,OR6568
OR-038,Cox Creek Dam ,OR,Pacific lamprey,present,downstream only,absent,0.0,576.482,OR6568
OR-038,Cox Creek Dam ,OR,Coastal cutthroat trout,present,upstream,present,0.218,2239.542,OR6568
OR-038,Cox Creek Dam ,OR,Chum salmon,absent,,absent,0.0,0.0,OR6568
OR-038,Cox Creek Dam ,OR,Sockeye salmon,absent,,absent,0.0,0.0,OR6568
OR-038,Cox Creek Dam ,OR,Pink salmon,absent,,absent,0.0,0.0,OR6568
OR-038,Cox Creek Dam ,OR,Bull trout,present,downstream only,absent,0.0,48.854,OR6568
OR-038,Cox Creek Dam ,OR,Redband trout,absent,,absent,0.0,0.0,OR6568
OR-039,Hamby Dam ,OR,Chinook salmon,absent,,absent,0.0,0.0,OR2978
OR-039,Hamby Dam ,OR,Coho salmon,absent,,absent,0.0,0.0,OR2978
OR-039,Hamby Dam ,OR,Steelhead,present,upstream,present,29.566,0.117,OR2978
OR-039,Hamby Dam ,OR,Pacific lamprey,absent,,absent,0.0,0.0,OR2978
OR-039,Hamby Dam ,OR,Coastal cutthroat trout,absent,,absent,0.0,0.0,OR2978
OR-039,Hamby Dam ,OR,Chum salmon,absent,,absent,0.0,0.0,OR2978
OR-039,Hamby Dam ,OR,Sockeye salmon,absent,,absent,0.0,0.0,OR2978
OR-039,Hamby Dam ,OR,Pink salmon,absent,,absent,0.0,0.0,OR2978
OR-039,Hamby Dam ,OR,Bull trout,absent,,absent,0.0,0.0,OR2978
OR-039,Hamby Dam ,OR,Redband trout,present,upstream,present,43.831,0.117,OR2978
OR-040,Sandy River Delta Dam ,OR,Chinook salmon,no network,,present,-1.0,-1.0,OR6569
OR-040,Sandy River Delta Dam ,OR,Coho salmon,no network,,present,-1.0,-1.0,OR6569
OR-040,Sandy River Delta Dam ,OR,Steelhead,no network,,present,-1.0,-1.0,OR6569
OR-040,Sandy River Delta Dam ,OR,Pacific lamprey,no network,,present,-1.0,-1.0,OR6569
OR-040,Sandy River Delta Dam ,OR,Coastal cutthroat trout,no network,,present,-1.0,-1.0,OR6569
OR-040,Sandy River Delta Dam ,OR,Chum salmon,no network,,present,-1.0,-1.0,OR6569
OR-040,Sandy River Delta Dam ,OR,Sockeye salmon,no network,,absent,-1.0,-1.0,OR6569
OR-040,Sandy River Delta Dam ,OR,Pink salmon,no network,,absent,-1.0,-1.0,OR6569
OR-040,Sandy River Delta Dam ,OR,Bull trout,no network,,absent,-1.0,-1.0,OR6569
OR-040,Sandy River Delta Dam ,OR,Redband trout,no network,,absent,-1.0,-1.0,OR6569
OR-041,Stearns Dam,OR,Chinook salmon,present,upstream,present,13.594,1.132,OR6239
OR-041,Stearns Dam,OR,Coho salmon,absent,,absent,0.0,0.0,OR6239
OR-041,Stearns Dam,OR,Steelhead,present,upstream,present,13.594,1.132,OR6239
OR-041,Stearns Dam,OR,Pacific lamprey,present,upstream,absent,13.594,1.132,OR6239
OR-041,Stearns Dam,OR,Coastal cutthroat trout,absent,,absent,0.0,0.0,OR6239
OR-041,Stearns Dam,OR,Chum salmon,absent,,absent,0.0,0.0,OR6239
OR-041,Stearns Dam,OR,Sockeye salmon,absent,,absent,0.0,0.0,OR6239
OR-041,Stearns Dam,OR,Pink salmon,absent,,absent,0.0,0.0,OR6239
OR-041,Stearns Dam,OR,Bull trout,absent,,absent,0.0,0.0,OR6239
OR-041,Stearns Dam,OR,Redband trout,present,upstream,present,13.594,1.132,OR6239
OR-042,Tokay Canal Dam ,OR,Chinook salmon,absent,,absent,0.0,0.0,OR873
OR-042,Tokay Canal Dam ,OR,Coho salmon,present,downstream only,present,0.0,0.481,OR873
OR-042,Tokay Canal Dam ,OR,Steelhead,present,downstream only,present,0.0,0.486,OR873
OR-042,Tokay Canal Dam ,OR,Pacific lamprey,absent,,absent,0.0,0.0,OR873
OR-042,Tokay Canal Dam ,OR,Coastal cutthroat trout,present,downstream only,present,0.0,0.483,OR873
OR-042,Tokay Canal Dam ,OR,Chum salmon,absent,,absent,0.0,0.0,OR873
OR-042,Tokay Canal Dam ,OR,Sockeye salmon,absent,,absent,0.0,0.0,OR873
OR-042,Tokay Canal Dam ,OR,Pink salmon,absent,,absent,0.0,0.0,OR873
OR-042,Tokay Canal Dam ,OR,Bull trout,absent,,absent,0.0,0.0,OR873
OR-042,Tokay Canal Dam ,OR,Redband trout,absent,,absent,0.0,0.0,OR873
OR-043,Wright Dam,OR,Chinook salmon,absent,,absent,0.0,0.0,OR3113
OR-043,Wright Dam,OR,Coho salmon,present,upstream,present,0.268,0.163,OR3113
OR-043,Wright Dam,OR,Steelhead,present,upstream,present,0.268,0.163,OR3113
OR-043,Wright Dam,OR,Pacific lamprey,present,upstream,present,0.268,0.163,OR3113
OR-043,Wright Dam,OR,Coastal cutthroat trout,present,upstream,present,0.268,0.163,OR3113
OR-043,Wright Dam,OR,Chum salmon,absent,,absent,0.0,0.0,OR3113
OR-043,Wright Dam,OR,Sockeye salmon,absent,,absent,0.0,0.0,OR3113
OR-043,Wright Dam,OR,Pink salmon,absent,,absent,0.0,0.0,OR3113
OR-043,Wright Dam,OR,Bull trout,absent,,absent,0.0,0.0,OR3113
OR-043,Wright Dam,OR,Redband trout,present,upstream,present,0.268,0.163,OR3113
OR-044,Zell Dam,OR,Chinook salmon,present,upstream,absent,3.316,2.165,OR6570
OR-044,Zell Dam,OR,Coho salmon,absent,,absent,0.0,0.0,OR6570
OR-044,Zell Dam,OR,Steelhead,present,upstream,present,3.832,16.307,OR6570
OR-044,Zell Dam,OR,Pacific lamprey,present,upstream,absent,3.832,2.165,OR6570
OR-044,Zell Dam,OR,Coastal cutthroat trout,absent,,absent,0.0,0.0,OR6570
OR-044,Zell Dam,OR,Chum salmon,absent,,absent,0.0,0.0,OR6570
OR-044,Zell Dam,OR,Sockeye salmon,absent,,absent,0.0,0.0,OR6570
OR-044,Zell Dam,OR,Pink salmon,absent,,absent,0.0,0.0,OR6570
OR-044,Zell Dam,OR,Bull trout,present,upstream,present,3.832,8.307,OR6570
OR-044,Zell Dam,OR,Redband trout,present,upstream,present,3.832,16.307,OR6570
OR-045,Hoeft Dam,OR,Chinook salmon,absent,,absent,0.0,0.0,OR2979
OR-045,Hoeft Dam,OR,Coho salmon,present,downstream only,present,0.0,4.111,OR2979
OR-045,Hoeft Dam,OR,Steelhead,present,upstream,present,32.847,4.172,OR2979
OR-045,Hoeft Dam,OR,Pacific lamprey,absent,,absent,0.0,0.0,OR2979
OR-045,Hoeft Dam,OR,Coastal cutthroat trout,absent,,absent,0.0,0.0,OR2979
OR-045,Hoeft Dam,OR,Chum salmon,absent,,absent,0.0,0.0,OR2979
OR-045,Hoeft Dam,OR,Sockeye salmon,absent,,absent,0.0,0.0,OR2979
OR-045,Hoeft Dam,OR,Pink salmon,absent,,absent,0.0,0.0,OR2979
OR-045,Hoeft Dam,OR,Bull trout,absent,,absent,0.0,0.0,OR2979
OR-045,Hoeft Dam,OR,Redband trout,present,upstream,present,32.722,4.172,OR2979
OR-046,Pine Meadow Ranch Dam ,OR,Chinook salmon,present,upstream,present,3.153,3.78,OR2713
OR-046,Pine Meadow Ranch Dam ,OR,Coho salmon,absent,,absent,0.0,0.0,OR2713
OR-046,Pine Meadow Ranch Dam ,OR,Steelhead,present,upstream,present,3.153,3.78,OR2713
OR-046,Pine Meadow Ranch Dam ,OR,Pacific lamprey,absent,,absent,0.0,0.0,OR2713
OR-046,Pine Meadow Ranch Dam ,OR,Coastal cutthroat trout,absent,,absent,0.0,0.0,OR2713
OR-046,Pine Meadow Ranch Dam ,OR,Chum salmon,absent,,absent,0.0,0.0,OR2713
OR-046,Pine Meadow Ranch Dam ,OR,Sockeye salmon,absent,,absent,0.0,0.0,OR2713
OR-046,Pine Meadow Ranch Dam ,OR,Pink salmon,absent,,absent,0.0,0.0,OR2713
OR-046,Pine Meadow Ranch Dam ,OR,Bull trout,absent,,absent,0.0,0.0,OR2713
OR-046,Pine Meadow Ranch Dam ,OR,Redband trout,present,upstream,present,3.153,25.316,OR2713
OR-047,Little Sandy River Dam,OR,Chinook salmon,present,upstream,present,5.401,1115.57,OR6571
OR-047,Little Sandy River Dam,OR,Coho salmon,present,upstream,present,5.401,1768.961,OR6571
OR-047,Little Sandy River Dam,OR,Steelhead,present,upstream,present,5.401,1732.6,OR6571
OR-047,Little Sandy River Dam,OR,Pacific lamprey,present,downstream only,absent,0.0,585.685,OR6571
OR-047,Little Sandy River Dam,OR,Coastal cutthroat trout,present,upstream,present,8.421,1685.992,OR6571
OR-047,Little Sandy River Dam,OR,Chum salmon,present,downstream only,absent,0.0,856.686,OR6571
OR-047,Little Sandy River Dam,OR,Sockeye salmon,present,downstream only,absent,0.0,341.292,OR6571
OR-047,Little Sandy River Dam,OR,Pink salmon,present,downstream only,absent,0.0,291.895,OR6571
OR-047,Little Sandy River Dam,OR,Bull trout,present,downstream only,absent,0.0,326.51,OR6571
OR-047,Little Sandy River Dam,OR,Redband trout,absent,,absent,0.0,0.0,OR6571
OR-048,Hogan Cedars Dam,OR,Chinook salmon,absent,,absent,0.0,0.0,OR3056
OR-048,Hogan Cedars Dam,OR,Coho salmon,present,upstream,present,6.093,3.714,OR3056
OR-048,Hogan Cedars Dam,OR,Steelhead,present,upstream,present,6.093,3.556,OR3056
OR-048,Hogan Cedars Dam,OR,Pacific lamprey,present,downstream only,present,0.0,0.035,OR3056
OR-048,Hogan Cedars Dam,OR,Coastal cutthroat trout,present,upstream,present,13.554,3.827,OR3056
OR-048,Hogan Cedars Dam,OR,Chum salmon,absent,,absent,0.0,0.0,OR3056
OR-048,Hogan Cedars Dam,OR,Sockeye salmon,absent,,absent,0.0,0.0,OR3056
OR-048,Hogan Cedars Dam,OR,Pink salmon,absent,,absent,0.0,0.0,OR3056
OR-048,Hogan Cedars Dam,OR,Bull trout,absent,,absent,0.0,0.0,OR3056
OR-048,Hogan Cedars Dam,OR,Redband trout,absent,,absent,0.0,0.0,OR3056
OR-049,Canyon Creek Meadows Dam,OR,Chinook salmon,present,downstream only,absent,0.0,0.703,OR6572
OR-049,Canyon Creek Meadows Dam,OR,Coho salmon,absent,,absent,0.0,0.0,OR6572
OR-049,Canyon Creek Meadows Dam,OR,Steelhead,present,downstream only,absent,0.0,35.892,OR6572
OR-049,Canyon Creek Meadows Dam,OR,Pacific lamprey,absent,,absent,0.0,0.0,OR6572
OR-049,Canyon Creek Meadows Dam,OR,Coastal cutthroat trout,absent,,absent,0.0,0.0,OR6572
OR-049,Canyon Creek Meadows Dam,OR,Chum salmon,absent,,absent,0.0,0.0,OR6572
OR-049,Canyon Creek Meadows Dam,OR,Sockeye salmon,absent,,absent,0.0,0.0,OR6572
OR-049,Canyon Creek Meadows Dam,OR,Pink salmon,absent,,absent,0.0,0.0,OR6572
OR-049,Canyon Creek Meadows Dam,OR,Bull trout,present,downstream only,absent,0.0,3.205,OR6572
OR-049,Canyon Creek Meadows Dam,OR,Redband trout,present,upstream,present,4.232,45.871,OR6572
OR-050,Fielder Dam,OR,Chinook salmon,present,upstream,present,6.636,86.853,OR6573
OR-050,Fielder Dam,OR,Coho salmon,present,upstream,present,7.456,112.755,OR6573
OR-050,Fielder Dam,OR,Steelhead,present,upstream,present,10.266,145.823,OR6573
OR-050,Fielder Dam,OR,Pacific lamprey,present,upstream,present,5.886,86.319,OR6573
OR-050,Fielder Dam,OR,Coastal cutthroat trout,present,upstream,present,12.126,179.231,OR6573
OR-050,Fielder Dam,OR,Chum salmon,absent,,absent,0.0,0.0,OR6573
OR-050,Fielder Dam,OR,Sockeye salmon,absent,,absent,0.0,0.0,OR6573
OR-050,Fielder Dam,OR,Pink salmon,absent,,absent,0.0,0.0,OR6573
OR-050,Fielder Dam,OR,Bull trout,absent,,absent,0.0,0.0,OR6573
OR-050,Fielder Dam,OR,Redband trout,absent,,absent,0.0,0.0,OR6573
OR-051,Wimer Dam,OR,Chinook salmon,present,upstream,present,2.485,1.208,OR6574
OR-051,Wimer Dam,OR,Coho salmon,present,upstream,present,2.485,1.208,OR6574
OR-051,Wimer Dam,OR,Steelhead,present,upstream,present,4.922,1.208,OR6574
OR-051,Wimer Dam,OR,Pacific lamprey,present,upstream,present,2.485,1.208,OR6574
OR-051,Wimer Dam,OR,Coastal cutthroat trout,present,upstream,present,6.057,1.326,OR6574
OR-051,Wimer Dam,OR,Chum salmon,absent,,absent,0.0,0.0,OR6574
OR-051,Wimer Dam,OR,Sockeye salmon,absent,,absent,0.0,0.0,OR6574
OR-051,Wimer Dam,OR,Pink salmon,absent,,absent,0.0,0.0,OR6574
OR-051,Wimer Dam,OR,Bull trout,absent,,absent,0.0,0.0,OR6574
OR-051,Wimer Dam,OR,Redband trout,absent,,absent,0.0,0.0,OR6574
OR-052,Odell Dam,OR,Chinook salmon,absent,,present,0.0,0.0,OR6575
OR-052,Odell Dam,OR,Coho salmon,absent,,present,0.0,0.0,OR6575
OR-052,Odell Dam,OR,Steelhead,present,upstream,present,8.158,0.438,OR6575
OR-052,Odell Dam,OR,Pacific lamprey,absent,,present,0.0,0.0,OR6575
OR-052,Odell Dam,OR,Coastal cutthroat trout,present,upstream,present,8.496,0.438,OR6575
OR-052,Odell Dam,OR,Chum salmon,absent,,absent,0.0,0.0,OR6575
OR-052,Odell Dam,OR,Sockeye salmon,absent,,absent,0.0,0.0,OR6575
OR-052,Odell Dam,OR,Pink salmon,absent,,absent,0.0,0.0,OR6575
OR-052,Odell Dam,OR,Bull trout,absent,,present,0.0,0.0,OR6575
OR-052,Odell Dam,OR,Redband trout,present,upstream,present,5.127,0.438,OR6575
OR-053,Million Irrigation Ditch Dam,OR,Chinook salmon,absent,,absent,0.0,0.0,OR2710
OR-053,Million Irrigation Ditch Dam,OR,Coho salmon,present,upstream,present,1.582,0.181,OR2710
OR-053,Million Irrigation Ditch Dam,OR,Steelhead,present,upstream,present,1.582,0.181,OR2710
OR-053,Million Irrigation Ditch Dam,OR,Pacific lamprey,absent,,absent,0.0,0.0,OR2710
OR-053,Million Irrigation Ditch Dam,OR,Coastal cutthroat trout,present,upstream,present,1.582,0.181,OR2710
OR-053,Million Irrigation Ditch Dam,OR,Chum salmon,absent,,absent,0.0,0.0,OR2710
OR-053,Million Irrigation Ditch Dam,OR,Sockeye salmon,absent,,absent,0.0,0.0,OR2710
OR-053,Million Irrigation Ditch Dam,OR,Pink salmon,absent,,absent,0.0,0.0,OR2710
OR-053,Million Irrigation Ditch Dam,OR,Bull trout,absent,,absent,0.0,0.0,OR2710
OR-053,Million Irrigation Ditch Dam,OR,Redband trout,absent,,absent,0.0,0.0,OR2710
OR-054,Dillon Diversion Dam ,OR,Chinook salmon,present,downstream only,present,0.0,22.563,OR6576
OR-054,Dillon Diversion Dam ,OR,Coho salmon,present,downstream only,present,0.0,32.248,OR6576
OR-054,Dillon Diversion Dam ,OR,Steelhead,present,downstream only,present,0.0,35.331,OR6576
OR-054,Dillon Diversion Dam ,OR,Pacific lamprey,present,downstream only,present,0.0,22.563,OR6576
OR-054,Dillon Diversion Dam ,OR,Coastal cutthroat trout,absent,,absent,0.0,0.0,OR6576
OR-054,Dillon Diversion Dam ,OR,Chum salmon,absent,,absent,0.0,0.0,OR6576
OR-054,Dillon Diversion Dam ,OR,Sockeye salmon,absent,,absent,0.0,0.0,OR6576
OR-054,Dillon Diversion Dam ,OR,Pink salmon,absent,,absent,0.0,0.0,OR6576
OR-054,Dillon Diversion Dam ,OR,Bull trout,present,downstream only,present,0.0,22.635,OR6576
OR-054,Dillon Diversion Dam ,OR,Redband trout,present,downstream only,present,0.0,35.331,OR6576
OR-055,Beeson-Robinson Diversion Dam,OR,Chinook salmon,absent,,absent,0.0,0.0,OR2668
OR-055,Beeson-Robinson Diversion Dam,OR,Coho salmon,present,downstream only,present,0.0,1.634,OR2668
OR-055,Beeson-Robinson Diversion Dam,OR,Steelhead,present,downstream only,present,0.0,4.093,OR2668
OR-055,Beeson-Robinson Diversion Dam,OR,Pacific lamprey,absent,,absent,0.0,0.0,OR2668
OR-055,Beeson-Robinson Diversion Dam,OR,Coastal cutthroat trout,present,downstream only,present,0.0,4.824,OR2668
OR-055,Beeson-Robinson Diversion Dam,OR,Chum salmon,absent,,absent,0.0,0.0,OR2668
OR-055,Beeson-Robinson Diversion Dam,OR,Sockeye salmon,absent,,absent,0.0,0.0,OR2668
OR-055,Beeson-Robinson Diversion Dam,OR,Pink salmon,absent,,absent,0.0,0.0,OR2668
OR-055,Beeson-Robinson Diversion Dam,OR,Bull trout,absent,,absent,0.0,0.0,OR2668
OR-055,Beeson-Robinson Diversion Dam,OR,Redband trout,absent,,absent,0.0,0.0,OR2668
OR-056,C-2 Meyers 1,OR,Chinook salmon,absent,,absent,0.0,0.0,OR6577
OR-056,C-2 Meyers 1,OR,Coho salmon,present,upstream,present,0.233,0.17,OR6577
OR-056,C-2 Meyers 1,OR,Steelhead,present,upstream,present,0.233,0.17,OR6577
OR-056,C-2 Meyers 1,OR,Pacific lamprey,absent,,absent,0.0,0.0,OR6577
OR-056,C-2 Meyers 1,OR,Coastal cutthroat trout,present,upstream,present,0.233,0.17,OR6577
OR-056,C-2 Meyers 1,OR,Chum salmon,absent,,absent,0.0,0.0,OR6577
OR-056,C-2 Meyers 1,OR,Sockeye salmon,absent,,absent,0.0,0.0,OR6577
OR-056,C-2 Meyers 1,OR,Pink salmon,absent,,absent,0.0,0.0,OR6577
OR-056,C-2 Meyers 1,OR,Bull trout,absent,,absent,0.0,0.0,OR6577
OR-056,C-2 Meyers 1,OR,Redband trout,absent,,absent,0.0,0.0,OR6577
OR-057,C-2 Meyers 2,OR,Chinook salmon,absent,,absent,0.0,0.0,OR6578
OR-057,C-2 Meyers 2,OR,Coho salmon,absent,,absent,0.0,0.0,OR6578
OR-057,C-2 Meyers 2,OR,Steelhead,absent,,absent,0.0,0.0,OR6578
OR-057,C-2 Meyers 2,OR,Pacific lamprey,absent,,absent,0.0,0.0,OR6578
OR-057,C-2 Meyers 2,OR,Coastal cutthroat trout,present,downstream only,present,0.0,2.035,OR6578
OR-057,C-2 Meyers 2,OR,Chum salmon,absent,,absent,0.0,0.0,OR6578
OR-057,C-2 Meyers 2,OR,Sockeye salmon,absent,,absent,0.0,0.0,OR6578
OR-057,C-2 Meyers 2,OR,Pink salmon,absent,,absent,0.0,0.0,OR6578
OR-057,C-2 Meyers 2,OR,Bull trout,absent,,absent,0.0,0.0,OR6578
OR-057,C-2 Meyers 2,OR,Redband trout,absent,,absent,0.0,0.0,OR6578
OR-058,Forest Creek Dam,OR,Chinook salmon,present,downstream only,absent,0.0,2.499,OR6579
OR-058,Forest Creek Dam,OR,Coho salmon,present,upstream,present,0.078,4.608,OR6579
OR-058,Forest Creek Dam,OR,Steelhead,present,upstream,present,0.078,6.001,OR6579
OR-058,Forest Creek Dam,OR,Pacific lamprey,present,downstream only,absent,0.0,1.236,OR6579
OR-058,Forest Creek Dam,OR,Coastal cutthroat trout,present,upstream,present,0.078,5.388,OR6579
OR-058,Forest Creek Dam,OR,Chum salmon,absent,,absent,0.0,0.0,OR6579
OR-058,Forest Creek Dam,OR,Sockeye salmon,absent,,absent,0.0,0.0,OR6579
OR-058,Forest Creek Dam,OR,Pink salmon,absent,,absent,0.0,0.0,OR6579
OR-058,Forest Creek Dam,OR,Bull trout,absent,,absent,0.0,0.0,OR6579
OR-058,Forest Creek Dam,OR,Redband trout,absent,,absent,0.0,0.0,OR6579
OR-059,Hartman Ditch Dam,OR,Chinook salmon,absent,,absent,0.0,0.0,OR3675
OR-059,Hartman Ditch Dam,OR,Coho salmon,present,downstream only,absent,0.0,1.493,OR3675
OR-059,Hartman Ditch Dam,OR,Steelhead,present,downstream only,absent,0.0,1.493,OR3675
OR-059,Hartman Ditch Dam,OR,Pacific lamprey,absent,,absent,0.0,0.0,OR3675
OR-059,Hartman Ditch Dam,OR,Coastal cutthroat trout,present,downstream only,absent,0.0,4.148,OR3675
OR-059,Hartman Ditch Dam,OR,Chum salmon,absent,,absent,0.0,0.0,OR3675
OR-059,Hartman Ditch Dam,OR,Sockeye salmon,absent,,absent,0.0,0.0,OR3675
OR-059,Hartman Ditch Dam,OR,Pink salmon,absent,,absent,0.0,0.0,OR3675
OR-059,Hartman Ditch Dam,OR,Bull trout,absent,,absent,0.0,0.0,OR3675
OR-059,Hartman Ditch Dam,OR,Redband trout,absent,,absent,0.0,0.0,OR3675
OR-060,Jamison Dam,OR,Chinook salmon,absent,,absent,0.0,0.0,OR3666
OR-060,Jamison Dam,OR,Coho salmon,present,downstream only,absent,0.0,0.238,OR3666
OR-060,Jamison Dam,OR,Steelhead,present,downstream only,absent,0.0,0.238,OR3666
OR-060,Jamison Dam,OR,Pacific lamprey,absent,,absent,0.0,0.0,OR3666
OR-060,Jamison Dam,OR,Coastal cutthroat trout,present,upstream,absent,0.817,0.763,OR3666
OR-060,Jamison Dam,OR,Chum salmon,absent,,absent,0.0,0.0,OR3666
OR-060,Jamison Dam,OR,Sockeye salmon,absent,,absent,0.0,0.0,OR3666
OR-060,Jamison Dam,OR,Pink salmon,absent,,absent,0.0,0.0,OR3666
OR-060,Jamison Dam,OR,Bull trout,absent,,absent,0.0,0.0,OR3666
OR-060,Jamison Dam,OR,Redband trout,absent,,absent,0.0,0.0,OR3666
OR-061,Smith-Meyer-Roper Dam,OR,Chinook salmon,absent,,absent,0.0,0.0,OR7088
OR-061,Smith-Meyer-Roper Dam,OR,Coho salmon,present,upstream,present,1.931,0.122,OR7088
OR-061,Smith-Meyer-Roper Dam,OR,Steelhead,present,upstream,present,1.931,0.122,OR7088
OR-061,Smith-Meyer-Roper Dam,OR,Pacific lamprey,absent,,absent,0.0,0.0,OR7088
OR-061,Smith-Meyer-Roper Dam,OR,Coastal cutthroat trout,present,upstream,present,1.931,0.122,OR7088
OR-061,Smith-Meyer-Roper Dam,OR,Chum salmon,absent,,absent,0.0,0.0,OR7088
OR-061,Smith-Meyer-Roper Dam,OR,Sockeye salmon,absent,,absent,0.0,0.0,OR7088
OR-061,Smith-Meyer-Roper Dam,OR,Pink salmon,absent,,absent,0.0,0.0,OR7088
OR-061,Smith-Meyer-Roper Dam,OR,Bull trout,absent,,absent,0.0,0.0,OR7088
OR-061,Smith-Meyer-Roper Dam,OR,Redband trout,absent,,absent,0.0,0.0,OR7088
OR-062,Kelley Creek Dam,OR,Chinook salmon,absent,,absent,0.0,0.0,OR3048
OR-062,Kelley Creek Dam,OR,Coho salmon,present,downstream only,absent,0.0,0.737,OR3048
OR-062,Kelley Creek Dam,OR,Steelhead,present,downstream only,absent,0.0,0.956,OR3048
OR-062,Kelley Creek Dam,OR,Pacific lamprey,absent,,absent,0.0,0.0,OR3048
OR-062,Kelley Creek Dam,OR,Coastal cutthroat trout,present,upstream,present,0.309,1.208,OR3048
OR-062,Kelley Creek Dam,OR,Chum salmon,absent,,absent,0.0,0.0,OR3048
OR-062,Kelley Creek Dam,OR,Sockeye salmon,absent,,absent,0.0,0.0,OR3048
OR-062,Kelley Creek Dam,OR,Pink salmon,absent,,absent,0.0,0.0,OR3048
OR-062,Kelley Creek Dam,OR,Bull trout,absent,,absent,0.0,0.0,OR3048
OR-062,Kelley Creek Dam,OR,Redband trout,absent,,absent,0.0,0.0,OR3048
OR-063,Lower Bridgepoint Dam,OR,Chinook salmon,present,upstream,present,1.359,0.707,OR1100
OR-063,Lower Bridgepoint Dam,OR,Coho salmon,present,upstream,present,1.359,0.707,OR1100
OR-063,Lower Bridgepoint Dam,OR,Steelhead,present,upstream,present,2.174,0.707,OR1100
OR-063,Lower Bridgepoint Dam,OR,Pacific lamprey,present,upstream,present,1.359,0.707,OR1100
OR-063,Lower Bridgepoint Dam,OR,Coastal cutthroat trout,present,upstream,present,2.174,0.707,OR1100
OR-063,Lower Bridgepoint Dam,OR,Chum salmon,absent,,absent,0.0,0.0,OR1100
OR-063,Lower Bridgepoint Dam,OR,Sockeye salmon,absent,,absent,0.0,0.0,OR1100
OR-063,Lower Bridgepoint Dam,OR,Pink salmon,absent,,absent,0.0,0.0,OR1100
OR-063,Lower Bridgepoint Dam,OR,Bull trout,absent,,absent,0.0,0.0,OR1100
OR-063,Lower Bridgepoint Dam,OR,Redband trout,absent,,absent,0.0,0.0,OR1100
OR-064,North Fork Klaskanine Dam,OR,Chinook salmon,absent,,absent,0.0,0.0,OR7089
OR-064,North Fork Klaskanine Dam,OR,Coho salmon,present,upstream,present,3.535,0.257,OR7089
OR-064,North Fork Klaskanine Dam,OR,Steelhead,present,upstream,present,3.535,0.257,OR7089
OR-064,North Fork Klaskanine Dam,OR,Pacific lamprey,absent,,present,0.0,0.0,OR7089
OR-064,North Fork Klaskanine Dam,OR,Coastal cutthroat trout,present,upstream,present,4.213,0.588,OR7089
OR-064,North Fork Klaskanine Dam,OR,Chum salmon,absent,,absent,0.0,0.0,OR7089
OR-064,North Fork Klaskanine Dam,OR,Sockeye salmon,absent,,absent,0.0,0.0,OR7089
OR-064,North Fork Klaskanine Dam,OR,Pink salmon,absent,,absent,0.0,0.0,OR7089
OR-064,North Fork Klaskanine Dam,OR,Bull trout,absent,,absent,0.0,0.0,OR7089
OR-064,North Fork Klaskanine Dam,OR,Redband trout,absent,,absent,0.0,0.0,OR7089
OR-065,Mill Creek Dam,OR,Chinook salmon,absent,,absent,0.0,0.0,OR6580
OR-065,Mill Creek Dam,OR,Coho salmon,absent,,absent,0.0,0.0,OR6580
OR-065,Mill Creek Dam,OR,Steelhead,absent,,absent,0.0,0.0,OR6580
OR-065,Mill Creek Dam,OR,Pacific lamprey,absent,,absent,0.0,0.0,OR6580
OR-065,Mill Creek Dam,OR,Coastal cutthroat trout,absent,,absent,0.0,0.0,OR6580
OR-065,Mill Creek Dam,OR,Chum salmon,absent,,absent,0.0,0.0,OR6580
OR-065,Mill Creek Dam,OR,Sockeye salmon,absent,,absent,0.0,0.0,OR6580
OR-065,Mill Creek Dam,OR,Pink salmon,absent,,absent,0.0,0.0,OR6580
OR-065,Mill Creek Dam,OR,Bull trout,absent,,absent,0.0,0.0,OR6580
OR-065,Mill Creek Dam,OR,Redband trout,absent,,absent,0.0,0.0,OR6580
OR-066,South Fork Big Butte Dam,OR,Chinook salmon,present,downstream only,absent,0.0,0.919,OR6581
OR-066,South Fork Big Butte Dam,OR,Coho salmon,present,downstream only,present,0.0,1.279,OR6581
OR-066,South Fork Big Butte Dam,OR,Steelhead,present,upstream,present,12.761,1.33,OR6581
OR-066,South Fork Big Butte Dam,OR,Pacific lamprey,absent,,absent,0.0,0.0,OR6581
OR-066,South Fork Big Butte Dam,OR,Coastal cutthroat trout,present,upstream,present,65.175,2.88,OR6581
OR-066,South Fork Big Butte Dam,OR,Chum salmon,absent,,absent,0.0,0.0,OR6581
OR-066,South Fork Big Butte Dam,OR,Sockeye salmon,absent,,absent,0.0,0.0,OR6581
OR-066,South Fork Big Butte Dam,OR,Pink salmon,absent,,absent,0.0,0.0,OR6581
OR-066,South Fork Big Butte Dam,OR,Bull trout,absent,,absent,0.0,0.0,OR6581
OR-066,South Fork Big Butte Dam,OR,Redband trout,absent,,absent,0.0,0.0,OR6581
OR-067,Sardine Creek Dam,OR,Chinook salmon,absent,,absent,0.0,0.0,OR6582
OR-067,Sardine Creek Dam,OR,Coho salmon,present,upstream,present,0.243,0.251,OR6582
OR-067,Sardine Creek Dam,OR,Steelhead,present,upstream,present,0.732,0.251,OR6582
OR-067,Sardine Creek Dam,OR,Pacific lamprey,absent,,absent,0.0,0.0,OR6582
OR-067,Sardine Creek Dam,OR,Coastal cutthroat trout,present,upstream,present,0.732,0.251,OR6582
OR-067,Sardine Creek Dam,OR,Chum salmon,absent,,absent,0.0,0.0,OR6582
OR-067,Sardine Creek Dam,OR,Sockeye salmon,absent,,absent,0.0,0.0,OR6582
OR-067,Sardine Creek Dam,OR,Pink salmon,absent,,absent,0.0,0.0,OR6582
OR-067,Sardine Creek Dam,OR,Bull trout,absent,,absent,0.0,0.0,OR6582
OR-067,Sardine Creek Dam,OR,Redband trout,absent,,absent,0.0,0.0,OR6582
OR-068,East Fork Jones Creek Dam,OR,Chinook salmon,absent,,absent,0.0,0.0,OR6583
OR-068,East Fork Jones Creek Dam,OR,Coho salmon,present,downstream only,absent,0.0,0.481,OR6583
OR-068,East Fork Jones Creek Dam,OR,Steelhead,present,downstream only,present,0.0,0.486,OR6583
OR-068,East Fork Jones Creek Dam,OR,Pacific lamprey,absent,,absent,0.0,0.0,OR6583
OR-068,East Fork Jones Creek Dam,OR,Coastal cutthroat trout,present,downstream only,absent,0.0,0.483,OR6583
OR-068,East Fork Jones Creek Dam,OR,Chum salmon,absent,,absent,0.0,0.0,OR6583
OR-068,East Fork Jones Creek Dam,OR,Sockeye salmon,absent,,absent,0.0,0.0,OR6583
OR-068,East Fork Jones Creek Dam,OR,Pink salmon,absent,,absent,0.0,0.0,OR6583
OR-068,East Fork Jones Creek Dam,OR,Bull trout,absent,,absent,0.0,0.0,OR6583
OR-068,East Fork Jones Creek Dam,OR,Redband trout,absent,,absent,0.0,0.0,OR6583
OR-069,Penzer Diversion Dam,OR,Chinook salmon,absent,,absent,0.0,0.0,OR3361
OR-069,Penzer Diversion Dam,OR,Coho salmon,present,upstream,present,0.943,0.493,OR3361
OR-069,Penzer Diversion Dam,OR,Steelhead,present,upstream,present,1.025,0.54,OR3361
OR-069,Penzer Diversion Dam,OR,Pacific lamprey,absent,,absent,0.0,0.0,OR3361
OR-069,Penzer Diversion Dam,OR,Coastal cutthroat trout,present,upstream,present,1.083,0.54,OR3361
OR-069,Penzer Diversion Dam,OR,Chum salmon,absent,,absent,0.0,0.0,OR3361
OR-069,Penzer Diversion Dam,OR,Sockeye salmon,absent,,absent,0.0,0.0,OR3361
OR-069,Penzer Diversion Dam,OR,Pink salmon,absent,,absent,0.0,0.0,OR3361
OR-069,Penzer Diversion Dam,OR,Bull trout,absent,,absent,0.0,0.0,OR3361
OR-069,Penzer Diversion Dam,OR,Redband trout,absent,,absent,0.0,0.0,OR3361
OR-070,Powell Creek Dam,OR,Chinook salmon,absent,,absent,0.0,0.0,OR6584
OR-070,Powell Creek Dam,OR,Coho salmon,present,downstream only,present,0.0,0.109,OR6584
OR-070,Powell Creek Dam,OR,Steelhead,present,upstream,present,0.697,0.406,OR6584
OR-070,Powell Creek Dam,OR,Pacific lamprey,absent,,absent,0.0,0.0,OR6584
OR-070,Powell Creek Dam,OR,Coastal cutthroat trout,present,upstream,present,0.697,0.406,OR6584
OR-070,Powell Creek Dam,OR,Chum salmon,absent,,absent,0.0,0.0,OR6584
OR-070,Powell Creek Dam,OR,Sockeye salmon,absent,,absent,0.0,0.0,OR6584
OR-070,Powell Creek Dam,OR,Pink salmon,absent,,absent,0.0,0.0,OR6584
OR-070,Powell Creek Dam,OR,Bull trout,absent,,absent,0.0,0.0,OR6584
OR-070,Powell Creek Dam,OR,Redband trout,absent,,absent,0.0,0.0,OR6584
OR-071,Palmer Creek Dam,OR,Chinook salmon,present,downstream only,absent,0.0,6.273,OR3679
OR-071,Palmer Creek Dam,OR,Coho salmon,present,upstream,present,2.272,6.831,OR3679
OR-071,Palmer Creek Dam,OR,Steelhead,present,upstream,present,5.56,7.52,OR3679
OR-071,Palmer Creek Dam,OR,Pacific lamprey,present,downstream only,absent,0.0,6.273,OR3679
OR-071,Palmer Creek Dam,OR,Coastal cutthroat trout,present,upstream,present,6.539,8.453,OR3679
OR-071,Palmer Creek Dam,OR,Chum salmon,absent,,absent,0.0,0.0,OR3679
OR-071,Palmer Creek Dam,OR,Sockeye salmon,absent,,absent,0.0,0.0,OR3679
OR-071,Palmer Creek Dam,OR,Pink salmon,absent,,absent,0.0,0.0,OR3679
OR-071,Palmer Creek Dam,OR,Bull trout,absent,,absent,0.0,0.0,OR3679
OR-071,Palmer Creek Dam,OR,Redband trout,absent,,absent,0.0,0.0,OR3679
OR-072,Klaskanine Hatchery Intake Dam,OR,Chinook salmon,present,downstream only,present,0.0,1120.257,OR1188
OR-072,Klaskanine Hatchery Intake Dam,OR,Coho salmon,present,upstream,present,3.792,1773.648,OR1188
OR-072,Klaskanine Hatchery Intake Dam,OR,Steelhead,present,upstream,present,3.792,1737.287,OR1188
OR-072,Klaskanine Hatchery Intake Dam,OR,Pacific lamprey,present,downstream only,present,0.0,585.685,OR1188
OR-072,Klaskanine Hatchery Intake Dam,OR,Coastal cutthroat trout,present,upstream,present,4.801,1693.698,OR1188
OR-072,Klaskanine Hatchery Intake Dam,OR,Chum salmon,present,downstream only,present,0.0,856.686,OR1188
OR-072,Klaskanine Hatchery Intake Dam,OR,Sockeye salmon,present,downstream only,absent,0.0,341.292,OR1188
OR-072,Klaskanine Hatchery Intake Dam,OR,Pink salmon,present,downstream only,absent,0.0,291.895,OR1188
OR-072,Klaskanine Hatchery Intake Dam,OR,Bull trout,present,downstream only,absent,0.0,326.51,OR1188
OR-072,Klaskanine Hatchery Intake Dam,OR,Redband trout,absent,,absent,0.0,0.0,OR1188
OR-073,Breitenbush Diversion Dam,OR,Chinook salmon,present,upstream,present,0.51,17.617,OR6585
OR-073,Breitenbush Diversion Dam,OR,Coho salmon,absent,,absent,0.0,0.0,OR6585
OR-073,Breitenbush Diversion Dam,OR,Steelhead,present,downstream only,absent,0.0,14.169,OR6585
OR-073,Breitenbush Diversion Dam,OR,Pacific lamprey,absent,,absent,0.0,0.0,OR6585
OR-073,Breitenbush Diversion Dam,OR,Coastal cutthroat trout,present,upstream,present,18.195,61.391,OR6585
OR-073,Breitenbush Diversion Dam,OR,Chum salmon,absent,,absent,0.0,0.0,OR6585
OR-073,Breitenbush Diversion Dam,OR,Sockeye salmon,absent,,absent,0.0,0.0,OR6585
OR-073,Breitenbush Diversion Dam,OR,Pink salmon,absent,,absent,0.0,0.0,OR6585
OR-073,Breitenbush Diversion Dam,OR,Bull trout,absent,,absent,0.0,0.0,OR6585
OR-073,Breitenbush Diversion Dam,OR,Redband trout,absent,,absent,0.0,0.0,OR6585
OR-074,Eagle Fern Dam,OR,Chinook salmon,present,upstream,present,4.83,6.979,OR6586
OR-074,Eagle Fern Dam,OR,Coho salmon,present,upstream,present,4.83,7.334,OR6586
OR-074,Eagle Fern Dam,OR,Steelhead,present,upstream,present,4.83,9.735,OR6586
OR-074,Eagle Fern Dam,OR,Pacific lamprey,present,upstream,present,4.83,5.112,OR6586
OR-074,Eagle Fern Dam,OR,Coastal cutthroat trout,present,upstream,present,6.117,13.952,OR6586
OR-074,Eagle Fern Dam,OR,Chum salmon,absent,,absent,0.0,0.0,OR6586
OR-074,Eagle Fern Dam,OR,Sockeye salmon,absent,,absent,0.0,0.0,OR6586
OR-074,Eagle Fern Dam,OR,Pink salmon,absent,,absent,0.0,0.0,OR6586
OR-074,Eagle Fern Dam,OR,Bull trout,absent,,absent,0.0,0.0,OR6586
OR-074,Eagle Fern Dam,OR,Redband trout,absent,,absent,0.0,0.0,OR6586
OR-075,Harboldt Dam,OR,Chinook salmon,present,upstream,present,0.292,0.012,OR3669
OR-075,Harboldt Dam,OR,Coho salmon,present,upstream,present,0.315,0.012,OR3669
OR-075,Harboldt Dam,OR,Steelhead,present,upstream,present,0.315,0.012,OR3669
OR-075,Harboldt Dam,OR,Pacific lamprey,absent,,absent,0.0,0.0,OR3669
OR-075,Harboldt Dam,OR,Coastal cutthroat trout,present,upstream,present,0.315,0.012,OR3669
OR-075,Harboldt Dam,OR,Chum salmon,absent,,absent,0.0,0.0,OR3669
OR-075,Harboldt Dam,OR,Sockeye salmon,absent,,absent,0.0,0.0,OR3669
OR-075,Harboldt Dam,OR,Pink salmon,absent,,absent,0.0,0.0,OR3669
OR-075,Harboldt Dam,OR,Bull trout,absent,,absent,0.0,0.0,OR3669
OR-075,Harboldt Dam,OR,Redband trout,absent,,absent,0.0,0.0,OR3669
OR-076,Plainview Dam,OR,Chinook salmon,unlinked,,present,,,
OR-076,Plainview Dam,OR,Coho salmon,unlinked,,absent,,,
OR-076,Plainview Dam,OR,Steelhead,unlinked,,present,,,
OR-076,Plainview Dam,OR,Pacific lamprey,unlinked,,absent,,,
OR-076,Plainview Dam,OR,Coastal cutthroat trout,unlinked,,absent,,,
OR-076,Plainview Dam,OR,Chum salmon,unlinked,,absent,,,
OR-076,Plainview Dam,OR,Sockeye salmon,unlinked,,absent,,,
OR-076,Plainview Dam,OR,Pink salmon,unlinked,,absent,,,
OR-076,Plainview Dam,OR,Bull trout,unlinked,,absent,,,
OR-076,Plainview Dam,OR,Redband trout,unlinked,,present,,,
OR-077,South Fork Fish Lake Creek Passage Weirs 1 & 2,OR,Chinook salmon,no network,,present,-1.0,-1.0,OR6587
OR-077,South Fork Fish Lake Creek Passage Weirs 1 & 2,OR,Coho salmon,no network,,absent,-1.0,-1.0,OR6587
OR-077,South Fork Fish Lake Creek Passage Weirs 1 & 2,OR,Steelhead,no network,,absent,-1.0,-1.0,OR6587
OR-077,South Fork Fish Lake Creek Passage Weirs 1 & 2,OR,Pacific lamprey,no network,,absent,-1.0,-1.0,OR6587
OR-077,South Fork Fish Lake Creek Passage Weirs 1 & 2,OR,Coastal cutthroat trout,no network,,absent,-1.0,-1.0,OR6587
OR-077,South Fork Fish Lake Creek Passage Weirs 1 & 2,OR,Chum salmon,no network,,absent,-1.0,-1.0,OR6587
OR-077,South Fork Fish Lake Creek Passage Weirs 1 & 2,OR,Sockeye salmon,no network,,absent,-1.0,-1.0,OR6587
OR-077,South Fork Fish Lake Creek Passage Weirs 1 & 2,OR,Pink salmon,no network,,absent,-1.0,-1.0,OR6587
OR-077,South Fork Fish Lake Creek Passage Weirs 1 & 2,OR,Bull trout,no network,,absent,-1.0,-1.0,OR6587
OR-077,South Fork Fish Lake Creek Passage Weirs 1 & 2,OR,Redband trout,no network,,present,-1.0,-1.0,OR6587
OR-078,Three Rivers - Cedar Creek Weir Dam,OR,Chinook salmon,present,downstream only,absent,0.0,72.821,OR876
OR-078,Three Rivers - Cedar Creek Weir Dam,OR,Coho salmon,present,downstream only,present,0.0,102.556,OR876
OR-078,Three Rivers - Cedar Creek Weir Dam,OR,Steelhead,present,downstream only,absent,0.0,96.609,OR876
OR-078,Three Rivers - Cedar Creek Weir Dam,OR,Pacific lamprey,present,downstream only,absent,0.0,46.653,OR876
OR-078,Three Rivers - Cedar Creek Weir Dam,OR,Coastal cutthroat trout,present,downstream only,present,0.0,201.192,OR876
OR-078,Three Rivers - Cedar Creek Weir Dam,OR,Chum salmon,present,downstream only,absent,0.0,25.954,OR876
OR-078,Three Rivers - Cedar Creek Weir Dam,OR,Sockeye salmon,absent,,absent,0.0,0.0,OR876
OR-078,Three Rivers - Cedar Creek Weir Dam,OR,Pink salmon,absent,,absent,0.0,0.0,OR876
OR-078,Three Rivers - Cedar Creek Weir Dam,OR,Bull trout,absent,,absent,0.0,0.0,OR876
OR-078,Three Rivers - Cedar Creek Weir Dam,OR,Redband trout,absent,,absent,0.0,0.0,OR876
OR-079,Welter Creek Dams #1 and #2,OR,Chinook salmon,present,downstream only,present,0.0,0.897,OR2624
OR-079,Welter Creek Dams #1 and #2,OR,Coho salmon,present,downstream only,present,0.0,0.897,OR2624
OR-079,Welter Creek Dams #1 and #2,OR,Steelhead,present,downstream only,present,0.0,0.897,OR2624
OR-079,Welter Creek Dams #1 and #2,OR,Pacific lamprey,absent,,absent,0.0,0.0,OR2624
OR-079,Welter Creek Dams #1 and #2,OR,Coastal cutthroat trout,present,upstream,present,0.233,1.113,OR2624
OR-079,Welter Creek Dams #1 and #2,OR,Chum salmon,absent,,absent,0.0,0.0,OR2624
OR-079,Welter Creek Dams #1 and #2,OR,Sockeye salmon,absent,,absent,0.0,0.0,OR2624
OR-079,Welter Creek Dams #1 and #2,OR,Pink salmon,absent,,absent,0.0,0.0,OR2624
OR-079,Welter Creek Dams #1 and #2,OR,Bull trout,absent,,absent,0.0,0.0,OR2624
OR-079,Welter Creek Dams #1 and #2,OR,Redband trout,absent,,absent,0.0,0.0,OR2624
OR-080,Farmers Ditch Irrigation Dam,OR,Chinook salmon,present,downstream only,present,0.0,5.304,OR6588
OR-080,Farmers Ditch Irrigation Dam,OR,Coho salmon,present,downstream only,present,0.0,5.304,OR6588
OR-080,Farmers Ditch Irrigation Dam,OR,Steelhead,present,downstream only,present,0.0,6.231,OR6588
OR-080,Farmers Ditch Irrigation Dam,OR,Pacific lamprey,present,downstream only,present,0.0,5.304,OR6588
OR-080,Farmers Ditch Irrigation Dam,OR,Coastal cutthroat trout,present,downstream only,present,0.0,7.425,OR6588
OR-080,Farmers Ditch Irrigation Dam,OR,Chum salmon,absent,,absent,0.0,0.0,OR6588
OR-080,Farmers Ditch Irrigation Dam,OR,Sockeye salmon,absent,,absent,0.0,0.0,OR6588
OR-080,Farmers Ditch Irrigation Dam,OR,Pink salmon,absent,,absent,0.0,0.0,OR6588
OR-080,Farmers Ditch Irrigation Dam,OR,Bull trout,absent,,absent,0.0,0.0,OR6588
OR-080,Farmers Ditch Irrigation Dam,OR,Redband trout,absent,,absent,0.0,0.0,OR6588
OR-081,Bailey Nursery Dam,OR,Chinook salmon,present,downstream only,absent,0.0,19.676,OR6589
OR-081,Bailey Nursery Dam,OR,Coho salmon,present,downstream only,absent,0.0,63.59,OR6589
OR-081,Bailey Nursery Dam,OR,Steelhead,present,upstream,present,0.561,95.135,OR6589
OR-081,Bailey Nursery Dam,OR,Pacific lamprey,present,downstream only,absent,0.0,24.392,OR6589
OR-081,Bailey Nursery Dam,OR,Coastal cutthroat trout,present,upstream,present,2.839,219.248,OR6589
OR-081,Bailey Nursery Dam,OR,Chum salmon,absent,,absent,0.0,0.0,OR6589
OR-081,Bailey Nursery Dam,OR,Sockeye salmon,absent,,absent,0.0,0.0,OR6589
OR-081,Bailey Nursery Dam,OR,Pink salmon,absent,,absent,0.0,0.0,OR6589
OR-081,Bailey Nursery Dam,OR,Bull trout,absent,,absent,0.0,0.0,OR6589
OR-081,Bailey Nursery Dam,OR,Redband trout,absent,,absent,0.0,0.0,OR6589
OR-082,Balm Grove Dam,OR,Chinook salmon,absent,,absent,0.0,0.0,OR1218
OR-082,Balm Grove Dam,OR,Coho salmon,present,upstream,present,3.143,139.379,OR1218
OR-082,Balm Grove Dam,OR,Steelhead,present,upstream,present,3.143,151.632,OR1218
OR-082,Balm Grove Dam,OR,Pacific lamprey,present,upstream,present,0.563,105.026,OR1218
OR-082,Balm Grove Dam,OR,Coastal cutthroat trout,present,upstream,present,6.423,480.556,OR1218
OR-082,Balm Grove Dam,OR,Chum salmon,absent,,absent,0.0,0.0,OR1218
OR-082,Balm Grove Dam,OR,Sockeye salmon,absent,,absent,0.0,0.0,OR1218
OR-082,Balm Grove Dam,OR,Pink salmon,absent,,absent,0.0,0.0,OR1218
OR-082,Balm Grove Dam,OR,Bull trout,absent,,absent,0.0,0.0,OR1218
OR-082,Balm Grove Dam,OR,Redband trout,absent,,absent,0.0,0.0,OR1218
OR-083,Deep Creek Middle Diversion Dam ,OR,Chinook salmon,absent,,absent,0.0,0.0,OR3687
OR-083,Deep Creek Middle Diversion Dam ,OR,Coho salmon,absent,,absent,0.0,0.0,OR3687
OR-083,Deep Creek Middle Diversion Dam ,OR,Steelhead,absent,,absent,0.0,0.0,OR3687
OR-083,Deep Creek Middle Diversion Dam ,OR,Pacific lamprey,absent,,absent,0.0,0.0,OR3687
OR-083,Deep Creek Middle Diversion Dam ,OR,Coastal cutthroat trout,absent,,absent,0.0,0.0,OR3687
OR-083,Deep Creek Middle Diversion Dam ,OR,Chum salmon,absent,,absent,0.0,0.0,OR3687
OR-083,Deep Creek Middle Diversion Dam ,OR,Sockeye salmon,absent,,absent,0.0,0.0,OR3687
OR-083,Deep Creek Middle Diversion Dam ,OR,Pink salmon,absent,,absent,0.0,0.0,OR3687
OR-083,Deep Creek Middle Diversion Dam ,OR,Bull trout,absent,,absent,0.0,0.0,OR3687
OR-083,Deep Creek Middle Diversion Dam ,OR,Redband trout,present,upstream,present,0.217,0.079,OR3687
OR-084,Prineville Country Club Diversion Dam (Lower Ochoco Creek Dam),OR,Chinook salmon,absent,,present,0.0,0.0,OR1118
OR-084,Prineville Country Club Diversion Dam (Lower Ochoco Creek Dam),OR,Coho salmon,absent,,absent,0.0,0.0,OR1118
OR-084,Prineville Country Club Diversion Dam (Lower Ochoco Creek Dam),OR,Steelhead,present,upstream,present,0.446,4.728,OR1118
OR-084,Prineville Country Club Diversion Dam (Lower Ochoco Creek Dam),OR,Pacific lamprey,present,upstream,absent,0.446,4.728,OR1118
OR-084,Prineville Country Club Diversion Dam (Lower Ochoco Creek Dam),OR,Coastal cutthroat trout,absent,,absent,0.0,0.0,OR1118
OR-084,Prineville Country Club Diversion Dam (Lower Ochoco Creek Dam),OR,Chum salmon,absent,,absent,0.0,0.0,OR1118
OR-084,Prineville Country Club Diversion Dam (Lower Ochoco Creek Dam),OR,Sockeye salmon,absent,,absent,0.0,0.0,OR1118
OR-084,Prineville Country Club Diversion Dam (Lower Ochoco Creek Dam),OR,Pink salmon,absent,,absent,0.0,0.0,OR1118
OR-084,Prineville Country Club Diversion Dam (Lower Ochoco Creek Dam),OR,Bull trout,absent,,absent,0.0,0.0,OR1118
OR-084,Prineville Country Club Diversion Dam (Lower Ochoco Creek Dam),OR,Redband trout,present,upstream,present,0.446,4.728,OR1118
OR-085,Lady Creek Dam,OR,Chinook salmon,present,downstream only,absent,0.0,1120.257,OR6590
OR-085,Lady Creek Dam,OR,Coho salmon,present,upstream,present,0.861,1777.44,OR6590
OR-085,Lady Creek Dam,OR,Steelhead,present,upstream,present,0.861,1741.079,OR6590
OR-085,Lady Creek Dam,OR,Pacific lamprey,present,downstream only,absent,0.0,585.685,OR6590
OR-085,Lady Creek Dam,OR,Coastal cutthroat trout,present,upstream,present,0.861,1698.499,OR6590
OR-085,Lady Creek Dam,OR,Chum salmon,present,downstream only,absent,0.0,856.686,OR6590
OR-085,Lady Creek Dam,OR,Sockeye salmon,present,downstream only,absent,0.0,341.292,OR6590
OR-085,Lady Creek Dam,OR,Pink salmon,present,downstream only,absent,0.0,291.895,OR6590
OR-085,Lady Creek Dam,OR,Bull trout,present,downstream only,absent,0.0,326.51,OR6590
OR-085,Lady Creek Dam,OR,Redband trout,absent,,absent,0.0,0.0,OR6590
OR-086,Baker Creek Dam,OR,Chinook salmon,absent,,absent,0.0,0.0,OR2281
OR-086,Baker Creek Dam,OR,Coho salmon,present,downstream only,absent,0.0,53.836,OR2281
OR-086,Baker Creek Dam,OR,Steelhead,present,downstream only,present,0.0,67.256,OR2281
OR-086,Baker Creek Dam,OR,Pacific lamprey,present,downstream only,absent,0.0,78.194,OR2281
OR-086,Baker Creek Dam,OR,Coastal cutthroat trout,present,upstream,present,0.526,203.637,OR2281
OR-086,Baker Creek Dam,OR,Chum salmon,absent,,absent,0.0,0.0,OR2281
OR-086,Baker Creek Dam,OR,Sockeye salmon,absent,,absent,0.0,0.0,OR2281
OR-086,Baker Creek Dam,OR,Pink salmon,absent,,absent,0.0,0.0,OR2281
OR-086,Baker Creek Dam,OR,Bull trout,absent,,absent,0.0,0.0,OR2281
OR-086,Baker Creek Dam,OR,Redband trout,absent,,absent,0.0,0.0,OR2281
OR-087 to OR-088,Krumwiede Diversion 1 & 2 Pushup Dams,OR,Chinook salmon,present,downstream only,absent,0.0,5.172,OR2409
OR-087 to OR-088,Krumwiede Diversion 1 & 2 Pushup Dams,OR,Coho salmon,present,upstream,present,0.188,8.69,OR2409
OR-087 to OR-088,Krumwiede Diversion 1 & 2 Pushup Dams,OR,Steelhead,present,upstream,present,3.876,8.574,OR2409
OR-087 to OR-088,Krumwiede Diversion 1 & 2 Pushup Dams,OR,Pacific lamprey,present,downstream only,absent,0.0,0.419,OR2409
OR-087 to OR-088,Krumwiede Diversion 1 & 2 Pushup Dams,OR,Coastal cutthroat trout,present,upstream,present,4.215,9.438,OR2409
OR-087 to OR-088,Krumwiede Diversion 1 & 2 Pushup Dams,OR,Chum salmon,absent,,absent,0.0,0.0,OR2409
OR-087 to OR-088,Krumwiede Diversion 1 & 2 Pushup Dams,OR,Sockeye salmon,absent,,absent,0.0,0.0,OR2409
OR-087 to OR-088,Krumwiede Diversion 1 & 2 Pushup Dams,OR,Pink salmon,absent,,absent,0.0,0.0,OR2409
OR-087 to OR-088,Krumwiede Diversion 1 & 2 Pushup Dams,OR,Bull trout,absent,,absent,0.0,0.0,OR2409
OR-087 to OR-088,Krumwiede Diversion 1 & 2 Pushup Dams,OR,Redband trout,absent,,absent,0.0,0.0,OR2409
OR-089,Lost Creek Dam,OR,Chinook salmon,present,downstream only,absent,0.0,0.751,OR3451
OR-089,Lost Creek Dam,OR,Coho salmon,present,upstream,present,1.22,2.11,OR3451
OR-089,Lost Creek Dam,OR,Steelhead,present,upstream,present,2.568,2.11,OR3451
OR-089,Lost Creek Dam,OR,Pacific lamprey,absent,,absent,0.0,0.0,OR3451
OR-089,Lost Creek Dam,OR,Coastal cutthroat trout,present,upstream,present,2.797,2.11,OR3451
OR-089,Lost Creek Dam,OR,Chum salmon,absent,,absent,0.0,0.0,OR3451
OR-089,Lost Creek Dam,OR,Sockeye salmon,absent,,absent,0.0,0.0,OR3451
OR-089,Lost Creek Dam,OR,Pink salmon,absent,,absent,0.0,0.0,OR3451
OR-089,Lost Creek Dam,OR,Bull trout,absent,,absent,0.0,0.0,OR3451
OR-089,Lost Creek Dam,OR,Redband trout,absent,,absent,0.0,0.0,OR3451
OR-090,Lovelace Dam ,OR,Chinook salmon,present,upstream,present,1.798,1.259,OR2621
OR-090,Lovelace Dam ,OR,Coho salmon,present,upstream,present,1.798,1.259,OR2621
OR-090,Lovelace Dam ,OR,Steelhead,present,upstream,present,3.175,1.259,OR2621
OR-090,Lovelace Dam ,OR,Pacific lamprey,absent,,absent,0.0,0.0,OR2621
OR-090,Lovelace Dam ,OR,Coastal cutthroat trout,present,upstream,present,5.043,2.903,OR2621
OR-090,Lovelace Dam ,OR,Chum salmon,absent,,absent,0.0,0.0,OR2621
OR-090,Lovelace Dam ,OR,Sockeye salmon,absent,,absent,0.0,0.0,OR2621
OR-090,Lovelace Dam ,OR,Pink salmon,absent,,absent,0.0,0.0,OR2621
OR-090,Lovelace Dam ,OR,Bull trout,absent,,absent,0.0,0.0,OR2621
OR-090,Lovelace Dam ,OR,Redband trout,absent,,absent,0.0,0.0,OR2621
OR-091,North Fork Eagle Creek Dam,OR,Chinook salmon,present,upstream,present,1.427,2.837,OR1263
OR-091,North Fork Eagle Creek Dam,OR,Coho salmon,present,upstream,present,6.149,5.84,OR1263
OR-091,North Fork Eagle Creek Dam,OR,Steelhead,present,upstream,present,6.426,5.723,OR1263
OR-091,North Fork Eagle Creek Dam,OR,Pacific lamprey,present,upstream,present,1.427,2.837,OR1263
OR-091,North Fork Eagle Creek Dam,OR,Coastal cutthroat trout,present,upstream,present,11.529,13.121,OR1263
OR-091,North Fork Eagle Creek Dam,OR,Chum salmon,absent,,absent,0.0,0.0,OR1263
OR-091,North Fork Eagle Creek Dam,OR,Sockeye salmon,absent,,absent,0.0,0.0,OR1263
OR-091,North Fork Eagle Creek Dam,OR,Pink salmon,absent,,absent,0.0,0.0,OR1263
OR-091,North Fork Eagle Creek Dam,OR,Bull trout,absent,,absent,0.0,0.0,OR1263
OR-091,North Fork Eagle Creek Dam,OR,Redband trout,absent,,absent,0.0,0.0,OR1263
OR-093,Poley Allen Diversion Dam ,OR,Chinook salmon,present,upstream,present,0.321,1.657,OR3883
OR-093,Poley Allen Diversion Dam ,OR,Coho salmon,present,upstream,present,0.321,1.657,OR3883
OR-093,Poley Allen Diversion Dam ,OR,Steelhead,present,upstream,present,0.321,1.657,OR3883
OR-093,Poley Allen Diversion Dam ,OR,Pacific lamprey,absent,,absent,0.0,0.0,OR3883
OR-093,Poley Allen Diversion Dam ,OR,Coastal cutthroat trout,absent,,absent,0.0,0.0,OR3883
OR-093,Poley Allen Diversion Dam ,OR,Chum salmon,absent,,absent,0.0,0.0,OR3883
OR-093,Poley Allen Diversion Dam ,OR,Sockeye salmon,absent,,absent,0.0,0.0,OR3883
OR-093,Poley Allen Diversion Dam ,OR,Pink salmon,absent,,absent,0.0,0.0,OR3883
OR-093,Poley Allen Diversion Dam ,OR,Bull trout,present,upstream,present,0.321,1.657,OR3883
OR-093,Poley Allen Diversion Dam ,OR,Redband trout,present,upstream,present,0.321,1.657,OR3883
OR-094,Takelma Creek Dam,OR,Chinook salmon,present,downstream only,absent,0.0,20.351,OR3821
OR-094,Takelma Creek Dam,OR,Coho salmon,present,downstream only,present,0.0,25.067,OR3821
OR-094,Takelma Creek Dam,OR,Steelhead,present,upstream,present,0.111,36.589,OR3821
OR-094,Takelma Creek Dam,OR,Pacific lamprey,present,downstream only,absent,0.0,10.075,OR3821
OR-094,Takelma Creek Dam,OR,Coastal cutthroat trout,present,upstream,present,1.727,47.879,OR3821
OR-094,Takelma Creek Dam,OR,Chum salmon,absent,,absent,0.0,0.0,OR3821
OR-094,Takelma Creek Dam,OR,Sockeye salmon,absent,,absent,0.0,0.0,OR3821
OR-094,Takelma Creek Dam,OR,Pink salmon,absent,,absent,0.0,0.0,OR3821
OR-094,Takelma Creek Dam,OR,Bull trout,absent,,absent,0.0,0.0,OR3821
OR-094,Takelma Creek Dam,OR,Redband trout,absent,,absent,0.0,0.0,OR3821
OR-095,Whiskey Creek Hydro Dam,OR,Chinook salmon,present,upstream,present,1.208,547.786,OR1269
OR-095,Whiskey Creek Hydro Dam,OR,Coho salmon,present,downstream only,absent,0.0,272.972,OR1269
OR-095,Whiskey Creek Hydro Dam,OR,Steelhead,present,upstream,absent,1.208,560.576,OR1269
OR-095,Whiskey Creek Hydro Dam,OR,Pacific lamprey,present,downstream only,absent,0.0,580.072,OR1269
OR-095,Whiskey Creek Hydro Dam,OR,Coastal cutthroat trout,present,upstream,present,15.826,2247.254,OR1269
OR-095,Whiskey Creek Hydro Dam,OR,Chum salmon,absent,,absent,0.0,0.0,OR1269
OR-095,Whiskey Creek Hydro Dam,OR,Sockeye salmon,absent,,absent,0.0,0.0,OR1269
OR-095,Whiskey Creek Hydro Dam,OR,Pink salmon,absent,,absent,0.0,0.0,OR1269
OR-095,Whiskey Creek Hydro Dam,OR,Bull trout,present,downstream only,absent,0.0,48.854,OR1269
OR-095,Whiskey Creek Hydro Dam,OR,Redband trout,absent,,absent,0.0,0.0,OR1269
OR-096,John C. Boyle Dam,OR,Chinook salmon,no network,,present,-1.0,-1.0,OR184
OR-096,John C. Boyle Dam,OR,Coho salmon,no network,,present,-1.0,-1.0,OR184
OR-096,John C. Boyle Dam,OR,Steelhead,no network,,present,-1.0,-1.0,OR184
OR-096,John C. Boyle Dam,OR,Pacific lamprey,no network,,absent,-1.0,-1.0,OR184
OR-096,John C. Boyle Dam,OR,Coastal cutthroat trout,no network,,absent,-1.0,-1.0,OR184
OR-096,John C. Boyle Dam,OR,Chum salmon,no network,,absent,-1.0,-1.0,OR184
OR-096,John C. Boyle Dam,OR,Sockeye salmon,no network,,absent,-1.0,-1.0,OR184
OR-096,John C. Boyle Dam,OR,Pink salmon,no network,,absent,-1.0,-1.0,OR184
OR-096,John C. Boyle Dam,OR,Bull trout,no network,,absent,-1.0,-1.0,OR184
OR-096,John C. Boyle Dam,OR,Redband trout,no network,,present,-1.0,-1.0,OR184
OR-097,Pomeroy Dam,OR,Chinook salmon,present,upstream,present,26.927,7.453,OR958
OR-097,Pomeroy Dam,OR,Coho salmon,present,upstream,present,31.017,10.861,OR958
OR-097,Pomeroy Dam,OR,Steelhead,present,upstream,present,29.957,10.4,OR958
OR-097,Pomeroy Dam,OR,Pacific lamprey,present,upstream,present,8.439,7.453,OR958
OR-097,Pomeroy Dam,OR,Coastal cutthroat trout,present,upstream,present,46.761,18.39,OR958
OR-097,Pomeroy Dam,OR,Chum salmon,absent,,absent,0.0,0.0,OR958
OR-097,Pomeroy Dam,OR,Sockeye salmon,absent,,absent,0.0,0.0,OR958
OR-097,Pomeroy Dam,OR,Pink salmon,absent,,absent,0.0,0.0,OR958
OR-097,Pomeroy Dam,OR,Bull trout,absent,,absent,0.0,0.0,OR958
OR-097,Pomeroy Dam,OR,Redband trout,absent,,absent,0.0,0.0,OR958
OR-098,Williams-Whalen Dam,OR,Chinook salmon,present,upstream,present,6.155,3.693,OR3773
OR-098,Williams-Whalen Dam,OR,Coho salmon,present,upstream,present,6.155,3.693,OR3773
OR-098,Williams-Whalen Dam,OR,Steelhead,present,upstream,present,7.05,6.13,OR3773
OR-098,Williams-Whalen Dam,OR,Pacific lamprey,present,upstream,present,6.155,3.693,OR3773
OR-098,Williams-Whalen Dam,OR,Coastal cutthroat trout,present,upstream,present,8.927,7.383,OR3773
OR-098,Williams-Whalen Dam,OR,Chum salmon,absent,,absent,0.0,0.0,OR3773
OR-098,Williams-Whalen Dam,OR,Sockeye salmon,absent,,absent,0.0,0.0,OR3773
OR-098,Williams-Whalen Dam,OR,Pink salmon,absent,,absent,0.0,0.0,OR3773
OR-098,Williams-Whalen Dam,OR,Bull trout,absent,,absent,0.0,0.0,OR3773
OR-098,Williams-Whalen Dam,OR,Redband trout,absent,,absent,0.0,0.0,OR3773
OR-099,Hartman Dam,OR,Chinook salmon,present,upstream,present,0.614,2.523,OR14481
OR-099,Hartman Dam,OR,Coho salmon,present,upstream,present,0.614,2.523,OR14481
OR-099,Hartman Dam,OR,Steelhead,present,upstream,present,0.614,2.523,OR14481
OR-099,Hartman Dam,OR,Pacific lamprey,present,upstream,present,0.614,2.523,OR14481
OR-099,Hartman Dam,OR,Coastal cutthroat trout,present,upstream,present,0.614,7.162,OR14481
OR-099,Hartman Dam,OR,Chum salmon,absent,,absent,0.0,0.0,OR14481
OR-099,Hartman Dam,OR,Sockeye salmon,absent,,absent,0.0,0.0,OR14481
OR-099,Hartman Dam,OR,Pink salmon,absent,,absent,0.0,0.0,OR14481
OR-099,Hartman Dam,OR,Bull trout,absent,,absent,0.0,0.0,OR14481
OR-099,Hartman Dam,OR,Redband trout,absent,,absent,0.0,0.0,OR14481
OR-100,Cline Falls Dam,OR,Chinook salmon,absent,,absent,0.0,0.0,OR3540
OR-100,Cline Falls Dam,OR,Coho salmon,absent,,absent,0.0,0.0,OR3540
OR-100,Cline Falls Dam,OR,Steelhead,absent,,absent,0.0,0.0,OR3540
OR-100,Cline Falls Dam,OR,Pacific lamprey,absent,,absent,0.0,0.0,OR3540
OR-100,Cline Falls Dam,OR,Coastal cutthroat trout,absent,,absent,0.0,0.0,OR3540
OR-100,Cline Falls Dam,OR,Chum salmon,absent,,absent,0.0,0.0,OR3540
OR-100,Cline Falls Dam,OR,Sockeye salmon,absent,,absent,0.0,0.0,OR3540
OR-100,Cline Falls Dam,OR,Pink salmon,absent,,absent,0.0,0.0,OR3540
OR-100,Cline Falls Dam,OR,Bull trout,present,upstream,absent,0.041,4.84,OR3540
OR-100,Cline Falls Dam,OR,Redband trout,present,upstream,present,0.041,4.84,OR3540
OR-101,Peterson Dam,OR,Chinook salmon,present,downstream only,present,0.0,27.194,OR1192
OR-101,Peterson Dam,OR,Coho salmon,present,upstream,present,5.8,27.259,OR1192
OR-101,Peterson Dam,OR,Steelhead,present,upstream,present,5.8,30.004,OR1192
OR-101,Peterson Dam,OR,Pacific lamprey,present,downstream only,absent,0.0,21.105,OR1192
OR-101,Peterson Dam,OR,Coastal cutthroat trout,absent,,absent,0.0,0.0,OR1192
OR-101,Peterson Dam,OR,Chum salmon,absent,,absent,0.0,0.0,OR1192
OR-101,Peterson Dam,OR,Sockeye salmon,absent,,absent,0.0,0.0,OR1192
OR-101,Peterson Dam,OR,Pink salmon,absent,,absent,0.0,0.0,OR1192
OR-101,Peterson Dam,OR,Bull trout,present,downstream only,absent,0.0,21.105,OR1192
OR-101,Peterson Dam,OR,Redband trout,present,upstream,present,5.8,30.004,OR1192
WA-001,Maiden Dam,WA,Chinook salmon,present,upstream,present,77.642,4.131,WA10059
WA-001,Maiden Dam,WA,Coho salmon,absent,,absent,0.0,0.0,WA10059
WA-001,Maiden Dam,WA,Steelhead,present,upstream,present,171.493,4.131,WA10059
WA-001,Maiden Dam,WA,Pacific lamprey,absent,,absent,0.0,0.0,WA10059
WA-001,Maiden Dam,WA,Coastal cutthroat trout,absent,,absent,0.0,0.0,WA10059
WA-001,Maiden Dam,WA,Chum salmon,absent,,absent,0.0,0.0,WA10059
WA-001,Maiden Dam,WA,Sockeye salmon,absent,,absent,0.0,0.0,WA10059
WA-001,Maiden Dam,WA,Pink salmon,absent,,absent,0.0,0.0,WA10059
WA-001,Maiden Dam,WA,Bull trout,present,upstream,absent,120.218,4.131,WA10059
WA-001,Maiden Dam,WA,Redband trout,absent,,absent,0.0,0.0,WA10059
WA-003,Goldsborough Dam,WA,Chinook salmon,present,upstream,present,0.735,2.33,WA10601
WA-003,Goldsborough Dam,WA,Coho salmon,present,upstream,present,15.315,6.042,WA10601
WA-003,Goldsborough Dam,WA,Steelhead,present,upstream,present,14.251,6.042,WA10601
WA-003,Goldsborough Dam,WA,Pacific lamprey,absent,,absent,0.0,0.0,WA10601
WA-003,Goldsborough Dam,WA,Coastal cutthroat trout,present,upstream,present,35.409,9.626,WA10601
WA-003,Goldsborough Dam,WA,Chum salmon,present,upstream,present,4.364,6.042,WA10601
WA-003,Goldsborough Dam,WA,Sockeye salmon,absent,,absent,0.0,0.0,WA10601
WA-003,Goldsborough Dam,WA,Pink salmon,absent,,absent,0.0,0.0,WA10601
WA-003,Goldsborough Dam,WA,Bull trout,absent,,absent,0.0,0.0,WA10601
WA-003,Goldsborough Dam,WA,Redband trout,absent,,absent,0.0,0.0,WA10601
WA-004,Unnamed Blockage #1 (Diffusion Dam 2),WA,Chinook salmon,no network,,absent,-1.0,-1.0,WA5163
WA-004,Unnamed Blockage #1 (Diffusion Dam 2),WA,Coho salmon,no network,,absent,-1.0,-1.0,WA5163
WA-004,Unnamed Blockage #1 (Diffusion Dam 2),WA,Steelhead,no network,,absent,-1.0,-1.0,WA5163
WA-004,Unnamed Blockage #1 (Diffusion Dam 2),WA,Pacific lamprey,no network,,absent,-1.0,-1.0,WA5163
WA-004,Unnamed Blockage #1 (Diffusion Dam 2),WA,Coastal cutthroat trout,no network,,absent,-1.0,-1.0,WA5163
WA-004,Unnamed Blockage #1 (Diffusion Dam 2),WA,Chum salmon,no network,,absent,-1.0,-1.0,WA5163
WA-004,Unnamed Blockage #1 (Diffusion Dam 2),WA,Sockeye salmon,no network,,absent,-1.0,-1.0,WA5163
WA-004,Unnamed Blockage #1 (Diffusion Dam 2),WA,Pink salmon,no network,,absent,-1.0,-1.0,WA5163
WA-004,Unnamed Blockage #1 (Diffusion Dam 2),WA,Bull trout,no network,,present,-1.0,-1.0,WA5163
WA-004,Unnamed Blockage #1 (Diffusion Dam 2),WA,Redband trout,no network,,absent,-1.0,-1.0,WA5163
WA-005,Unnamed Blockage #2 (Diffusion Dam 3),WA,Chinook salmon,absent,,absent,0.0,0.0,WA10600
WA-005,Unnamed Blockage #2 (Diffusion Dam 3),WA,Coho salmon,absent,,absent,0.0,0.0,WA10600
WA-005,Unnamed Blockage #2 (Diffusion Dam 3),WA,Steelhead,absent,,absent,0.0,0.0,WA10600
WA-005,Unnamed Blockage #2 (Diffusion Dam 3),WA,Pacific lamprey,absent,,absent,0.0,0.0,WA10600
WA-005,Unnamed Blockage #2 (Diffusion Dam 3),WA,Coastal cutthroat trout,absent,,absent,0.0,0.0,WA10600
WA-005,Unnamed Blockage #2 (Diffusion Dam 3),WA,Chum salmon,absent,,absent,0.0,0.0,WA10600
WA-005,Unnamed Blockage #2 (Diffusion Dam 3),WA,Sockeye salmon,absent,,absent,0.0,0.0,WA10600
WA-005,Unnamed Blockage #2 (Diffusion Dam 3),WA,Pink salmon,absent,,absent,0.0,0.0,WA10600
WA-005,Unnamed Blockage #2 (Diffusion Dam 3),WA,Bull trout,present,upstream,present,0.244,0.554,WA10600
WA-005,Unnamed Blockage #2 (Diffusion Dam 3),WA,Redband trout,absent,,absent,0.0,0.0,WA10600
WA-006,Unnamed Blockage #3 (Diffusion Dam 4),WA,Chinook salmon,absent,,present,0.0,0.0,WA5160
WA-006,Unnamed Blockage #3 (Diffusion Dam 4),WA,Coho salmon,absent,,absent,0.0,0.0,WA5160
WA-006,Unnamed Blockage #3 (Diffusion Dam 4),WA,Steelhead,absent,,present,0.0,0.0,WA5160
WA-006,Unnamed Blockage #3 (Diffusion Dam 4),WA,Pacific lamprey,absent,,absent,0.0,0.0,WA5160
WA-006,Unnamed Blockage #3 (Diffusion Dam 4),WA,Coastal cutthroat trout,absent,,absent,0.0,0.0,WA5160
WA-006,Unnamed Blockage #3 (Diffusion Dam 4),WA,Chum salmon,absent,,absent,0.0,0.0,WA5160
WA-006,Unnamed Blockage #3 (Diffusion Dam 4),WA,Sockeye salmon,absent,,absent,0.0,0.0,WA5160
WA-006,Unnamed Blockage #3 (Diffusion Dam 4),WA,Pink salmon,absent,,absent,0.0,0.0,WA5160
WA-006,Unnamed Blockage #3 (Diffusion Dam 4),WA,Bull trout,present,upstream,present,0.798,0.346,WA5160
WA-006,Unnamed Blockage #3 (Diffusion Dam 4),WA,Redband trout,absent,,absent,0.0,0.0,WA5160
WA-007,Lower Currier Creek Fish Passage and Habitat Restoration,WA,Chinook salmon,present,downstream only,absent,0.0,152.158,WA10060
WA-007,Lower Currier Creek Fish Passage and Habitat Restoration,WA,Coho salmon,present,downstream only,absent,0.0,105.579,WA10060
WA-007,Lower Currier Creek Fish Passage and Habitat Restoration,WA,Steelhead,present,downstream only,absent,0.0,189.538,WA10060
WA-007,Lower Currier Creek Fish Passage and Habitat Restoration,WA,Pacific lamprey,absent,,absent,0.0,0.0,WA10060
WA-007,Lower Currier Creek Fish Passage and Habitat Restoration,WA,Coastal cutthroat trout,absent,,absent,0.0,0.0,WA10060
WA-007,Lower Currier Creek Fish Passage and Habitat Restoration,WA,Chum salmon,absent,,absent,0.0,0.0,WA10060
WA-007,Lower Currier Creek Fish Passage and Habitat Restoration,WA,Sockeye salmon,absent,,absent,0.0,0.0,WA10060
WA-007,Lower Currier Creek Fish Passage and Habitat Restoration,WA,Pink salmon,absent,,absent,0.0,0.0,WA10060
WA-007,Lower Currier Creek Fish Passage and Habitat Restoration,WA,Bull trout,present,downstream only,absent,0.0,174.489,WA10060
WA-007,Lower Currier Creek Fish Passage and Habitat Restoration,WA,Redband trout,absent,,absent,0.0,0.0,WA10060
WA-008,Chico Creek Instream Habitat Restoration,WA,Chinook salmon,present,downstream only,absent,0.0,0.505,WA10061
WA-008,Chico Creek Instream Habitat Restoration,WA,Coho salmon,present,upstream,present,6.146,3.731,WA10061
WA-008,Chico Creek Instream Habitat Restoration,WA,Steelhead,present,upstream,present,4.865,3.555,WA10061
WA-008,Chico Creek Instream Habitat Restoration,WA,Pacific lamprey,absent,,absent,0.0,0.0,WA10061
WA-008,Chico Creek Instream Habitat Restoration,WA,Coastal cutthroat trout,present,upstream,present,6.318,3.731,WA10061
WA-008,Chico Creek Instream Habitat Restoration,WA,Chum salmon,present,upstream,present,4.865,3.555,WA10061
WA-008,Chico Creek Instream Habitat Restoration,WA,Sockeye salmon,absent,,absent,0.0,0.0,WA10061
WA-008,Chico Creek Instream Habitat Restoration,WA,Pink salmon,absent,,absent,0.0,0.0,WA10061
WA-008,Chico Creek Instream Habitat Restoration,WA,Bull trout,absent,,absent,0.0,0.0,WA10061
WA-008,Chico Creek Instream Habitat Restoration,WA,Redband trout,absent,,absent,0.0,0.0,WA10061
WA-009,Satus Dam,WA,Chinook salmon,unlinked,,present,,,
WA-009,Satus Dam,WA,Coho salmon,unlinked,,present,,,
WA-009,Satus Dam,WA,Steelhead,unlinked,,present,,,
WA-009,Satus Dam,WA,Pacific lamprey,unlinked,,present,,,
WA-009,Satus Dam,WA,Coastal cutthroat trout,unlinked,,absent,,,
WA-009,Satus Dam,WA,Chum salmon,unlinked,,absent,,,
WA-009,Satus Dam,WA,Sockeye salmon,unlinked,,absent,,,
WA-009,Satus Dam,WA,Pink salmon,unlinked,,absent,,,
WA-009,Satus Dam,WA,Bull trout,unlinked,,absent,,,
WA-009,Satus Dam,WA,Redband trout,unlinked,,absent,,,
WA-010,Bruton Dam,WA,Chinook salmon,present,upstream,present,0.737,154.134,WA1614
WA-010,Bruton Dam,WA,Coho salmon,present,downstream only,absent,0.0,105.579,WA1614
WA-010,Bruton Dam,WA,Steelhead,present,upstream,present,0.737,207.694,WA1614
WA-010,Bruton Dam,WA,Pacific lamprey,absent,,absent,0.0,0.0,WA1614
WA-010,Bruton Dam,WA,Coastal cutthroat trout,absent,,absent,0.0,0.0,WA1614
WA-010,Bruton Dam,WA,Chum salmon,absent,,absent,0.0,0.0,WA1614
WA-010,Bruton Dam,WA,Sockeye salmon,absent,,absent,0.0,0.0,WA1614
WA-010,Bruton Dam,WA,Pink salmon,absent,,absent,0.0,0.0,WA1614
WA-010,Bruton Dam,WA,Bull trout,present,downstream only,absent,0.0,192.985,WA1614
WA-010,Bruton Dam,WA,Redband trout,absent,,absent,0.0,0.0,WA1614
WA-011,Hemlock Dam,WA,Chinook salmon,present,upstream,present,0.086,51.416,WA10062
WA-011,Hemlock Dam,WA,Coho salmon,present,upstream,present,0.4,102.424,WA10062
WA-011,Hemlock Dam,WA,Steelhead,present,upstream,present,26.816,136.99,WA10062
WA-011,Hemlock Dam,WA,Pacific lamprey,present,downstream only,absent,0.0,4.623,WA10062
WA-011,Hemlock Dam,WA,Coastal cutthroat trout,present,downstream only,absent,0.0,61.161,WA10062
WA-011,Hemlock Dam,WA,Chum salmon,present,downstream only,absent,0.0,0.516,WA10062
WA-011,Hemlock Dam,WA,Sockeye salmon,present,downstream only,absent,0.0,0.052,WA10062
WA-011,Hemlock Dam,WA,Pink salmon,present,downstream only,absent,0.0,0.052,WA10062
WA-011,Hemlock Dam,WA,Bull trout,present,downstream only,absent,0.0,5.758,WA10062
WA-011,Hemlock Dam,WA,Redband trout,present,downstream only,absent,0.0,17.506,WA10062
WA-013,Elwha Dam,WA,Chinook salmon,present,downstream only,present,0.0,1.33,WA10063
WA-013,Elwha Dam,WA,Coho salmon,present,downstream only,present,0.0,1.33,WA10063
WA-013,Elwha Dam,WA,Steelhead,present,upstream,present,8.398,1.607,WA10063
WA-013,Elwha Dam,WA,Pacific lamprey,absent,,present,0.0,0.0,WA10063
WA-013,Elwha Dam,WA,Coastal cutthroat trout,present,upstream,present,23.305,1.587,WA10063
WA-013,Elwha Dam,WA,Chum salmon,absent,,absent,0.0,0.0,WA10063
WA-013,Elwha Dam,WA,Sockeye salmon,present,downstream only,present,0.0,1.33,WA10063
WA-013,Elwha Dam,WA,Pink salmon,present,downstream only,present,0.0,1.33,WA10063
WA-013,Elwha Dam,WA,Bull trout,present,upstream,present,20.411,1.607,WA10063
WA-013,Elwha Dam,WA,Redband trout,absent,,absent,0.0,0.0,WA10063
WA-014,Glines Canyon Dam,WA,Chinook salmon,absent,,absent,0.0,0.0,WA10064
WA-014,Glines Canyon Dam,WA,Coho salmon,absent,,absent,0.0,0.0,WA10064
WA-014,Glines Canyon Dam,WA,Steelhead,present,upstream,present,3.487,0.978,WA10064
WA-014,Glines Canyon Dam,WA,Pacific lamprey,absent,,present,0.0,0.0,WA10064
WA-014,Glines Canyon Dam,WA,Coastal cutthroat trout,present,upstream,absent,5.481,0.949,WA10064
WA-014,Glines Canyon Dam,WA,Chum salmon,absent,,absent,0.0,0.0,WA10064
WA-014,Glines Canyon Dam,WA,Sockeye salmon,absent,,absent,0.0,0.0,WA10064
WA-014,Glines Canyon Dam,WA,Pink salmon,absent,,absent,0.0,0.0,WA10064
WA-014,Glines Canyon Dam,WA,Bull trout,present,upstream,present,4.437,0.978,WA10064
WA-014,Glines Canyon Dam,WA,Redband trout,absent,,absent,0.0,0.0,WA10064
WA-015,Martha Creek Dam,WA,Chinook salmon,present,downstream only,absent,0.0,61.235,WA10065
WA-015,Martha Creek Dam,WA,Coho salmon,present,downstream only,present,0.0,119.601,WA10065
WA-015,Martha Creek Dam,WA,Steelhead,present,upstream,present,0.535,183.459,WA10065
WA-015,Martha Creek Dam,WA,Pacific lamprey,present,downstream only,absent,0.0,14.395,WA10065
WA-015,Martha Creek Dam,WA,Coastal cutthroat trout,present,downstream only,absent,0.0,113.148,WA10065
WA-015,Martha Creek Dam,WA,Chum salmon,present,downstream only,absent,0.0,0.516,WA10065
WA-015,Martha Creek Dam,WA,Sockeye salmon,present,downstream only,absent,0.0,0.052,WA10065
WA-015,Martha Creek Dam,WA,Pink salmon,present,downstream only,absent,0.0,0.052,WA10065
WA-015,Martha Creek Dam,WA,Bull trout,present,downstream only,absent,0.0,17.792,WA10065
WA-015,Martha Creek Dam,WA,Redband trout,present,downstream only,absent,0.0,37.687,WA10065
WA-016,White River Mill Pond Dam,WA,Chinook salmon,present,downstream only,absent,0.0,0.211,WA684
WA-016,White River Mill Pond Dam,WA,Coho salmon,present,downstream only,absent,0.0,0.211,WA684
WA-016,White River Mill Pond Dam,WA,Steelhead,present,downstream only,absent,0.0,0.211,WA684
WA-016,White River Mill Pond Dam,WA,Pacific lamprey,absent,,absent,0.0,0.0,WA684
WA-016,White River Mill Pond Dam,WA,Coastal cutthroat trout,absent,,absent,0.0,0.0,WA684
WA-016,White River Mill Pond Dam,WA,Chum salmon,absent,,absent,0.0,0.0,WA684
WA-016,White River Mill Pond Dam,WA,Sockeye salmon,present,downstream only,absent,0.0,0.211,WA684
WA-016,White River Mill Pond Dam,WA,Pink salmon,present,downstream only,absent,0.0,0.211,WA684
WA-016,White River Mill Pond Dam,WA,Bull trout,absent,,absent,0.0,0.0,WA684
WA-016,White River Mill Pond Dam,WA,Redband trout,absent,,absent,0.0,0.0,WA684
WA-018,Hunters Dam,WA,Chinook salmon,absent,,absent,0.0,0.0,WA10066
WA-018,Hunters Dam,WA,Coho salmon,absent,,absent,0.0,0.0,WA10066
WA-018,Hunters Dam,WA,Steelhead,absent,,absent,0.0,0.0,WA10066
WA-018,Hunters Dam,WA,Pacific lamprey,absent,,absent,0.0,0.0,WA10066
WA-018,Hunters Dam,WA,Coastal cutthroat trout,absent,,absent,0.0,0.0,WA10066
WA-018,Hunters Dam,WA,Chum salmon,absent,,absent,0.0,0.0,WA10066
WA-018,Hunters Dam,WA,Sockeye salmon,absent,,absent,0.0,0.0,WA10066
WA-018,Hunters Dam,WA,Pink salmon,absent,,absent,0.0,0.0,WA10066
WA-018,Hunters Dam,WA,Bull trout,absent,,absent,0.0,0.0,WA10066
WA-018,Hunters Dam,WA,Redband trout,absent,,present,0.0,0.0,WA10066
WA-019,Mill Creek Settling Basin Dam,WA,Chinook salmon,present,downstream only,absent,0.0,542.072,WA1488
WA-019,Mill Creek Settling Basin Dam,WA,Coho salmon,present,upstream,present,0.155,1221.212,WA1488
WA-019,Mill Creek Settling Basin Dam,WA,Steelhead,present,downstream only,absent,0.0,844.045,WA1488
WA-019,Mill Creek Settling Basin Dam,WA,Pacific lamprey,absent,,absent,0.0,0.0,WA1488
WA-019,Mill Creek Settling Basin Dam,WA,Coastal cutthroat trout,present,downstream only,absent,0.0,1212.824,WA1488
WA-019,Mill Creek Settling Basin Dam,WA,Chum salmon,present,downstream only,absent,0.0,314.133,WA1488
WA-019,Mill Creek Settling Basin Dam,WA,Sockeye salmon,absent,,absent,0.0,0.0,WA1488
WA-019,Mill Creek Settling Basin Dam,WA,Pink salmon,absent,,absent,0.0,0.0,WA1488
WA-019,Mill Creek Settling Basin Dam,WA,Bull trout,present,downstream only,absent,0.0,215.129,WA1488
WA-019,Mill Creek Settling Basin Dam,WA,Redband trout,absent,,absent,0.0,0.0,WA1488
WA-022,Darrington Water Works Dam,WA,Chinook salmon,present,downstream only,absent,0.0,283.276,WA10067
WA-022,Darrington Water Works Dam,WA,Coho salmon,present,downstream only,absent,0.0,438.737,WA10067
WA-022,Darrington Water Works Dam,WA,Steelhead,present,downstream only,absent,0.0,348.249,WA10067
WA-022,Darrington Water Works Dam,WA,Pacific lamprey,absent,,absent,0.0,0.0,WA10067
WA-022,Darrington Water Works Dam,WA,Coastal cutthroat trout,present,downstream only,absent,0.0,429.871,WA10067
WA-022,Darrington Water Works Dam,WA,Chum salmon,present,downstream only,absent,0.0,236.887,WA10067
WA-022,Darrington Water Works Dam,WA,Sockeye salmon,present,downstream only,absent,0.0,221.537,WA10067
WA-022,Darrington Water Works Dam,WA,Pink salmon,present,downstream only,absent,0.0,243.692,WA10067
WA-022,Darrington Water Works Dam,WA,Bull trout,present,downstream only,absent,0.0,298.758,WA10067
WA-022,Darrington Water Works Dam,WA,Redband trout,absent,,absent,0.0,0.0,WA10067
WA-023,Sultan Mill Pond Dam,WA,Chinook salmon,present,upstream,present,0.146,263.483,WA10068
WA-023,Sultan Mill Pond Dam,WA,Coho salmon,present,upstream,present,3.052,388.594,WA10068
WA-023,Sultan Mill Pond Dam,WA,Steelhead,present,upstream,present,2.154,304.234,WA10068
WA-023,Sultan Mill Pond Dam,WA,Pacific lamprey,absent,,absent,0.0,0.0,WA10068
WA-023,Sultan Mill Pond Dam,WA,Coastal cutthroat trout,present,upstream,present,2.154,253.444,WA10068
WA-023,Sultan Mill Pond Dam,WA,Chum salmon,present,downstream only,absent,0.0,253.885,WA10068
WA-023,Sultan Mill Pond Dam,WA,Sockeye salmon,present,downstream only,absent,0.0,29.825,WA10068
WA-023,Sultan Mill Pond Dam,WA,Pink salmon,present,downstream only,absent,0.0,252.37,WA10068
WA-023,Sultan Mill Pond Dam,WA,Bull trout,present,upstream,present,3.052,413.398,WA10068
WA-023,Sultan Mill Pond Dam,WA,Redband trout,absent,,absent,0.0,0.0,WA10068
WA-024,Wind River Dam,WA,Chinook salmon,present,upstream,present,25.259,26.157,WA10602
WA-024,Wind River Dam,WA,Coho salmon,present,upstream,present,32.456,69.967,WA10602
WA-024,Wind River Dam,WA,Steelhead,present,upstream,present,46.477,90.513,WA10602
WA-024,Wind River Dam,WA,Pacific lamprey,present,downstream only,present,0.0,4.623,WA10602
WA-024,Wind River Dam,WA,Coastal cutthroat trout,present,downstream only,absent,0.0,61.161,WA10602
WA-024,Wind River Dam,WA,Chum salmon,present,downstream only,absent,0.0,0.516,WA10602
WA-024,Wind River Dam,WA,Sockeye salmon,present,downstream only,absent,0.0,0.052,WA10602
WA-024,Wind River Dam,WA,Pink salmon,present,downstream only,absent,0.0,0.052,WA10602
WA-024,Wind River Dam,WA,Bull trout,present,downstream only,absent,0.0,5.758,WA10602
WA-024,Wind River Dam,WA,Redband trout,present,downstream only,absent,0.0,17.506,WA10602
WA-025,Black Mud Waste Pond A Dam,WA,Chinook salmon,no network,,absent,-1.0,-1.0,WA10069
WA-025,Black Mud Waste Pond A Dam,WA,Coho salmon,no network,,absent,-1.0,-1.0,WA10069
WA-025,Black Mud Waste Pond A Dam,WA,Steelhead,no network,,absent,-1.0,-1.0,WA10069
WA-025,Black Mud Waste Pond A Dam,WA,Pacific lamprey,no network,,absent,-1.0,-1.0,WA10069
WA-025,Black Mud Waste Pond A Dam,WA,Coastal cutthroat trout,no network,,absent,-1.0,-1.0,WA10069
WA-025,Black Mud Waste Pond A Dam,WA,Chum salmon,no network,,absent,-1.0,-1.0,WA10069
WA-025,Black Mud Waste Pond A Dam,WA,Sockeye salmon,no network,,absent,-1.0,-1.0,WA10069
WA-025,Black Mud Waste Pond A Dam,WA,Pink salmon,no network,,absent,-1.0,-1.0,WA10069
WA-025,Black Mud Waste Pond A Dam,WA,Bull trout,no network,,absent,-1.0,-1.0,WA10069
WA-025,Black Mud Waste Pond A Dam,WA,Redband trout,no network,,absent,-1.0,-1.0,WA10069
WA-026,Black Mud Waste Pond B Dam,WA,Chinook salmon,no network,,absent,-1.0,-1.0,WA10069
WA-026,Black Mud Waste Pond B Dam,WA,Coho salmon,no network,,absent,-1.0,-1.0,WA10069
WA-026,Black Mud Waste Pond B Dam,WA,Steelhead,no network,,absent,-1.0,-1.0,WA10069
WA-026,Black Mud Waste Pond B Dam,WA,Pacific lamprey,no network,,absent,-1.0,-1.0,WA10069
WA-026,Black Mud Waste Pond B Dam,WA,Coastal cutthroat trout,no network,,absent,-1.0,-1.0,WA10069
WA-026,Black Mud Waste Pond B Dam,WA,Chum salmon,no network,,absent,-1.0,-1.0,WA10069
WA-026,Black Mud Waste Pond B Dam,WA,Sockeye salmon,no network,,absent,-1.0,-1.0,WA10069
WA-026,Black Mud Waste Pond B Dam,WA,Pink salmon,no network,,absent,-1.0,-1.0,WA10069
WA-026,Black Mud Waste Pond B Dam,WA,Bull trout,no network,,absent,-1.0,-1.0,WA10069
WA-026,Black Mud Waste Pond B Dam,WA,Redband trout,no network,,absent,-1.0,-1.0,WA10069
WA-027,Black Mud Waste Pond C Dam,WA,Chinook salmon,no network,,absent,-1.0,-1.0,WA10069
WA-027,Black Mud Waste Pond C Dam,WA,Coho salmon,no network,,absent,-1.0,-1.0,WA10069
WA-027,Black Mud Waste Pond C Dam,WA,Steelhead,no network,,absent,-1.0,-1.0,WA10069
WA-027,Black Mud Waste Pond C Dam,WA,Pacific lamprey,no network,,absent,-1.0,-1.0,WA10069
WA-027,Black Mud Waste Pond C Dam,WA,Coastal cutthroat trout,no network,,absent,-1.0,-1.0,WA10069
WA-027,Black Mud Waste Pond C Dam,WA,Chum salmon,no network,,absent,-1.0,-1.0,WA10069
WA-027,Black Mud Waste Pond C Dam,WA,Sockeye salmon,no network,,absent,-1.0,-1.0,WA10069
WA-027,Black Mud Waste Pond C Dam,WA,Pink salmon,no network,,absent,-1.0,-1.0,WA10069
WA-027,Black Mud Waste Pond C Dam,WA,Bull trout,no network,,absent,-1.0,-1.0,WA10069
WA-027,Black Mud Waste Pond C Dam,WA,Redband trout,no network,,absent,-1.0,-1.0,WA10069
WA-030,Growden Dam,WA,Chinook salmon,absent,,absent,0.0,0.0,WA10072
WA-030,Growden Dam,WA,Coho salmon,absent,,absent,0.0,0.0,WA10072
WA-030,Growden Dam,WA,Steelhead,absent,,absent,0.0,0.0,WA10072
WA-030,Growden Dam,WA,Pacific lamprey,absent,,absent,0.0,0.0,WA10072
WA-030,Growden Dam,WA,Coastal cutthroat trout,absent,,absent,0.0,0.0,WA10072
WA-030,Growden Dam,WA,Chum salmon,absent,,absent,0.0,0.0,WA10072
WA-030,Growden Dam,WA,Sockeye salmon,absent,,absent,0.0,0.0,WA10072
WA-030,Growden Dam,WA,Pink salmon,absent,,absent,0.0,0.0,WA10072
WA-030,Growden Dam,WA,Bull trout,absent,,absent,0.0,0.0,WA10072
WA-030,Growden Dam,WA,Redband trout,absent,,absent,0.0,0.0,WA10072
WA-031,Durham Dam,WA,Chinook salmon,present,downstream only,absent,0.0,161.111,WA10073
WA-031,Durham Dam,WA,Coho salmon,present,upstream,present,3.47,171.029,WA10073
WA-031,Durham Dam,WA,Steelhead,present,upstream,present,25.702,205.531,WA10073
WA-031,Durham Dam,WA,Pacific lamprey,absent,,present,0.0,0.0,WA10073
WA-031,Durham Dam,WA,Coastal cutthroat trout,absent,,absent,0.0,0.0,WA10073
WA-031,Durham Dam,WA,Chum salmon,absent,,absent,0.0,0.0,WA10073
WA-031,Durham Dam,WA,Sockeye salmon,absent,,absent,0.0,0.0,WA10073
WA-031,Durham Dam,WA,Pink salmon,absent,,absent,0.0,0.0,WA10073
WA-031,Durham Dam,WA,Bull trout,present,downstream only,absent,0.0,97.239,WA10073
WA-031,Durham Dam,WA,Redband trout,absent,,absent,0.0,0.0,WA10073
WA-032,Cedar Creek Dam,WA,Chinook salmon,absent,,absent,0.0,0.0,WA10074
WA-032,Cedar Creek Dam,WA,Coho salmon,absent,,absent,0.0,0.0,WA10074
WA-032,Cedar Creek Dam,WA,Steelhead,absent,,absent,0.0,0.0,WA10074
WA-032,Cedar Creek Dam,WA,Pacific lamprey,absent,,absent,0.0,0.0,WA10074
WA-032,Cedar Creek Dam,WA,Coastal cutthroat trout,absent,,absent,0.0,0.0,WA10074
WA-032,Cedar Creek Dam,WA,Chum salmon,absent,,absent,0.0,0.0,WA10074
WA-032,Cedar Creek Dam,WA,Sockeye salmon,absent,,absent,0.0,0.0,WA10074
WA-032,Cedar Creek Dam,WA,Pink salmon,absent,,absent,0.0,0.0,WA10074
WA-032,Cedar Creek Dam,WA,Bull trout,present,upstream,present,0.257,30.056,WA10074
WA-032,Cedar Creek Dam,WA,Redband trout,absent,,present,0.0,0.0,WA10074
WA-033,Reed Diversion Dam,WA,Chinook salmon,absent,,absent,0.0,0.0,WA1452
WA-033,Reed Diversion Dam,WA,Coho salmon,absent,,absent,0.0,0.0,WA1452
WA-033,Reed Diversion Dam,WA,Steelhead,absent,,absent,0.0,0.0,WA1452
WA-033,Reed Diversion Dam,WA,Pacific lamprey,absent,,absent,0.0,0.0,WA1452
WA-033,Reed Diversion Dam,WA,Coastal cutthroat trout,absent,,absent,0.0,0.0,WA1452
WA-033,Reed Diversion Dam,WA,Chum salmon,absent,,absent,0.0,0.0,WA1452
WA-033,Reed Diversion Dam,WA,Sockeye salmon,absent,,absent,0.0,0.0,WA1452
WA-033,Reed Diversion Dam,WA,Pink salmon,absent,,absent,0.0,0.0,WA1452
WA-033,Reed Diversion Dam,WA,Bull trout,absent,,absent,0.0,0.0,WA1452
WA-033,Reed Diversion Dam,WA,Redband trout,absent,,absent,0.0,0.0,WA1452
WA-034,Mill Pond Dam ,WA,Chinook salmon,absent,,absent,0.0,0.0,WA153
WA-034,Mill Pond Dam ,WA,Coho salmon,absent,,absent,0.0,0.0,WA153
WA-034,Mill Pond Dam ,WA,Steelhead,absent,,absent,0.0,0.0,WA153
WA-034,Mill Pond Dam ,WA,Pacific lamprey,absent,,absent,0.0,0.0,WA153
WA-034,Mill Pond Dam ,WA,Coastal cutthroat trout,absent,,absent,0.0,0.0,WA153
WA-034,Mill Pond Dam ,WA,Chum salmon,absent,,absent,0.0,0.0,WA153
WA-034,Mill Pond Dam ,WA,Sockeye salmon,absent,,absent,0.0,0.0,WA153
WA-034,Mill Pond Dam ,WA,Pink salmon,absent,,absent,0.0,0.0,WA153
WA-034,Mill Pond Dam ,WA,Bull trout,present,upstream,present,1.474,5.673,WA153
WA-034,Mill Pond Dam ,WA,Redband trout,absent,,present,0.0,0.0,WA153
WA-035,Condit Dam,WA,Chinook salmon,present,upstream,present,0.098,61.235,WA10075
WA-035,Condit Dam,WA,Coho salmon,present,upstream,present,0.098,119.601,WA10075
WA-035,Condit Dam,WA,Steelhead,present,upstream,present,0.098,183.459,WA10075
WA-035,Condit Dam,WA,Pacific lamprey,present,downstream only,present,0.0,14.395,WA10075
WA-035,Condit Dam,WA,Coastal cutthroat trout,present,upstream,present,17.974,97.867,WA10075
WA-035,Condit Dam,WA,Chum salmon,present,downstream only,absent,0.0,0.516,WA10075
WA-035,Condit Dam,WA,Sockeye salmon,present,downstream only,absent,0.0,0.052,WA10075
WA-035,Condit Dam,WA,Pink salmon,present,downstream only,absent,0.0,0.052,WA10075
WA-035,Condit Dam,WA,Bull trout,present,upstream,present,4.549,15.577,WA10075
WA-035,Condit Dam,WA,Redband trout,present,downstream only,absent,0.0,37.687,WA10075
WA-036,Middle Fork Nooksack River Dam,WA,Chinook salmon,present,upstream,present,0.003,1.177,WA3661
WA-036,Middle Fork Nooksack River Dam,WA,Coho salmon,present,upstream,present,0.003,1.177,WA3661
WA-036,Middle Fork Nooksack River Dam,WA,Steelhead,present,upstream,present,0.003,1.177,WA3661
WA-036,Middle Fork Nooksack River Dam,WA,Pacific lamprey,absent,,absent,0.0,0.0,WA3661
WA-036,Middle Fork Nooksack River Dam,WA,Coastal cutthroat trout,present,upstream,present,0.003,1.177,WA3661
WA-036,Middle Fork Nooksack River Dam,WA,Chum salmon,absent,,absent,0.0,0.0,WA3661
WA-036,Middle Fork Nooksack River Dam,WA,Sockeye salmon,present,downstream only,absent,0.0,0.681,WA3661
WA-036,Middle Fork Nooksack River Dam,WA,Pink salmon,present,upstream,present,0.003,1.177,WA3661
WA-036,Middle Fork Nooksack River Dam,WA,Bull trout,present,upstream,present,0.003,1.177,WA3661
WA-036,Middle Fork Nooksack River Dam,WA,Redband trout,absent,,absent,0.0,0.0,WA3661
WA-037,Pilchuck River Diversion Dam,WA,Chinook salmon,present,upstream,present,2.818,266.167,WA2673
WA-037,Pilchuck River Diversion Dam,WA,Coho salmon,present,upstream,present,8.743,396.385,WA2673
WA-037,Pilchuck River Diversion Dam,WA,Steelhead,present,upstream,present,4.581,308.65,WA2673
WA-037,Pilchuck River Diversion Dam,WA,Pacific lamprey,absent,,present,0.0,0.0,WA2673
WA-037,Pilchuck River Diversion Dam,WA,Coastal cutthroat trout,present,upstream,present,7.714,255.452,WA2673
WA-037,Pilchuck River Diversion Dam,WA,Chum salmon,present,upstream,present,2.496,256.293,WA2673
WA-037,Pilchuck River Diversion Dam,WA,Sockeye salmon,present,downstream only,absent,0.0,29.825,WA2673
WA-037,Pilchuck River Diversion Dam,WA,Pink salmon,present,upstream,present,0.67,254.778,WA2673
WA-037,Pilchuck River Diversion Dam,WA,Bull trout,present,upstream,present,8.743,421.434,WA2673
WA-037,Pilchuck River Diversion Dam,WA,Redband trout,absent,,absent,0.0,0.0,WA2673
WA-038,Nelson Dam,WA,Chinook salmon,unlinked,,present,,,
WA-038,Nelson Dam,WA,Coho salmon,unlinked,,present,,,
WA-038,Nelson Dam,WA,Steelhead,unlinked,,present,,,
WA-038,Nelson Dam,WA,Pacific lamprey,unlinked,,present,,,
WA-038,Nelson Dam,WA,Coastal cutthroat trout,unlinked,,absent,,,
WA-038,Nelson Dam,WA,Chum salmon,unlinked,,absent,,,
WA-038,Nelson Dam,WA,Sockeye salmon,unlinked,,absent,,,
WA-038,Nelson Dam,WA,Pink salmon,unlinked,,absent,,,
WA-038,Nelson Dam,WA,Bull trout,unlinked,,present,,,
WA-038,Nelson Dam,WA,Redband trout,unlinked,,absent,,,
WA-039,Beaver Creek Dam No. 1,WA,Chinook salmon,absent,,absent,0.0,0.0,WA2421
WA-039,Beaver Creek Dam No. 1,WA,Coho salmon,absent,,absent,0.0,0.0,WA2421
WA-039,Beaver Creek Dam No. 1,WA,Steelhead,absent,,absent,0.0,0.0,WA2421
WA-039,Beaver Creek Dam No. 1,WA,Pacific lamprey,absent,,absent,0.0,0.0,WA2421
WA-039,Beaver Creek Dam No. 1,WA,Coastal cutthroat trout,absent,,absent,0.0,0.0,WA2421
WA-039,Beaver Creek Dam No. 1,WA,Chum salmon,absent,,absent,0.0,0.0,WA2421
WA-039,Beaver Creek Dam No. 1,WA,Sockeye salmon,absent,,absent,0.0,0.0,WA2421
WA-039,Beaver Creek Dam No. 1,WA,Pink salmon,absent,,absent,0.0,0.0,WA2421
WA-039,Beaver Creek Dam No. 1,WA,Bull trout,present,upstream,absent,1.282,0.0,WA2421
WA-039,Beaver Creek Dam No. 1,WA,Redband trout,absent,,absent,0.0,0.0,WA2421
WA-040,Beaver Creek Dam No. 2,WA,Chinook salmon,absent,,absent,0.0,0.0,WA2420
WA-040,Beaver Creek Dam No. 2,WA,Coho salmon,absent,,absent,0.0,0.0,WA2420
WA-040,Beaver Creek Dam No. 2,WA,Steelhead,absent,,absent,0.0,0.0,WA2420
WA-040,Beaver Creek Dam No. 2,WA,Pacific lamprey,absent,,absent,0.0,0.0,WA2420
WA-040,Beaver Creek Dam No. 2,WA,Coastal cutthroat trout,absent,,absent,0.0,0.0,WA2420
WA-040,Beaver Creek Dam No. 2,WA,Chum salmon,absent,,absent,0.0,0.0,WA2420
WA-040,Beaver Creek Dam No. 2,WA,Sockeye salmon,absent,,absent,0.0,0.0,WA2420
WA-040,Beaver Creek Dam No. 2,WA,Pink salmon,absent,,absent,0.0,0.0,WA2420
WA-040,Beaver Creek Dam No. 2,WA,Bull trout,present,upstream,absent,1.282,0.0,WA2420
WA-040,Beaver Creek Dam No. 2,WA,Redband trout,absent,,absent,0.0,0.0,WA2420
WA-041,Spore Dam (Barrel Springs Dam),WA,Chinook salmon,absent,,absent,0.0,0.0,WA3574
WA-041,Spore Dam (Barrel Springs Dam),WA,Coho salmon,absent,,absent,0.0,0.0,WA3574
WA-041,Spore Dam (Barrel Springs Dam),WA,Steelhead,absent,,absent,0.0,0.0,WA3574
WA-041,Spore Dam (Barrel Springs Dam),WA,Pacific lamprey,absent,,absent,0.0,0.0,WA3574
WA-041,Spore Dam (Barrel Springs Dam),WA,Coastal cutthroat trout,absent,,absent,0.0,0.0,WA3574
WA-041,Spore Dam (Barrel Springs Dam),WA,Chum salmon,absent,,absent,0.0,0.0,WA3574
WA-041,Spore Dam (Barrel Springs Dam),WA,Sockeye salmon,absent,,absent,0.0,0.0,WA3574
WA-041,Spore Dam (Barrel Springs Dam),WA,Pink salmon,absent,,absent,0.0,0.0,WA3574
WA-041,Spore Dam (Barrel Springs Dam),WA,Bull trout,absent,,absent,0.0,0.0,WA3574
WA-041,Spore Dam (Barrel Springs Dam),WA,Redband trout,absent,,absent,0.0,0.0,WA3574
WA-042,Baird Creek Splash Dam,WA,Chinook salmon,absent,,absent,0.0,0.0,WA190014
WA-042,Baird Creek Splash Dam,WA,Coho salmon,present,upstream,present,2.031,0.655,WA190014
WA-042,Baird Creek Splash Dam,WA,Steelhead,present,upstream,present,2.371,0.655,WA190014
WA-042,Baird Creek Splash Dam,WA,Pacific lamprey,absent,,absent,0.0,0.0,WA190014
WA-042,Baird Creek Splash Dam,WA,Coastal cutthroat trout,present,upstream,present,0.499,0.608,WA190014
WA-042,Baird Creek Splash Dam,WA,Chum salmon,absent,,absent,0.0,0.0,WA190014
WA-042,Baird Creek Splash Dam,WA,Sockeye salmon,absent,,absent,0.0,0.0,WA190014
WA-042,Baird Creek Splash Dam,WA,Pink salmon,absent,,absent,0.0,0.0,WA190014
WA-042,Baird Creek Splash Dam,WA,Bull trout,absent,,absent,0.0,0.0,WA190014
WA-042,Baird Creek Splash Dam,WA,Redband trout,absent,,absent,0.0,0.0,WA190014
WA-043,Kwoneesum Dam,WA,Chinook salmon,absent,,absent,0.0,0.0,WA317
WA-043,Kwoneesum Dam,WA,Coho salmon,present,downstream only,present,0.0,5.332,WA317
WA-043,Kwoneesum Dam,WA,Steelhead,present,downstream only,present,0.0,5.683,WA317
WA-043,Kwoneesum Dam,WA,Pacific lamprey,absent,,absent,0.0,0.0,WA317
WA-043,Kwoneesum Dam,WA,Coastal cutthroat trout,present,upstream,present,2.003,6.764,WA317
WA-043,Kwoneesum Dam,WA,Chum salmon,absent,,absent,0.0,0.0,WA317
WA-043,Kwoneesum Dam,WA,Sockeye salmon,absent,,absent,0.0,0.0,WA317
WA-043,Kwoneesum Dam,WA,Pink salmon,absent,,absent,0.0,0.0,WA317
WA-043,Kwoneesum Dam,WA,Bull trout,absent,,absent,0.0,0.0,WA317
WA-043,Kwoneesum Dam,WA,Redband trout,absent,,absent,0.0,0.0,WA317
WA-044,Snyder Creek AOP #1 Dam,WA,Chinook salmon,present,downstream only,absent,0.0,37.424,WA936
WA-044,Snyder Creek AOP #1 Dam,WA,Coho salmon,present,upstream,present,2.647,35.961,WA936
WA-044,Snyder Creek AOP #1 Dam,WA,Steelhead,present,upstream,present,2.778,87.157,WA936
WA-044,Snyder Creek AOP #1 Dam,WA,Pacific lamprey,absent,,absent,0.0,0.0,WA936
WA-044,Snyder Creek AOP #1 Dam,WA,Coastal cutthroat trout,present,upstream,present,3.579,115.895,WA936
WA-044,Snyder Creek AOP #1 Dam,WA,Chum salmon,absent,,absent,0.0,0.0,WA936
WA-044,Snyder Creek AOP #1 Dam,WA,Sockeye salmon,absent,,absent,0.0,0.0,WA936
WA-044,Snyder Creek AOP #1 Dam,WA,Pink salmon,absent,,absent,0.0,0.0,WA936
WA-044,Snyder Creek AOP #1 Dam,WA,Bull trout,present,downstream only,absent,0.0,27.63,WA936
WA-044,Snyder Creek AOP #1 Dam,WA,Redband trout,absent,,absent,0.0,0.0,WA936
WA-045,Unnamed Dam,WA,Chinook salmon,absent,,absent,0.0,0.0,WA2117
WA-045,Unnamed Dam,WA,Coho salmon,present,downstream only,present,0.0,0.817,WA2117
WA-045,Unnamed Dam,WA,Steelhead,present,downstream only,present,0.0,0.383,WA2117
WA-045,Unnamed Dam,WA,Pacific lamprey,absent,,absent,0.0,0.0,WA2117
WA-045,Unnamed Dam,WA,Coastal cutthroat trout,present,downstream only,present,0.0,0.817,WA2117
WA-045,Unnamed Dam,WA,Chum salmon,present,downstream only,absent,0.0,0.498,WA2117
WA-045,Unnamed Dam,WA,Sockeye salmon,absent,,absent,0.0,0.0,WA2117
WA-045,Unnamed Dam,WA,Pink salmon,absent,,absent,0.0,0.0,WA2117
WA-045,Unnamed Dam,WA,Bull trout,absent,,absent,0.0,0.0,WA2117
WA-045,Unnamed Dam,WA,Redband trout,absent,,absent,0.0,0.0,WA2117
WA-046,Unnamed Dam,WA,Chinook salmon,absent,,absent,0.0,0.0,WA2116
WA-046,Unnamed Dam,WA,Coho salmon,present,downstream only,present,0.0,0.817,WA2116
WA-046,Unnamed Dam,WA,Steelhead,present,downstream only,absent,0.0,0.383,WA2116
WA-046,Unnamed Dam,WA,Pacific lamprey,absent,,absent,0.0,0.0,WA2116
WA-046,Unnamed Dam,WA,Coastal cutthroat trout,present,downstream only,present,0.0,0.817,WA2116
WA-046,Unnamed Dam,WA,Chum salmon,present,downstream only,absent,0.0,0.498,WA2116
WA-046,Unnamed Dam,WA,Sockeye salmon,absent,,absent,0.0,0.0,WA2116
WA-046,Unnamed Dam,WA,Pink salmon,absent,,absent,0.0,0.0,WA2116
WA-046,Unnamed Dam,WA,Bull trout,absent,,absent,0.0,0.0,WA2116
WA-046,Unnamed Dam,WA,Redband trout,absent,,absent,0.0,0.0,WA2116
